tree
version=v4
num_class=1
num_tree_per_iteration=1
label_index=0
max_feature_idx=10
objective=lambdarank
feature_names=枠番 馬番 斤量 人気 sex_code 年齢 体重 体重増減 distance track_type_code condition_code
feature_infos=[1:8] [1:16] [52:58] [1:16] [1:3] [3:8] [372:574] [-14:34] [1400:2100] [1:2] none
tree_sizes=1678 1667 1668 1673 1671 1672 1678 1674 1681 1671 1674 1686 1689 1687 1695 1690 1686 1690 1680 1692 1705 1697 1694 1689 1699 1692 1709 1698 1709 1706 1711 1695 1703 1709 1711 1706 1707 1699 1706 1700 1714 1709 1714 1721 1708 1719 1716 1720 1704 1713 1704 1704 1717 1712 1720 1715 1729 1724 1721 1718 1723 1714 1724 1723 1729 1732 1720 1713 1722 1721 1730 1726 1731 1726 1740 1725 1723 1716 1715 1716 1743 1737 1744 1735 1734 1749 1752 1744 1736 1735 1727 1732 1733 1735 1729 1736 1738 1731 1735 1734

Tree=0
num_leaves=15
num_cat=0
split_feature=3 3 5 7 0 2 6 0 1 3 3 5 1 7
split_gain=37.7177 3.59741 1.44191 1.24716 1.09151 0.928923 1.35387 0.615275 0.5462 0.519287 0.503164 0.886636 0.445045 0.64154
threshold=6.5000000000000009 3.5000000000000004 4.5000000000000009 13.000000000000002 1.5000000000000002 55.500000000000007 453.00000000000006 1.5000000000000002 12.500000000000002 1.5000000000000002 2.5000000000000004 3.5000000000000004 13.500000000000002 11.000000000000002
decision_type=2 2 2 2 2 2 2 2 2 2 2 2 2 2
left_child=1 5 4 -4 -3 6 9 -7 10 -1 -9 -12 13 -6
right_child=-2 2 3 -5 12 7 -8 8 -10 -11 11 -13 -14 -15
leaf_value=0.091133654695438868 -0.081230678890260977 -0.033694841260306634 -0.091761013104921296 0.043825885861730147 0.014051712472599474 0.098753350840862494 -0.017684077951224411 0.066626489659688426 0.097123552726696219 0.041179575189742149 0.079521948969978648 -0.037106965671998171 0.05994455723176452 0.08819114139948464
leaf_weight=0.95019164681434887 8.8705153060145658 0.62978953868150611 0.51340877078473557 0.25326476618647575 2.0839878749102363 2.3877565562725067 0.67355473805218924 2.3958976268768315 1.09876437112689 1.1497367843985555 0.30482629686593998 0.35013595130294561 1.3873137701302765 0.3392919823527335
leaf_count=4 201 5 14 2 36 5 8 26 8 9 4 8 13 2
internal_value=-7.41146e-10 0.0496323 0.0163501 -0.0469709 0.0272831 0.0682452 0.0439984 0.0785319 0.0668962 0.0637832 0.0560098 0.0171734 0.0373611 0.0244322
internal_weight=23.3884 14.5179 5.20706 0.766674 4.44038 9.31086 2.77348 6.53738 4.14962 2.09993 3.05086 0.654962 3.81059 2.42328
internal_count=345 144 72 16 56 72 21 51 46 13 38 12 51 38
is_linear=0
shrinkage=0.05


Tree=1
num_leaves=15
num_cat=0
split_feature=3 3 6 0 5 7 6 6 6 9 7 5 3 1
split_gain=48.2135 7.59403 5.54111 6.97439 4.14951 3.76624 5.71618 3.6359 3.09095 3.54328 3.02037 2.91646 5.27015 1.75512
threshold=6.5000000000000009 3.5000000000000004 525.00000000000011 1.5000000000000002 4.5000000000000009 5.0000000000000009 483.00000000000006 479.00000000000006 453.00000000000006 1.5000000000000002 9.0000000000000018 3.5000000000000004 1.5000000000000002 13.500000000000002
decision_type=2 2 2 2 2 2 2 2 2 2 2 2 2 2
left_child=1 2 3 -1 10 6 7 11 -7 -10 13 12 -5 -3
right_child=-2 4 -4 5 -6 8 -8 -9 9 -11 -12 -13 -14 -15
leaf_value=0.07526981184076853 -0.067157116149020535 -0.018311144657951188 0.08712870871271465 -0.065494790065619451 -0.068530244614204469 0.089531083400985256 -0.050794947116475843 0.069227928036357217 0.058379791613764734 -0.027026458444396426 0.056107594957535006 0.043931112800792371 0.026296069681085662 0.022444032709936432
leaf_weight=6.6999912708997753 19.432447995990515 7.5824614912271517 4.9704144001007071 2.8163778185844475 2.1075965985655776 2.6900623440742484 3.6964223384857169 2.8837480545043936 2.9383720085024834 2.069883406162262 2.5359591245651236 3.2172982096672058 3.5158408433198929 4.0541168302297592
leaf_count=10 201 41 5 5 16 3 15 5 6 9 4 6 8 11
internal_value=5.36213e-11 0.025204 0.0381715 0.0302005 -0.00307125 0.0175279 0.0037949 0.0200245 0.0463016 0.0230819 0.00666315 0.00516615 -0.0145297 -0.00411228
internal_weight=71.211 51.7785 35.4984 30.528 16.2801 23.828 16.1297 12.4333 7.69832 5.00826 14.1725 9.54952 6.33222 11.6366
internal_count=345 144 72 67 72 57 39 24 18 15 56 19 13 52
is_linear=0
shrinkage=0.05


Tree=2
num_leaves=15
num_cat=0
split_feature=3 3 1 2 4 6 0 1 0 6 3 6 6 8
split_gain=38.6223 7.86545 3.36465 3.98619 2.9988 3.43137 2.60094 2.75463 2.8892 2.29184 2.19382 3.62849 1.85566 1.76945
threshold=6.5000000000000009 3.5000000000000004 13.500000000000002 56.500000000000007 1.5000000000000002 461.00000000000006 1.5000000000000002 6.5000000000000009 4.5000000000000009 443.00000000000006 2.5000000000000004 453.00000000000006 459.00000000000006 1900.0000000000002
decision_type=2 2 2 2 2 2 2 2 2 2 2 2 2 2
left_child=1 4 12 -4 6 9 -1 8 -8 -6 -9 -12 -3 -14
right_child=-2 2 3 -5 5 -7 7 10 -10 -11 11 -13 13 -15
leaf_value=0.091038615200689232 -0.057275535804590175 -0.065420044662479901 0.064643824192057858 -0.022757896415817332 0.0046259405066733433 -0.035217590759527025 -0.027877520272940954 0.069139706727956704 0.048265298887775372 0.06857838500100763 0.094601062750493708 -0.025361328215014058 0.0013876955499013983 -0.058856025866226229
leaf_weight=3.564655661582953 20.159095302224159 1.7869707420468319 3.2527933195233336 2.1780558377504349 2.7556366994976988 2.3154367804527283 2.3227426260709789 9.0142596811056119 2.6870833337306976 2.8495624586939812 0.98701095581054632 1.7443402558565138 6.8791720643639547 1.4813235402107237
leaf_count=4 201 13 8 8 8 9 11 17 6 7 1 9 34 9
internal_value=1.22769e-09 0.0263498 -0.00217208 0.0295911 0.0420832 0.0159863 0.0522556 0.0440047 0.0129626 0.037138 0.0572449 0.0179887 -0.0191715 -0.00928637
internal_weight=63.9781 43.819 15.5783 5.43085 28.2407 7.92064 20.3201 16.7554 5.00983 5.6052 11.7456 2.73135 10.1475 8.3605
internal_count=345 144 72 16 72 24 48 44 17 15 27 10 56 43
is_linear=0
shrinkage=0.05


Tree=3
num_leaves=15
num_cat=0
split_feature=3 3 1 6 2 1 2 8 2 1 8 7 4 7
split_gain=35.2963 4.22711 4.31772 2.60913 1.82992 1.65353 2.58128 1.77945 2.82115 1.99336 3.11115 1.7874 1.42581 1.41139
threshold=6.5000000000000009 3.5000000000000004 13.500000000000002 525.00000000000011 56.500000000000007 3.5000000000000004 55.500000000000007 1500.0000000000002 55.500000000000007 6.5000000000000009 1900.0000000000002 1.0000000180025095e-35 2.5000000000000004 6.5000000000000009
decision_type=2 2 2 2 2 2 2 2 2 2 2 2 2 2
left_child=1 3 13 5 -4 6 -1 11 -9 10 -10 -7 -2 -3
right_child=12 2 4 -5 -6 7 -8 8 9 -11 -12 -13 -14 -15
leaf_value=0.013789099689410167 -0.057271258428806517 -0.024637091411306569 0.06202691354267581 0.078931493598642447 0.00085491983189926149 0.002724870475129365 0.077666718418751779 -0.050473650902142814 -0.059460261279208532 0.042855041845157503 0.043167749465221242 0.06447717163950506 -0.006797585378151956 0.027269068077447035
leaf_weight=2.5306491032242837 18.850902665406469 7.3943067714571935 3.5642711594700804 3.6374703347682944 1.860817991197109 1.6672089248895634 4.2168827056884766 1.5767500549554805 1.5131978839635851 4.7825772538781166 1.4423535019159315 3.9435667842626572 1.5113489106297482 1.5915143117308614
leaf_count=9 190 48 8 5 8 7 8 9 6 14 5 9 11 8
internal_value=3.22496e-10 0.0274382 0.00582173 0.0397458 0.0410448 0.0331691 0.0537095 0.0238833 0.0104844 0.0229055 -0.00937625 0.0461278 -0.0535249 -0.0154438
internal_weight=60.0838 39.7216 14.4109 25.3107 5.42509 21.6732 6.74753 14.9257 9.31488 7.73813 2.95555 5.61078 20.3623 8.98582
internal_count=345 144 72 72 16 67 17 50 34 25 11 16 201 56
is_linear=0
shrinkage=0.05


Tree=4
num_leaves=15
num_cat=0
split_feature=3 3 6 1 3 1 6 4 6 6 1 0 6 1
split_gain=30.9064 3.32349 3.02478 2.51026 2.85877 2.7785 2.75528 1.95679 1.75011 3.09029 1.34915 1.28922 1.56558 1.24634
threshold=6.5000000000000009 1.5000000000000002 435.00000000000006 13.500000000000002 4.5000000000000009 10.500000000000002 511.00000000000006 1.5000000000000002 501.00000000000006 523.00000000000011 3.5000000000000004 5.5000000000000009 485.00000000000006 7.5000000000000009
decision_type=2 2 2 2 2 2 2 2 2 2 2 2 2 2
left_child=1 -1 -3 4 5 8 10 -7 11 -10 -6 12 -4 -2
right_child=13 2 3 -5 6 7 -8 -9 9 -11 -12 -13 -14 -15
leaf_value=0.050733396772647758 -0.067305380446207 -0.08186313781774486 0.04218923633307909 0.04695767521935279 0.0047920083827635573 -0.085530351392224091 0.033003302412357903 0.019738133207749805 -0.058202856438421317 0.053348320810964522 -0.061281575530286771 0.076346132297815741 -0.014283438172929023 -0.041258667344377199
leaf_weight=10.23576410114765 7.5679418109357384 0.74764044955373066 6.5856977403163963 6.5561150312423697 1.0727965459227555 0.9301534816622723 1.7447229847311971 0.84023844450712204 1.3313602060079568 1.1633776873350141 2.7607733532786369 2.0167190581560126 1.508349824696779 11.682369843125342
leaf_count=24 85 6 21 20 7 6 8 5 10 3 21 4 9 116
internal_value=4.32167e-10 0.0264408 0.0173185 0.0201156 0.0112964 0.0230854 -0.0190851 -0.0355693 0.0313232 -0.0061829 -0.0427914 0.0405775 0.0316654 -0.0514985
internal_weight=56.744 37.4937 27.2579 26.5103 19.9542 14.3759 5.57829 1.77039 12.6055 2.49474 3.83357 10.1108 8.09405 19.2503
internal_count=345 144 120 114 94 58 36 11 47 13 28 34 30 201
is_linear=0
shrinkage=0.05


Tree=5
num_leaves=15
num_cat=0
split_feature=3 3 5 6 0 0 6 8 6 5 8 7 0 1
split_gain=28.6288 2.33856 3.55857 2.1649 1.7092 1.54509 2.33903 1.86125 1.36088 1.38358 2.50402 3.02443 2.15605 1.27391
threshold=6.5000000000000009 3.5000000000000004 4.5000000000000009 525.00000000000011 1.5000000000000002 4.5000000000000009 513.00000000000011 1500.0000000000002 499.00000000000006 3.5000000000000004 1500.0000000000002 1.0000000180025095e-35 6.5000000000000009 7.5000000000000009
decision_type=2 2 2 2 2 2 2 2 2 2 2 2 2 2
left_child=1 3 5 4 -1 6 -3 -7 9 10 -6 12 -12 -2
right_child=13 2 -4 -5 8 7 -8 -9 -10 -11 11 -13 -14 -15
leaf_value=0.055562511437315068 -0.070086170461387765 -0.035815118071372685 -0.057648613678029328 0.072062994943610598 0.044666212719029812 -0.0085324598761987898 0.053835176658446039 0.046047466743352153 -0.023514469763970036 0.042250643147797876 -0.029225208682601034 -0.07887063528320741 0.059691185533832007 -0.042144718226971689
leaf_weight=4.5457419008016648 6.4668637104332474 2.4301748275756823 1.7577474676072586 3.3664335161447516 3.0237418413162214 2.1514238342642784 1.0384720787405965 5.7012227661907673 1.5670991763472546 6.5405322089791298 1.3962885402143004 1.2838855460286138 1.3322781324386594 11.04875824972987
leaf_count=10 85 21 16 5 9 13 4 18 11 19 7 7 4 116
internal_value=1.1522e-10 0.0254292 0.00854096 0.0350094 0.0286742 0.0188176 -0.00897487 0.031094 0.020603 0.0256953 0.0103062 -0.0155871 0.01419 -0.0524609
internal_weight=53.6507 36.135 13.079 23.056 19.6896 11.3213 3.46865 7.85265 15.1438 13.5767 7.03619 4.01245 2.72857 17.5156
internal_count=345 144 72 72 67 56 25 31 57 46 27 18 11 201
is_linear=0
shrinkage=0.05


Tree=6
num_leaves=15
num_cat=0
split_feature=3 3 6 6 7 7 6 0 9 5 6 7 1 6
split_gain=25.4898 2.26517 4.81336 2.40761 2.31554 4.08083 2.2059 2.19676 1.34764 2.08772 1.61227 1.28934 1.23618 1.0958
threshold=6.5000000000000009 2.5000000000000004 465.00000000000006 459.00000000000006 9.0000000000000018 1.0000000180025095e-35 525.00000000000011 6.5000000000000009 1.5000000000000002 4.5000000000000009 493.00000000000006 2.5000000000000004 3.5000000000000004 483.00000000000006
decision_type=2 2 2 2 2 2 2 2 2 2 2 2 2 2
left_child=1 6 3 4 5 7 -1 -3 12 10 11 -10 -4 -2
right_child=13 2 8 -5 -6 -7 -8 -9 9 -11 -12 -13 -14 -15
leaf_value=0.029981488588737476 -0.040526386348180773 -0.016029061187881624 0.011778606285396093 0.083759901353765875 0.082571463672971343 -0.082128939120100372 0.078073517728935782 0.059123817120264301 -0.086991185612614985 -0.076540725883294969 0.032225585264624358 0.0028210929555865425 -0.057758406535438581 -0.067077177753649228
leaf_weight=12.96946971863508 11.116717226803305 1.5660645104944722 0.88541340082883691 2.2821112126111984 1.3390442728996275 0.99574285745620716 2.9215139746665946 2.5649337880313396 0.58108044043183316 0.74987955018877972 3.5526860505342484 1.2795796692371366 2.2977174855768681 5.9747297987341872
leaf_count=44 125 12 5 4 2 8 4 7 7 9 18 8 16 76
internal_value=1.75785e-10 0.0250488 0.0129517 0.0396076 0.0240239 0.00873202 0.0388231 0.0306333 -0.0119974 0.00164719 0.0124781 -0.0252271 -0.0384161 -0.0498079
internal_weight=51.0767 33.9852 18.0943 8.7479 6.46579 5.12674 15.891 4.131 9.34636 6.16323 5.41335 1.86066 3.18313 17.0914
internal_count=345 144 96 33 29 27 48 19 63 42 33 15 21 201
is_linear=0
shrinkage=0.05


Tree=7
num_leaves=15
num_cat=0
split_feature=3 7 6 6 0 8 6 6 1 1 7 5 5 6
split_gain=22.755 1.8759 2.8164 1.43418 1.49388 1.50557 1.32116 1.56713 1.67984 3.51444 1.88105 2.22734 1.52478 3.14622
threshold=6.5000000000000009 9.0000000000000018 449.00000000000006 459.00000000000006 1.5000000000000002 1500.0000000000002 513.00000000000011 465.00000000000006 6.5000000000000009 3.5000000000000004 1.0000000180025095e-35 3.5000000000000004 3.5000000000000004 459.00000000000006
decision_type=2 2 2 2 2 2 2 2 2 2 2 2 2 2
left_child=1 2 -1 -3 -5 -6 7 12 9 -9 11 -10 -4 -14
right_child=-2 3 6 4 5 -7 -8 8 10 -11 -12 -13 13 -15
leaf_value=-0.031031227313359069 -0.049545767047217006 0.081968347296163563 0.058208689653373419 0.070099874415340033 0.057880856236447745 -0.020530447273289093 0.046223991085768155 0.02153068764779174 0.029097068498699419 -0.057946775373151009 0.045071174798834976 -0.054701918675342881 -0.046444661201106449 0.065158766053574471
leaf_weight=2.6691638156771686 15.729341335594652 2.0844590663909903 3.7153387740254464 1.5533747673034666 0.96770829707384143 1.6663369908928869 4.9170413315296164 3.186222989112137 1.9216384589672091 2.4685967937111855 4.2052590847015381 1.3500468656420705 1.2975895367562773 1.2302126139402387
leaf_count=18 201 3 11 3 3 10 16 16 9 20 15 9 8 3
internal_value=-3.19735e-10 0.0234503 0.0177207 0.04808 0.0312107 0.00827668 0.0230775 0.0172033 0.00739841 -0.013165 0.0229505 -0.00548222 0.0378268 0.00786969
internal_weight=48.9623 33.233 26.9611 6.27188 4.18742 2.63405 24.2919 19.3749 13.1318 5.65482 7.47694 3.27169 6.24314 2.5278
internal_count=345 144 125 19 16 13 107 91 69 36 33 18 22 11
is_linear=0
shrinkage=0.05


Tree=8
num_leaves=15
num_cat=0
split_feature=3 3 5 6 1 0 6 1 7 2 5 3 1 0
split_gain=20.4263 1.61767 2.24205 1.47162 1.47587 2.7119 1.61029 1.18405 1.76907 1.48399 1.46816 1.11127 1.00868 2.15099
threshold=6.5000000000000009 3.5000000000000004 4.5000000000000009 525.00000000000011 11.500000000000002 7.5000000000000009 489.00000000000006 13.500000000000002 -4.9999999999999991 56.500000000000007 3.5000000000000004 4.5000000000000009 7.5000000000000009 5.5000000000000009
decision_type=2 2 2 2 2 2 2 2 2 2 2 2 2 2
left_child=1 3 7 4 6 -6 -1 8 -3 -9 11 -10 -2 -14
right_child=12 2 -4 -5 5 -7 -8 9 10 -11 -12 -13 13 -15
leaf_value=0.041651268556762162 -0.063749681061085681 0.047893537542140513 -0.050009516911765001 0.065169386324649872 -0.053203521871649943 0.036242505317234275 -0.0003013898730858528 0.062932244167572579 0.002865301237526006 -0.0028797220306648417 0.024867760724912598 -0.061630685483854003 -0.0072323141047153892 -0.055007377151810824
leaf_weight=11.403029471635827 5.5751207806169978 1.5855343565344799 1.4583450891077507 2.7984365969896308 1.5178295448422423 1.9185100272297859 2.8612303249537936 2.3332934826612473 1.1182902827858918 1.3534084260463717 1.5679786056280134 1.6581904403865335 3.7498394697904569 6.3383295573294163
leaf_count=35 85 7 16 5 8 7 17 6 8 7 11 17 37 79
internal_value=-7.41807e-10 0.0231578 0.00776057 0.0314765 0.0261497 -0.00326576 0.0332361 0.0165212 0.00268766 0.0387723 -0.0138105 -0.0356535 -0.0466816 -0.0372491
internal_weight=47.2374 31.5741 11.075 20.499 17.7006 3.43634 14.2643 9.6167 5.92999 3.6867 4.34446 2.77648 15.6633 10.0882
internal_count=345 144 72 72 67 15 52 56 43 13 36 25 201 116
is_linear=0
shrinkage=0.05


Tree=9
num_leaves=15
num_cat=0
split_feature=3 3 5 6 1 7 8 2 0 6 2 0 8 7
split_gain=19.643 1.77717 1.37137 1.22868 1.08433 1.44676 1.42395 1.23706 1.0111 1.04073 1.25062 1.14358 1.56092 1.40215
threshold=6.5000000000000009 3.5000000000000004 4.5000000000000009 525.00000000000011 13.500000000000002 -4.9999999999999991 1500.0000000000002 56.500000000000007 1.5000000000000002 461.00000000000006 56.500000000000007 7.5000000000000009 1900.0000000000002 1.0000000180025095e-35
decision_type=2 2 2 2 2 2 2 2 2 2 2 2 2 2
left_child=1 3 4 8 5 -3 -7 -6 -1 -10 -11 12 13 -12
right_child=-2 2 -4 -5 7 6 -8 -9 9 10 11 -13 -14 -15
leaf_value=0.048171564378952619 -0.049361419685869642 0.040696747723647217 -0.039042794397862145 0.06269758232704313 0.057438119472590379 0.014950317369568393 -0.04244465581742897 -0.0034410962243258802 0.039340995957566904 -0.041970664928989376 -0.05012980225773455 0.058754756420820967 0.043272775490950682 0.01059036686148182
leaf_weight=4.0321631133556464 13.89106999710202 1.589727047830819 1.4590638801455487 2.6749137789010993 2.24234888702631 2.0659519471228114 2.2658910602331161 1.328987702727318 4.4134597033262244 1.0378496497869472 1.4212567582726476 1.3254547417163847 2.0788141414523125 2.871943511068821
leaf_count=10 201 7 16 5 6 14 22 7 16 8 10 3 8 12
internal_value=-2.47942e-10 0.0222568 0.00608709 0.0311756 0.0130236 -9.99073e-05 -0.0150717 0.0347834 0.0262679 0.0195509 0.00955216 0.016499 0.00770928 -0.00951094
internal_weight=44.6989 30.8078 10.952 19.8559 9.49291 5.92157 4.33184 3.57134 17.1809 13.1488 8.73532 7.69747 6.37201 4.2932
internal_count=345 144 72 72 56 43 36 13 67 57 41 33 30 22
is_linear=0
shrinkage=0.05


Tree=10
num_leaves=15
num_cat=0
split_feature=3 7 6 3 5 6 6 0 6 9 8 6 6 0
split_gain=16.968 1.62066 1.78647 1.80204 2.42151 1.99234 1.60584 1.13037 1.10217 2.21536 1.06419 1.13443 0.857761 1.26106
threshold=6.5000000000000009 9.0000000000000018 443.00000000000006 2.5000000000000004 4.5000000000000009 465.00000000000006 525.00000000000011 1.5000000000000002 459.00000000000006 1.5000000000000002 1900.0000000000002 479.00000000000006 459.00000000000006 2.5000000000000004
decision_type=2 2 2 2 2 2 2 2 2 2 2 2 2 2
left_child=1 2 -1 6 5 8 7 -4 9 -5 11 -9 -3 -14
right_child=-2 12 3 4 -6 -7 -8 10 -10 -11 -12 -13 13 -15
leaf_value=-0.035857398661435717 -0.046786395415593887 0.072811318499197836 0.056628920429357743 0.047965043896220999 -0.065076282702073204 -0.005391917146507645 0.071141210254613563 -0.029061458944541291 0.076939570357251463 -0.045671141226317664 0.043641432406935188 0.022252178083685306 0.058534727364032174 0.00057578707492594123
leaf_weight=1.5888452231884063 13.369330704212187 1.8727650642395008 1.9970072805881516 2.3115031570196138 1.0998813249170769 6.2683033868670464 2.278335213661193 1.922897510230541 1.3053583763539789 0.86921806260943402 2.0095456391572952 2.4487053081393242 2.0054725483059888 1.7640043422579763
leaf_count=13 201 3 4 9 15 42 4 9 3 8 7 11 6 10
internal_value=1.42309e-10 0.0210311 0.0153836 0.0190003 0.00558723 0.0128142 0.0339209 0.0237993 0.0382532 0.0223764 0.0135252 -0.000318689 0.045153 0.0314116
internal_weight=43.1112 29.7418 24.0996 22.5108 11.8543 10.7544 10.6565 8.37816 4.48608 3.18072 6.38115 4.3716 5.64224 3.76948
internal_count=345 144 125 112 77 62 35 31 20 17 27 20 19 16
is_linear=0
shrinkage=0.05


Tree=11
num_leaves=15
num_cat=0
split_feature=3 3 5 6 1 6 0 6 7 6 6 7 2 6
split_gain=15.3578 1.5499 1.25451 0.979623 0.952011 0.93973 1.11449 1.74399 1.85568 0.816296 0.917 0.737555 0.713304 0.688355
threshold=6.5000000000000009 3.5000000000000004 4.5000000000000009 525.00000000000011 13.500000000000002 465.00000000000006 1.5000000000000002 473.00000000000006 1.0000000180025095e-35 459.00000000000006 465.00000000000006 -4.9999999999999991 56.500000000000007 511.00000000000006
decision_type=2 2 2 2 2 2 2 2 2 2 2 2 2 2
left_child=1 3 4 5 9 -1 -7 -8 11 -3 -11 -9 -6 -12
right_child=-2 2 -4 -5 12 6 7 8 -10 10 13 -13 -14 -15
leaf_value=0.039302508142039366 -0.044589049879773274 -0.045457687710297921 -0.0414193947074789 0.06002995204068684 0.051618648076070722 0.048723176129896691 -0.050077079649677336 0.012754315634797363 0.033918705327087864 0.061569188047069394 -0.016394169004860282 -0.051627802914724935 0.0033043286737155769 0.027275932378920606
leaf_weight=6.6917776614427664 13.193091800436376 0.86748727411031534 1.2752769738435734 2.2760109752416602 2.0037708207964897 1.9236890077590922 1.167826786637306 0.74535978585481633 4.4552197158336639 0.66846850514411915 2.6738919503986835 1.1033070944249628 1.2346694096922877 1.3620131462812421
leaf_count=24 201 11 16 5 6 5 6 4 18 2 23 10 7 7
internal_value=-4.41989e-10 0.0206781 0.00493056 0.0293271 0.0116396 0.0249833 0.0147846 0.00604669 0.0164439 -0.000890719 0.00732744 -0.0256697 0.0331986 -0.00165664
internal_weight=41.6419 28.4488 10.0856 18.3632 8.8103 16.0872 9.3954 7.47171 6.30389 5.57186 4.70437 1.84867 3.23844 4.03591
internal_count=345 144 72 72 56 67 43 38 32 43 32 14 13 30
is_linear=0
shrinkage=0.05


Tree=12
num_leaves=15
num_cat=0
split_feature=3 3 5 6 1 4 6 8 5 7 0 1 7 6
split_gain=13.6377 1.37134 1.06349 0.892101 0.873746 1.21519 0.786605 0.999726 1.06811 1.34049 0.809444 0.653229 0.799188 0.847092
threshold=6.5000000000000009 3.5000000000000004 4.5000000000000009 525.00000000000011 3.5000000000000004 1.5000000000000002 499.00000000000006 1500.0000000000002 3.5000000000000004 1.0000000180025095e-35 6.5000000000000009 13.500000000000002 -4.9999999999999991 483.00000000000006
decision_type=2 2 2 2 2 2 2 2 2 2 2 2 2 2
left_child=1 3 11 4 5 -1 7 -6 9 10 -9 12 -3 -14
right_child=-2 2 -4 -5 6 -7 -8 8 -10 -11 -12 -13 13 -15
leaf_value=0.06601923337402775 -0.042419171407374841 0.032297471637801604 -0.038182221120048682 0.058316552327959785 0.040430229705491177 0.016381452349340908 -0.022357342814323115 -0.027951287133694547 0.028356247367400368 -0.06499356248293077 0.042695186193456171 0.029396245013587188 -0.043265055281646453 0.0056190170609689396
leaf_weight=2.4928879737854066 12.873180344700812 1.4716534093022335 1.2405088618397702 2.1854393035173407 3.8070800974965078 2.4396625459194183 1.1896740421652783 0.74275730550289176 2.7715924605727196 0.91377150267362584 0.89284681528806686 3.1655061990022659 1.336222775280475 2.6314100250601768
leaf_count=6 201 7 16 5 11 11 11 6 12 6 4 13 17 19
internal_value=-1.33364e-11 0.0200165 0.00509822 0.0284403 0.0241588 0.0414682 0.0158838 0.0208679 0.00687129 -0.0164864 0.0106133 0.0113377 0.00082821 -0.0108442
internal_weight=40.1542 27.281 9.8453 17.4357 15.2503 4.93255 10.3177 9.12805 5.32097 2.54938 1.6356 8.60479 5.43929 3.96763
internal_count=345 144 72 72 67 17 50 39 28 16 10 56 43 36
is_linear=0
shrinkage=0.05


Tree=13
num_leaves=15
num_cat=0
split_feature=3 3 7 5 7 6 9 0 6 6 0 6 2 1
split_gain=11.8973 1.37001 1.22145 1.24878 0.947608 1.6257 1.47731 1.33374 0.862445 0.793931 0.760312 0.77946 0.704763 0.692164
threshold=6.5000000000000009 3.5000000000000004 9.0000000000000018 4.5000000000000009 1.0000000180025095e-35 497.00000000000006 1.5000000000000002 4.5000000000000009 499.00000000000006 525.00000000000011 1.5000000000000002 461.00000000000006 56.500000000000007 3.5000000000000004
decision_type=2 2 2 2 2 2 2 2 2 2 2 2 2 2
left_child=1 9 3 4 5 7 -7 13 -6 10 12 -12 -1 -3
right_child=-2 2 -4 -5 8 6 -8 -9 -10 -11 11 -13 -14 -15
leaf_value=0.022295037236516626 -0.040138110189018882 0.021055127254199658 0.044778299433281585 -0.059831271125478674 -0.05478411045415571 -0.084264307122909277 0.010186168708212078 0.053631002024707157 0.011755575839327037 0.056769947025616753 0.035644655632210538 0.0081116957165051125 0.069524136406630646 -0.062776175495119657
leaf_weight=1.6159900054335656 12.510005561634896 0.58059287443756902 1.5557653009891499 0.87978561967611302 1.1334724947810171 0.65573997795581784 1.123028539121151 2.4993744567036629 0.85380054265260685 2.0733909755945197 3.9339721575379354 7.4170640967786312 1.5451359748840332 0.4275500625371933
leaf_count=7 201 5 6 14 13 5 8 10 5 5 16 41 3 6
internal_value=-7.26496e-10 0.0190962 0.00417946 -0.00356734 0.00323816 0.0143035 -0.0246328 0.0340493 -0.0261964 0.0278284 0.0236934 0.0176539 0.0453803 -0.0144974
internal_weight=38.8047 26.2947 9.70911 8.15334 7.27356 5.28629 1.77877 3.50752 1.98727 16.5856 14.5122 11.351 3.16113 1.00814
internal_count=345 144 72 66 52 34 13 21 18 72 67 57 10 11
is_linear=0
shrinkage=0.05


Tree=14
num_leaves=15
num_cat=0
split_feature=3 3 7 1 1 3 2 6 0 8 8 1 0 2
split_gain=10.8363 1.10142 1.05786 0.918833 1.09148 0.976077 1.32456 1.2626 0.758261 0.740757 1.40178 0.9253 0.736538 0.643628
threshold=6.5000000000000009 1.5000000000000002 9.0000000000000018 13.500000000000002 11.500000000000002 4.5000000000000009 56.500000000000007 511.00000000000006 2.5000000000000004 1700.0000000000002 1500.0000000000002 6.5000000000000009 5.5000000000000009 56.500000000000007
decision_type=2 2 2 2 2 2 2 2 2 2 2 2 2 2
left_child=1 -1 3 4 5 9 7 8 -7 10 12 -11 -3 -2
right_child=13 2 -4 -5 -6 6 -8 -9 -10 11 -12 -13 -14 -15
leaf_value=0.036439916370126633 -0.050917645384386527 -0.0043988454055487267 0.036773595361980244 0.028121403059830238 -0.05133520090526475 0.024449970311999893 -0.058159720142902709 0.063195890716678735 -0.065450438850300122 0.010272092851041345 -0.052768260613766431 0.061391330931883314 0.050137173872951281 -0.027915931545641721
leaf_weight=6.5311230942606953 5.686409914866088 1.5725398361682899 3.6344413459300986 3.7528399415314189 0.96363048627972681 0.41159137338399909 1.2839736342430113 0.6580064445734024 0.54528968408703804 2.3591750115156178 0.99374699965119351 1.4168735742568968 1.0211303532123563 6.5379689186811447
leaf_count=24 95 11 15 19 12 3 17 3 8 15 10 4 3 106
internal_value=-7.67146e-10 0.0187737 0.0125748 0.00670328 -0.000456808 0.00432066 -0.0202556 0.00988134 -0.0267808 0.0139959 -0.00227436 0.0294534 0.017072 -0.0386156
internal_weight=37.3687 25.1444 18.6132 14.9788 11.226 10.2623 2.89886 1.61489 0.956881 7.36347 3.58742 3.77605 2.59367 12.2244
internal_count=345 144 120 105 86 74 31 14 11 43 24 19 14 201
is_linear=0
shrinkage=0.05


Tree=15
num_leaves=15
num_cat=0
split_feature=3 3 6 6 3 6 6 1 7 6 7 1 0 5
split_gain=9.96929 0.88005 1.48948 0.961759 1.29225 0.632374 0.608334 0.621594 0.605411 0.837449 1.42438 0.598679 1.02791 1.46555
threshold=6.5000000000000009 1.5000000000000002 435.00000000000006 465.00000000000006 2.5000000000000004 529.00000000000011 509.00000000000006 15.500000000000002 9.0000000000000018 459.00000000000006 1.0000000180025095e-35 7.5000000000000009 6.5000000000000009 5.5000000000000009
decision_type=2 2 2 2 2 2 2 2 2 2 2 2 2 2
left_child=1 -1 -3 8 -5 6 7 -6 9 10 -4 -2 -13 -14
right_child=11 2 3 4 5 -7 -8 -9 -10 -11 -12 12 13 -15
leaf_value=0.033943231048790601 -0.053007321929039952 -0.064530588977331341 0.022720445407025468 0.028755732151837465 -0.016915307699746768 -0.063518786539360939 0.024749240241148378 0.038808507706036603 0.056962899465644048 0.055296856790244368 -0.065932456751853177 -0.014249298111077086 -0.070392236063076638 0.019403132113855304
leaf_weight=6.4241149872541454 4.3138832002878171 0.60800307802856224 2.7324665337801011 4.1019708365201932 4.597057593986392 0.4543023295700549 1.563969951122999 0.56159281730651844 1.636493846774101 1.311869967728853 0.54314712807536114 4.3832388930022717 2.3091270923614506 0.56571567431092251
leaf_count=24 85 6 17 19 45 5 11 2 4 4 7 65 45 6
internal_value=-4.49289e-10 0.0180434 0.0124035 0.015076 0.00636937 -0.00642556 -0.0025673 -0.010849 0.0308538 0.0215399 0.00802043 -0.0382557 -0.029488 -0.0527222
internal_weight=36.107 24.535 18.1109 17.5029 11.2789 7.17692 6.72262 5.15865 6.22398 4.58748 3.27561 11.572 7.25808 2.87484
internal_count=345 144 120 114 82 63 58 47 32 28 24 201 116 51
is_linear=0
shrinkage=0.05


Tree=16
num_leaves=15
num_cat=0
split_feature=3 3 6 6 3 6 7 1 6 9 2 0 1 6
split_gain=9.5501 0.76964 1.1982 0.779698 0.820561 0.604106 0.557862 0.761608 0.546385 0.783028 0.474548 0.48201 0.736215 0.447573
threshold=6.5000000000000009 1.5000000000000002 435.00000000000006 465.00000000000006 2.5000000000000004 505.00000000000006 9.0000000000000018 3.5000000000000004 459.00000000000006 1.5000000000000002 57.500000000000007 5.5000000000000009 4.5000000000000009 483.00000000000006
decision_type=2 2 2 2 2 2 2 2 2 2 2 2 2 2
left_child=1 5 -3 6 10 -1 7 -4 9 -9 11 12 -5 -2
right_child=13 2 3 4 -6 -7 -8 8 -10 -11 -12 -13 -14 -15
leaf_value=0.023276051128103492 -0.031763281843333359 -0.053707530732157532 -0.029339019795755164 0.027902439957871068 -0.0035142585110995838 0.058445537755202129 0.054659739167315147 0.032990663398301895 0.056682017530507472 -0.027956940974689443 0.054514472303991271 0.038789044853581055 -0.037669973818427883 -0.053156907219768727
leaf_weight=4.7779263630509403 6.9145057909190637 0.66658528521657245 0.66461893543601291 0.9311105534434303 7.0547981187701225 1.6401648521423338 1.5739298760890958 1.8731392696499831 1.1943296194076536 0.73329907283186901 1.0097314417362215 1.2240932881832121 0.79230089485645294 3.7819256410002708
leaf_count=19 125 6 7 5 63 5 4 11 3 7 3 5 6 76
internal_value=3.44743e-10 0.0174288 0.0120551 0.0146259 0.00670796 0.0322637 0.0290635 0.0200415 0.0286764 0.0158436 0.0249317 0.0147975 -0.00224305 -0.0393274
internal_weight=34.8325 24.136 17.7179 17.0514 11.012 6.41809 6.03932 4.46539 3.80077 2.60644 3.95724 2.9475 1.72341 10.6964
internal_count=345 144 120 114 82 24 32 28 21 18 19 16 11 201
is_linear=0
shrinkage=0.05


Tree=17
num_leaves=15
num_cat=0
split_feature=3 6 6 2 7 7 6 8 6 3 1 1 1 3
split_gain=8.3307 0.656102 0.717402 1.13811 0.948663 1.0904 0.946868 0.798963 0.997161 0.892538 1.50846 0.633444 3.25967 0.538151
threshold=7.5000000000000009 525.00000000000011 487.00000000000006 54.500000000000007 9.0000000000000018 5.0000000000000009 449.00000000000006 1700.0000000000002 515.00000000000011 1.5000000000000002 5.5000000000000009 4.5000000000000009 3.5000000000000004 3.5000000000000004
decision_type=2 2 2 2 2 2 2 2 2 2 2 2 2 2
left_child=1 2 4 -4 5 6 -1 8 9 -5 -11 12 13 -8
right_child=-2 -3 3 7 -6 -7 11 -9 -10 10 -12 -13 -14 -15
leaf_value=-0.012470596233243458 -0.041279144591119032 0.040599297013110699 -0.073080223818075093 0.067765213056368859 0.043999514327686111 -0.040596665054862098 0.059139982304882079 -0.022857176269183391 -0.04233819346692469 -0.043405486151229376 0.034090385848105247 0.031357631244541523 -0.077941732771817013 0.0049027728558830846
leaf_weight=2.3026415910571858 8.9975105952471477 2.2433438263833514 0.50824035704135795 0.9342115819454192 2.9033915325999251 0.90372360125184137 1.2248933911323532 1.8856666982173917 0.63796295598149289 0.87880015745759044 2.199736263602972 6.8903855234384537 0.85956912115216244 0.72986866906285275
leaf_count=23 177 11 5 2 10 10 4 18 7 12 14 38 5 9
internal_value=5.55838e-10 0.0147958 0.0122635 -0.00100806 0.0181753 0.0123681 0.0163544 0.00459596 0.015727 0.0249585 0.0119684 0.0231937 0.00320582 0.0388889
internal_weight=34.0999 25.1024 22.8591 7.04462 15.8145 12.9111 12.0074 6.53638 4.65071 4.01275 3.07854 9.70472 2.81433 1.95476
internal_count=345 168 157 58 99 89 79 53 35 28 26 56 18 13
is_linear=0
shrinkage=0.05


Tree=18
num_leaves=15
num_cat=0
split_feature=3 7 2 6 6 0 3 5 6 2 3 0 9 5
split_gain=7.94028 0.4429 1.62232 1.08632 0.821837 1.02631 0.738282 1.48137 0.959697 0.856711 1.52069 0.806112 0.599019 0.419026
threshold=6.5000000000000009 9.0000000000000018 54.500000000000007 443.00000000000006 459.00000000000006 2.5000000000000004 2.5000000000000004 4.5000000000000009 497.00000000000006 56.500000000000007 4.5000000000000009 5.5000000000000009 1.5000000000000002 3.5000000000000004
decision_type=2 2 2 2 2 2 2 2 2 2 2 2 2 2
left_child=1 2 -1 -4 -3 -6 8 9 11 -8 13 12 -5 -11
right_child=-2 4 3 6 5 -7 7 -9 -10 10 -12 -13 -14 -15
leaf_value=-0.071164007786421984 -0.037216749814058495 0.065267596845615547 -0.026935133330351899 0.004226074691127589 0.04791186905075942 -0.011511517240490758 0.033926162424925514 -0.056242502343188686 0.055262708957731645 0.028978162529427511 -0.049275026837083485 -0.025105510471183375 0.043405347335508278 -0.010310900315386526
leaf_weight=0.55408985167742386 9.9433982484042627 1.2397388815879811 1.3778075389564062 1.6544962972402597 1.3817988932132723 1.5324573963880537 3.6282768715172971 0.78095618262887079 2.61677385866642 2.4311116039752965 1.1181145645678041 0.89587517827749241 2.3775189183652401 0.94143546372652043
leaf_count=6 201 3 13 9 6 10 22 15 9 13 15 6 9 8
internal_value=2.8948e-10 0.0164249 0.0130919 0.0157114 0.0311696 0.0166642 0.0192845 0.00953018 0.030791 0.0158568 0.00125749 0.0177962 0.0273285 0.0180107
internal_weight=32.4738 22.5305 18.3765 17.8224 4.154 2.91426 16.4446 8.89989 7.54466 8.11894 4.49066 4.92789 4.03202 3.37255
internal_count=345 144 125 119 19 16 106 73 33 58 36 24 18 21
is_linear=0
shrinkage=0.05


Tree=19
num_leaves=15
num_cat=0
split_feature=3 7 6 7 3 6 6 7 6 6 1 1 6 1
split_gain=7.15118 0.555182 0.497049 0.729467 0.988387 0.711856 1.34677 0.777512 0.724066 0.799954 0.733438 1.64826 1.22605 0.504774
threshold=6.5000000000000009 -6.9999999999999991 513.00000000000011 2.5000000000000004 2.5000000000000004 501.00000000000006 505.00000000000006 9.0000000000000018 443.00000000000006 465.00000000000006 6.5000000000000009 3.5000000000000004 479.00000000000006 11.500000000000002
decision_type=2 2 2 2 2 2 2 2 2 2 2 2 2 2
left_child=1 -1 5 4 -4 7 -7 8 -3 -10 11 -11 -12 -14
right_child=-2 2 3 -5 -6 6 -8 -9 9 10 12 -13 13 -15
leaf_value=-0.028556297647365659 -0.035988252335245212 -0.021462334525832287 0.048775370418658655 0.058256833695610293 -0.030837046491359883 -0.070471179687995322 0.014898329093148083 0.039335158846643542 0.032093630831434621 0.021201790467866816 -0.042879456076188566 -0.055447248436121643 0.057136149048222354 0.016440166288359575
leaf_weight=0.68680823221802967 9.6124030966311675 1.4411630146205556 0.81455644965171747 1.6623720005154607 0.74773099273443222 0.69420614838600103 1.3810690753161905 3.2419101595878592 4.6530339010059816 1.5143736004829409 0.66121727228164706 1.3064607940614221 1.225359342992306 2.014860462397337
leaf_count=7 201 13 3 7 8 6 11 13 27 10 7 14 5 13
internal_value=-3.94302e-10 0.0156921 0.0171149 0.0352028 0.0106718 0.0138984 -0.0136589 0.0174597 0.0119264 0.0161565 0.00512507 -0.014298 0.0191684 0.0318302
internal_weight=31.6575 22.0451 21.3583 3.22466 1.56229 18.1337 2.07528 16.0584 12.8165 11.3753 6.72227 2.82083 3.90144 3.24022
internal_count=345 144 137 18 11 119 17 102 89 76 49 24 25 18
is_linear=0
shrinkage=0.05


Tree=20
num_leaves=15
num_cat=0
split_feature=3 3 7 6 6 6 2 3 4 3 3 6 6 7
split_gain=6.28884 0.553692 0.467374 0.551365 0.520004 0.640656 0.45856 0.938586 0.676309 0.490563 0.472077 0.660187 1.05273 0.487341
threshold=6.5000000000000009 1.5000000000000002 9.0000000000000018 443.00000000000006 459.00000000000006 489.00000000000006 56.500000000000007 14.500000000000002 2.5000000000000004 7.5000000000000009 11.500000000000002 451.00000000000006 525.00000000000011 1.0000000180025095e-35
decision_type=2 2 2 2 2 2 2 2 2 2 2 2 2 2
left_child=1 -1 3 -3 -4 -6 10 8 9 -8 11 13 -13 -2
right_child=6 2 4 -5 5 -7 7 -9 -10 -11 -12 12 -14 -15
leaf_value=0.028942950763551047 -0.028438433497785121 -0.028408500378814091 0.064439702041275984 0.0093664104542707915 0.036364575758741628 -0.020423149502864377 7.1606347375699608e-05 0.024283529278742132 0.017308518896401535 -0.049521240517484272 -0.068258003737501238 -0.06930257194378843 0.044112630140830333 0.041338813989606718
leaf_weight=5.3740020804107251 0.69596262462436997 1.0515588149428357 0.74700567126274053 11.870907258242367 1.3882577493786814 0.77331368625164021 0.59608209505677257 0.84273494221270073 0.5664515122771262 3.050753565505147 1.5416297558695076 1.4509373027831314 0.23819224350154389 0.39071463420987129
leaf_count=24 14 11 2 94 6 7 11 12 9 74 40 33 3 5
internal_value=1.50856e-10 0.0150757 0.0103683 0.0062925 0.0284767 0.0160485 -0.0341049 -0.0238855 -0.0335201 -0.0414152 -0.0460726 -0.0337512 -0.0533094 -0.00335004
internal_weight=30.5785 21.205 15.831 12.9225 2.90858 2.16157 9.37346 5.05602 4.21329 3.64684 4.31744 2.77581 1.68913 1.08668
internal_count=345 144 120 105 15 13 201 106 94 85 95 55 36 19
is_linear=0
shrinkage=0.05


Tree=21
num_leaves=15
num_cat=0
split_feature=3 4 8 6 6 6 7 6 1 2 1 6 6 1
split_gain=5.84501 0.616416 0.544297 0.420369 0.532857 0.801689 0.718575 0.919824 0.598202 0.757961 0.685119 0.733011 0.620884 1.61856
threshold=6.5000000000000009 2.5000000000000004 1700.0000000000002 525.00000000000011 453.00000000000006 459.00000000000006 9.0000000000000018 443.00000000000006 2.5000000000000004 56.500000000000007 4.5000000000000009 461.00000000000006 479.00000000000006 5.5000000000000009
decision_type=2 2 2 2 2 2 2 2 2 2 2 2 2 2
left_child=3 -2 -3 4 6 -6 7 -1 9 -7 -10 -12 -13 -14
right_child=1 2 -4 -5 5 8 -8 -9 10 -11 11 12 13 -15
leaf_value=-0.018114735051424715 -0.039022554721566877 -0.03234891692889371 0.058722627274276622 0.036860258238577165 -0.051128617998697848 -0.0012741907304798265 0.063187685006088429 0.033536397076241752 -0.035326422206394252 0.051255485249492083 0.048451852799209986 -0.025911217809466786 -0.072291514621950631 0.016050081754522879
leaf_weight=1.2962139267474513 7.8073150943964702 0.34156149812042702 0.31570715829730034 1.8457097485661496 0.56908257305622001 1.1586742848157876 1.0321332216262815 2.5728447027504444 1.0000028237700451 1.6859126165509222 1.010628581047057 1.4922814108431319 0.56057909876108158 6.9051794782280922
leaf_count=13 190 8 3 10 7 8 3 15 11 8 3 12 8 46
internal_value=-1.11129e-10 -0.0351076 0.0113957 0.0140645 0.0118826 0.0070306 0.0261205 0.0162322 0.00942666 0.0298588 0.00412785 0.00808569 0.00353166 0.0094168
internal_weight=29.5938 8.46458 0.657269 21.1292 19.2835 14.3823 4.90119 3.86906 13.8133 2.84459 10.9687 9.96867 8.95804 7.46576
internal_count=345 201 11 144 134 103 31 28 96 16 80 69 66 54
is_linear=0
shrinkage=0.05


Tree=22
num_leaves=15
num_cat=0
split_feature=3 7 6 2 7 0 6 7 7 6 6 3 0 7
split_gain=5.5534 0.540991 0.378628 0.64342 1.57369 0.972684 0.711022 0.599118 0.84343 0.78764 0.593668 0.634642 1.3013 0.598016
threshold=6.5000000000000009 -6.9999999999999991 453.00000000000006 55.500000000000007 1.0000000180025095e-35 1.5000000000000002 489.00000000000006 9.0000000000000018 1.0000000180025095e-35 449.00000000000006 513.00000000000011 2.5000000000000004 3.5000000000000004 -1.0000000180025095e-35
decision_type=2 2 2 2 2 2 2 2 2 2 2 2 2 2
left_child=1 -1 7 4 6 -5 -4 8 9 -3 13 -12 -13 -7
right_child=-2 2 3 5 -6 10 -8 -9 -10 -11 11 12 -14 -15
leaf_value=-0.030104353944003487 -0.03501661063449004 0.0087314428911474395 0.043441757056727329 0.051645398909973821 -0.077078420778635526 0.024170015233649329 -0.022555761933246647 0.062634719717161849 -0.03096484116714018 0.059572513866570177 0.05320731554492375 0.055037350875236861 -0.046293398863623686 -0.0049575083571175953
leaf_weight=0.67719273269176739 8.1148765403777343 1.8440913166850874 0.90186735242604965 1.6517213210463531 0.67480560019612301 2.5302282646298417 0.74540033563971519 0.97112980484962452 0.69976370409131039 1.2979991212487219 1.4615037590265267 0.63984226435422875 0.6276170127093792 5.805058537051079
leaf_count=7 201 15 5 7 7 18 9 3 8 5 6 3 8 43
internal_value=1.4215e-10 0.0138422 0.0153414 0.0114348 -0.0127676 0.0158544 0.0135774 0.0275474 0.0186781 0.0297339 0.0105114 0.0307528 0.00486067 0.00388433
internal_weight=28.6431 20.5282 19.851 15.038 2.32207 12.716 1.64727 4.81298 3.84185 3.14209 11.0642 2.72896 1.26746 8.33529
internal_count=345 144 137 106 21 85 14 31 28 20 78 17 11 61
is_linear=0
shrinkage=0.05


Tree=23
num_leaves=15
num_cat=0
split_feature=3 3 6 3 7 6 6 7 6 6 6 5 6 6
split_gain=4.98991 0.487509 0.392872 0.779895 0.52923 0.448335 1.10013 0.383444 0.39119 0.377661 1.21613 1.06631 0.967831 0.79964
threshold=6.5000000000000009 1.5000000000000002 465.00000000000006 2.5000000000000004 2.5000000000000004 509.00000000000006 519.00000000000011 9.0000000000000018 451.00000000000006 483.00000000000006 469.00000000000006 3.5000000000000004 471.00000000000006 477.00000000000006
decision_type=2 2 2 2 2 2 2 2 2 2 2 2 2 2
left_child=1 -1 7 4 -4 -5 -7 8 -3 10 -2 12 -12 -14
right_child=9 2 3 5 -6 6 -8 -9 -10 -11 11 -13 13 -15
leaf_value=0.026964133553037197 -0.042938342713890215 -0.0043905307433759824 -0.0030288620665048747 -0.01605679470801917 0.038449832020165969 0.046372392346922225 -0.033391696176724939 0.045994745700103312 0.025927025069048704 -0.048931001856199113 0.11159815884067165 -0.041173153194230538 -0.054337779843577919 0.051409876670725323
leaf_weight=4.9340665042400422 3.458383183926343 1.866601776331662 1.2461893558502182 4.4760071374475956 2.0083554834127426 1.0513819977641103 0.73412122204899777 1.0955103188753126 2.4745074957609177 2.6828785911202431 0.32381200790405251 0.66597512923181046 0.30365032516419888 0.43468137830495834
leaf_count=24 92 18 8 47 11 7 9 4 16 76 1 18 9 5
internal_value=-5.3728e-10 0.013336 0.00883899 0.00271306 0.0225673 -0.0076066 0.0135769 0.0195616 0.012891 -0.0337014 -0.0258235 0.00842752 0.0395277 0.00791952
internal_weight=27.7561 19.8867 14.9527 9.51606 3.25454 6.26151 1.7855 5.43662 4.34111 7.86938 5.1865 1.72812 1.06214 0.738332
internal_count=345 144 120 82 19 63 16 38 34 201 125 33 15 14
is_linear=0
shrinkage=0.05


Tree=24
num_leaves=15
num_cat=0
split_feature=3 3 6 6 6 4 6 3 3 5 6 7 3 8
split_gain=4.24435 0.491783 0.490148 0.601166 0.610086 0.488877 0.428359 0.61302 0.528097 0.529933 0.660628 0.384934 0.37001 0.357921
threshold=6.5000000000000009 1.5000000000000002 435.00000000000006 453.00000000000006 459.00000000000006 2.5000000000000004 465.00000000000006 2.5000000000000004 3.5000000000000004 4.5000000000000009 509.00000000000006 2.5000000000000004 4.5000000000000009 1700.0000000000002
decision_type=2 2 2 2 2 2 2 2 2 2 2 2 2 2
left_child=1 -1 -3 -4 -5 -2 -6 11 -9 10 12 -8 -10 -7
right_child=5 2 3 4 6 13 7 8 9 -11 -12 -13 -14 -15
leaf_value=0.026033546464022589 -0.036416113333585 -0.044056096469221803 0.029214087363074417 -0.048220795678839259 0.031651385847252377 -0.026081077055525394 -0.00079499404825899536 -0.033180208381437593 0.014027949904577673 -0.036258210403835443 0.038583842487858538 0.034601336837067037 -0.022511196738263128 0.054127971266779373
leaf_weight=4.7730218619108262 6.7009230069816104 0.4456675611436357 2.9738605991005889 0.5335746631026258 1.4691874086856831 0.29050377570092667 1.2807431891560539 1.4284010268747804 1.333599701523781 0.78172120451927174 1.2698250487446783 1.9188631102442739 1.442022483795881 0.26684039458632469
leaf_count=24 190 6 19 7 6 8 8 13 10 14 8 11 18 3
internal_value=1.2065e-10 0.0120686 0.00758839 0.00918322 0.00398429 -0.0326737 0.00653413 0.00263129 -0.00647386 0.00142877 0.00871121 0.0204328 -0.00495528 0.0123207
internal_weight=26.9088 19.6505 14.8775 14.4318 11.4579 7.25827 10.9244 9.45518 6.25557 4.82717 4.04545 3.19961 2.77562 0.557344
internal_count=345 144 120 114 95 201 88 82 63 50 36 19 28 11
is_linear=0
shrinkage=0.05


Tree=25
num_leaves=15
num_cat=0
split_feature=3 1 6 7 3 6 6 1 7 6 3 1 8 3
split_gain=4.03486 1.91475 0.861134 1.20568 0.7145 0.575678 0.443964 0.699442 0.585741 0.728499 0.569958 0.715057 0.583664 0.540589
threshold=7.5000000000000009 15.500000000000002 513.00000000000011 2.5000000000000004 1.5000000000000002 515.00000000000011 453.00000000000006 2.5000000000000004 9.0000000000000018 449.00000000000006 4.5000000000000009 4.5000000000000009 1700.0000000000002 3.5000000000000004
decision_type=2 2 2 2 2 2 2 2 2 2 2 2 2 2
left_child=1 2 6 4 -4 -5 8 13 9 -1 11 12 -9 -8
right_child=-2 -3 3 5 -6 -7 7 10 -10 -11 -12 -13 -14 -15
leaf_value=-0.0056068599573527193 -0.036334324539427275 -0.048528624699227613 0.039766428832480272 0.09154649283869587 -0.032152689294350882 0.037769793221330922 0.043761474826645726 -0.08017351667603885 0.061203742310298029 0.039070564828300604 -0.027326747800902829 0.010004119443994555 0.0017967032853652516 -0.0032443755773498215
leaf_weight=2.0442108307033915 5.9375689774751654 1.2914926558732975 0.64658799022436075 0.90391546487808261 0.74125058948993683 1.1072813887149093 1.6954628527164453 0.42664354480802824 0.8134770095348357 1.6479737162590025 1.8292694408446548 6.1528895813971758 0.44229984283447266 0.95683603920042504
leaf_count=23 177 6 3 1 9 9 8 6 3 9 34 41 4 12
internal_value=-1.05764e-10 0.0104223 0.0143451 0.0372021 0.00135412 0.0619393 0.00949216 0.00428109 0.0227965 0.0143345 -0.00246801 0.00400799 -0.03845 0.0268038
internal_weight=26.6372 20.6996 19.4081 3.39904 1.38784 2.0112 16.0091 11.5034 4.50566 3.69218 8.8511 7.02183 0.868943 2.6523
internal_count=345 168 162 22 12 10 140 105 35 32 85 51 10 20
is_linear=0
shrinkage=0.05


Tree=26
num_leaves=15
num_cat=0
split_feature=3 7 4 3 6 7 3 6 2 3 3 7 1 7
split_gain=3.87324 0.524666 0.328203 0.405372 0.314982 0.727999 0.486859 0.363501 0.508461 0.814904 0.684265 0.730423 0.576181 1.34511
threshold=7.5000000000000009 -6.9999999999999991 2.5000000000000004 11.500000000000002 513.00000000000011 2.5000000000000004 2.5000000000000004 465.00000000000006 55.500000000000007 4.5000000000000009 2.5000000000000004 -1.0000000180025095e-35 2.5000000000000004 1.0000000180025095e-35
decision_type=2 2 2 2 2 2 2 2 2 2 2 2 2 2
left_child=1 -1 -2 -4 7 6 -6 -3 9 -9 12 -12 -10 -14
right_child=2 4 3 -5 5 -7 -8 8 10 -11 11 -13 13 -15
leaf_value=-0.031827730932278066 -0.039009155182439616 0.017993644729445119 0.045324053923947422 -0.049277456568499516 0.030956366447798013 0.049692104093169341 -0.029071126590016278 -0.074727689173142139 0.051975020929320638 0.0072768471443280264 0.02543213042720115 -0.023277177547223783 -0.043505128106213695 0.030802946150180643
leaf_weight=0.70122018083930271 5.4294471535831681 6.9895720370113947 0.26475894078612316 0.19787004776299 0.65585623681545191 1.6256996113806961 0.69651289656758308 0.51873938739299574 1.1244227290153501 0.72826598584651947 1.1102828048169677 2.508600542321795 0.84487841278314624 2.1814736723899841
leaf_count=8 167 55 4 6 3 10 8 7 5 9 11 34 7 11
internal_value=4.91856e-10 0.0106448 -0.0355645 0.00486225 0.0122136 0.0271448 4.03081e-05 0.00943558 0.0028015 -0.0268361 0.00755823 -0.00833304 0.0214132 0.0100581
internal_weight=25.5776 19.6855 5.89208 0.462629 18.9843 2.97807 1.35237 16.0062 9.01666 1.24701 7.76966 3.61888 4.15077 3.02635
internal_count=345 168 177 10 160 21 11 139 84 16 68 45 23 18
is_linear=0
shrinkage=0.05


Tree=27
num_leaves=15
num_cat=0
split_feature=3 7 6 6 5 5 3 3 7 6 6 0 3 1
split_gain=3.43512 0.592651 0.332884 0.742457 0.800156 0.626512 0.611044 0.46292 0.321569 0.581496 0.440797 0.393244 0.277209 0.493562
threshold=6.5000000000000009 -6.9999999999999991 483.00000000000006 469.00000000000006 3.5000000000000004 5.5000000000000009 14.500000000000002 9.5000000000000018 9.0000000000000018 443.00000000000006 459.00000000000006 1.5000000000000002 1.5000000000000002 6.5000000000000009
decision_type=2 2 2 2 2 2 2 2 2 2 2 2 2 2
left_child=1 -1 3 5 6 7 -5 -2 9 -3 -10 -12 13 -11
right_child=2 8 -4 4 -6 -7 -8 -9 10 12 11 -13 -14 -15
leaf_value=-0.033989453723076678 -0.017878021875061822 -0.024252942780018882 -0.046772695101771428 0.006950016639790571 -0.038792260424461246 0.03311944428757202 0.09649176708634756 -0.06165682840088435 0.06080836011600306 0.0069580682791463766 0.049953502327449578 0.0043694263384523166 0.0084913720767619254 0.045090683825802086
leaf_weight=0.7004216685891177 0.96124366670846928 1.1557418815791667 2.2354161776602268 0.56088824383914448 0.58062971755862236 0.28189996071159829 0.28854583203792572 1.6240023262798784 0.75207754969596807 1.7903780229389661 0.6522047966718677 1.7231115400791166 9.9065225385129434 1.6131383404135702
leaf_count=7 27 13 76 13 18 5 2 60 3 11 3 13 87 7
internal_value=-4.34103e-10 0.0111142 -0.0311237 -0.0229831 0.00644485 -0.037661 0.0373666 -0.045379 0.0129099 0.00976684 0.0274483 0.0168857 0.0127209 0.0250315
internal_weight=24.8262 18.2936 6.53263 4.29721 1.43006 2.86715 0.849434 2.58525 17.5932 14.4658 3.12739 2.37532 13.31 3.40352
internal_count=345 144 201 125 33 92 15 87 137 118 19 16 105 18
is_linear=0
shrinkage=0.05


Tree=28
num_leaves=15
num_cat=0
split_feature=3 7 7 6 7 5 6 7 1 6 4 3 2 6
split_gain=2.70265 0.650126 0.330815 0.41268 0.401701 0.537784 1.46436 1.33618 0.640424 0.635678 0.876222 0.478163 0.566883 0.426332
threshold=6.5000000000000009 -6.9999999999999991 9.0000000000000018 459.00000000000006 -1.0000000180025095e-35 3.5000000000000004 487.00000000000006 2.5000000000000004 9.5000000000000018 481.00000000000006 1.5000000000000002 4.5000000000000009 56.500000000000007 449.00000000000006
decision_type=2 2 2 2 2 2 2 2 2 2 2 2 2 2
left_child=1 -1 4 -4 11 6 7 13 -8 10 -7 -3 -13 -6
right_child=-2 2 3 -5 5 9 8 -9 -10 -11 -12 12 -14 -15
leaf_value=-0.036913380495096855 -0.028484681048560015 0.036886097724777217 0.06030187427949401 0.016523785800317298 -0.000811791142709952 -0.046429989223897856 -0.073371718203705708 -0.053737365528797702 -0.0058003392096195473 0.029665074632657974 0.024206408819173218 0.023513097273895559 -0.046356480747970545 0.033386848654967931
leaf_weight=0.71839963272214191 6.2111872788518658 2.2660148739814789 0.70022469758987371 2.3281814828515053 1.5063440836966058 0.80359516665339448 0.9635222293436525 0.73526037484407414 0.55128779262304306 3.119922086596489 0.96774914488196373 0.81068039685487725 0.45226400718092918 2.3070614673197269
leaf_count=7 201 14 3 16 14 8 10 10 4 21 8 7 8 14
internal_value=-3.38648e-10 0.00970481 0.0116172 0.0266461 0.00847484 0.00374873 -0.00620126 0.00797854 -0.0487803 0.0160833 -0.00783878 0.0231458 -0.0015074 0.0198779
internal_weight=24.4417 18.2305 17.5121 3.02841 14.4837 10.9547 6.06348 4.54867 1.51481 4.89127 1.77134 3.52896 1.26294 3.81341
internal_count=345 144 137 19 118 89 52 38 14 37 16 29 15 28
is_linear=0
shrinkage=0.05


Tree=29
num_leaves=15
num_cat=0
split_feature=3 7 4 0 1 2 6 6 3 7 3 2 7 2
split_gain=2.72304 1.48619 0.28429 0.332218 0.578523 0.631273 0.867747 0.832548 0.724145 0.276265 0.565187 0.482548 0.467556 0.394019
threshold=6.5000000000000009 -6.9999999999999991 2.5000000000000004 6.5000000000000009 7.5000000000000009 56.500000000000007 483.00000000000006 469.00000000000006 9.5000000000000018 -1.0000000180025095e-35 4.5000000000000009 56.500000000000007 -2.9999999999999996 57.500000000000007
decision_type=2 2 2 2 2 2 2 2 2 2 2 2 2 2
left_child=1 -1 3 4 -2 8 7 -7 -6 10 12 -12 -3 -11
right_child=2 9 -4 -5 5 6 -8 -9 -10 13 11 -13 -14 -15
leaf_value=-0.053874308044548597 -0.044100689540337037 0.012720708299017662 0.0083711170413341401 -0.054771740854508526 0.01854175668163173 -0.03684749370236659 -0.046920314722444283 0.085412159161071768 -0.065705147569695074 0.0075158672719543296 0.020598356337462081 -0.046058204037995355 0.058201905311642314 0.041933578842697578
leaf_weight=0.87024911493063228 2.1180446147918692 0.94860641285777103 0.46384087577462185 1.2739727757871149 0.4111407343298199 0.19128162320703246 0.32232790812849998 0.51186520233750343 0.67193090356886387 12.398682672530411 0.7890764884650705 0.41395383700728416 1.397653393447404 0.89133919961750585
leaf_count=7 81 8 11 47 9 9 12 5 27 101 7 8 6 7
internal_value=-3.37582e-10 0.00984104 -0.0292201 -0.03239 -0.0256438 -0.00710371 0.0210123 0.0521531 -0.0337245 0.0131338 0.0255264 -0.00233767 0.0398136 0.0098242
internal_weight=23.674 17.7096 5.9644 5.50056 4.22659 2.10855 1.02547 0.703147 1.08307 16.8393 3.54929 1.20303 2.34626 13.29
internal_count=345 144 201 190 143 62 26 14 36 137 29 15 14 108
is_linear=0
shrinkage=0.05


Tree=30
num_leaves=15
num_cat=0
split_feature=3 7 6 7 3 7 6 0 6 1 8 5 0 1
split_gain=2.54326 0.985338 0.28954 0.613428 0.379152 0.266595 0.469711 0.417936 0.614955 0.891335 0.796179 0.957542 0.893129 0.689385
threshold=6.5000000000000009 -6.9999999999999991 513.00000000000011 2.5000000000000004 2.5000000000000004 -1.0000000180025095e-35 495.00000000000006 1.5000000000000002 453.00000000000006 5.5000000000000009 1500.0000000000002 4.5000000000000009 7.5000000000000009 8.5000000000000018
decision_type=2 2 2 2 2 2 2 2 2 2 2 2 2 2
left_child=1 -1 5 4 -4 6 -3 -7 -9 -10 13 12 -12 -11
right_child=-2 2 3 -5 -6 7 -8 8 9 10 11 -13 -14 -15
leaf_value=-0.05276974103277287 -0.029316173007946058 0.035819510458614888 0.030275746749855826 0.050299178195157279 -0.026859398092981258 0.024464529883727534 -0.0073627029375162179 0.018348872842671924 -0.044860416634804424 0.054556820809074202 -0.07267899091314993 0.035586992871180077 0.0057193698459122068 -3.26799455233557e-05
leaf_weight=0.61410004645586269 5.5965620037168256 2.0232104025781186 0.56186118721961908 1.3495276421308515 0.60091840103268623 2.3070160001516369 0.91433210298418988 3.1698187105357629 1.3366491999477146 0.93906268477439914 0.91759182512760185 0.5455302670598029 0.60136004909873009 1.5055832006037233
leaf_count=7 201 13 3 7 8 15 11 25 19 4 11 4 5 12
internal_value=-3.97622e-10 0.00943659 0.0117142 0.0273655 0.000748603 0.00895678 0.0223787 0.00547459 0.000615219 -0.00900069 0.00162927 -0.0212336 -0.0416407 0.0209368
internal_weight=22.9831 17.3866 16.7725 2.51231 1.16278 14.2602 2.93754 11.3226 9.0156 5.84578 4.50913 2.06448 1.51895 2.44465
internal_count=345 144 137 18 11 119 24 95 80 55 36 20 16 16
is_linear=0
shrinkage=0.05


Tree=31
num_leaves=15
num_cat=0
split_feature=3 4 8 7 6 6 1 6 1 1 7 6 1 9
split_gain=2.26289 0.337653 0.365714 0.306618 0.537456 0.391595 0.484055 0.350194 0.872271 1.34635 1.08353 1.01535 0.84012 0.488903
threshold=6.5000000000000009 2.5000000000000004 1700.0000000000002 9.0000000000000018 443.00000000000006 459.00000000000006 7.5000000000000009 465.00000000000006 5.5000000000000009 3.5000000000000004 2.5000000000000004 493.00000000000006 10.500000000000002 1.5000000000000002
decision_type=2 2 2 2 2 2 2 2 2 2 2 2 2 2
left_child=3 -2 -3 4 -1 -5 -7 -6 9 10 -9 12 -10 -13
right_child=1 2 -4 5 7 6 -8 8 11 -11 -12 13 -14 -15
leaf_value=-0.026652548890600949 -0.031728183099633898 -0.03252600584428355 0.055483846595258596 0.059348882876006051 0.022322559993408757 0.027307157666740151 -0.030597991766929469 0.030855531364842644 0.014198894386992789 -0.067842669035993716 -0.054934442617863857 -0.0058883656406740247 -0.045780947373335212 0.03654725963251821
leaf_weight=1.1467112526297629 5.0038883667439213 0.23075153678655613 0.24164808169007301 0.62288877367973272 3.5973073169589034 1.5790627077221873 0.46784141659736622 1.2618730291724189 1.3066745921969416 0.95114646479487408 0.51960337162017811 0.84475364163517941 1.0553103871643541 3.4536655321717262
leaf_count=13 190 8 3 3 27 11 5 10 12 13 6 9 12 23
internal_value=-5.73211e-10 -0.0279135 0.012494 0.00909523 0.00616039 0.0246358 0.0140723 0.00905692 0.0039765 -0.0198112 0.00583316 0.0137361 -0.0125995 0.0282075
internal_weight=22.2831 5.47629 0.4724 16.8068 14.137 2.66979 2.0469 12.9903 9.39303 2.73262 1.78148 6.6604 2.36198 4.29842
internal_count=345 201 11 144 125 19 16 112 85 29 16 56 24 32
is_linear=0
shrinkage=0.05


Tree=32
num_leaves=15
num_cat=0
split_feature=3 7 6 2 3 7 6 7 6 1 0 6 6 6
split_gain=2.20966 0.389756 0.277191 0.492306 0.933939 0.251824 0.406004 0.400795 0.972263 0.741189 0.397816 0.336152 0.734211 0.686096
threshold=6.5000000000000009 -6.9999999999999991 513.00000000000011 56.500000000000007 2.5000000000000004 9.0000000000000018 459.00000000000006 1.0000000180025095e-35 479.00000000000006 6.5000000000000009 2.5000000000000004 479.00000000000006 493.00000000000006 449.00000000000006
decision_type=2 2 2 2 2 2 2 2 2 2 2 2 2 2
left_child=1 -1 5 -4 -5 7 -7 11 -9 -10 -8 13 -13 -3
right_child=-2 2 3 4 -6 6 10 8 9 -11 -12 12 -14 -15
leaf_value=-0.034078556055896297 -0.027755026898702313 -0.0074442327058597685 0.059803844287750443 0.045992640830431079 -0.03204764824994482 0.059017215297986349 0.036341024245719909 -0.036710414027754747 -0.031104002551120676 0.033751762966834367 -0.012792661634487263 -0.046296175577116815 0.013167705852461712 0.033600363351588967
leaf_weight=0.50231086090207355 5.375340466387569 1.52794497087598 0.75444854795932714 0.84382487088441827 0.70256708189845085 0.58432747423648779 0.78409063071012475 1.6832861788570883 0.62920694425702128 1.4690542910248039 0.8680470772087574 0.70260623097419772 1.987582044675946 3.0515920110046864
leaf_count=7 201 15 3 5 10 3 5 22 9 10 8 9 18 20
internal_value=6.21904e-10 0.00927188 0.0106688 0.0266916 0.0105369 0.00789433 0.0231953 0.00479785 -0.00840445 0.0143034 0.0105258 0.0116654 -0.00236269 0.019906
internal_weight=21.4662 16.0909 15.5886 2.30084 1.54639 13.2877 2.23647 11.0513 3.78155 2.09826 1.65214 7.26973 2.69019 4.57954
internal_count=345 144 137 18 15 119 16 103 41 19 13 62 27 35
is_linear=0
shrinkage=0.05


Tree=33
num_leaves=15
num_cat=0
split_feature=3 7 6 3 9 3 4 9 6 6 2 3 7 6
split_gain=1.99955 0.329881 0.327763 0.272514 0.514172 0.926424 0.325728 0.406121 0.259246 0.26448 0.409303 0.678399 0.258863 0.292318
threshold=6.5000000000000009 -6.9999999999999991 415.00000000000006 11.500000000000002 1.5000000000000002 14.500000000000002 2.5000000000000004 1.5000000000000002 421.00000000000006 513.00000000000011 56.500000000000007 2.5000000000000004 -2.9999999999999996 451.00000000000006
decision_type=2 2 2 2 2 2 2 2 2 2 2 2 2 2
left_child=1 -1 -3 6 5 -5 7 -2 -4 -10 -11 -12 -9 -14
right_child=3 2 8 4 -6 -7 -8 12 9 10 11 -13 13 -15
leaf_value=-0.031505497607428927 -0.047440216223970162 -0.069871860845508213 0.054228670206873247 -0.06253664693103117 -0.060653136972320248 0.054501099303515516 0.035680637390422307 -0.052037898368490078 0.0071450878449181958 0.057554571234224208 0.042154215740405815 -0.025985199330257277 0.031660614187730696 -0.014637297351077475
leaf_weight=0.48798451945185561 1.0692826313897963 0.12654238194227474 0.33801774680614372 0.353641550056636 1.2515542339533567 0.32398493308573961 0.26018487010151137 0.2996944198384891 12.517428230494259 0.69899392127990667 0.80130149424076058 0.67130380868911743 0.47447235509753127 1.2113900417461989
leaf_count=7 45 3 2 17 59 8 5 14 114 3 5 10 11 42
internal_value=-4.10448e-10 0.00895799 0.010261 -0.0267184 -0.0416595 -0.00657888 -0.0180235 -0.0225975 0.0109358 0.00993958 0.0260474 0.0110921 -0.009219 -0.00160712
internal_weight=20.8858 15.6416 15.1536 5.24421 1.92918 0.677626 3.31502 3.05484 15.027 14.689 2.1716 1.47261 1.98556 1.68586
internal_count=345 144 137 201 84 25 117 112 134 132 18 15 67 53
is_linear=0
shrinkage=0.05


Tree=34
num_leaves=15
num_cat=0
split_feature=3 6 6 6 3 5 6 3 6 3 7 6 6 0
split_gain=1.6754 0.635166 0.261987 0.614452 0.867847 0.417377 0.404584 0.328335 0.260923 0.580214 0.250169 0.195652 0.245402 0.208607
threshold=6.5000000000000009 415.00000000000006 483.00000000000006 469.00000000000006 14.500000000000002 5.5000000000000009 477.00000000000006 10.500000000000002 525.00000000000011 8.5000000000000018 -6.9999999999999991 525.00000000000011 529.00000000000011 1.5000000000000002
decision_type=2 2 2 2 2 2 2 2 2 2 2 2 2 2
left_child=1 -1 3 5 6 7 -5 -2 -4 -10 -3 13 -13 -12
right_child=2 10 8 4 -6 -7 -8 -9 9 -11 11 12 -14 -15
leaf_value=-0.080604822145415034 -0.020331069769014623 -0.026854632367067668 -0.051269359987454244 -0.056638822871225292 0.081487469851491343 0.031782455545583808 0.015386179391912062 -0.062110739526367156 0.069768557520331995 -0.060446401565098055 0.023375371609796566 0.055815562209062156 0.0091602737792379815 0.0061230772484903986
leaf_weight=0.19919002428651111 0.9677256057038901 0.46482695639133353 1.3477612584829328 0.33972579613327958 0.32639953400939703 0.22249516285955895 0.4576079323887825 0.91475789342075586 0.15387775748968113 0.19264990836381912 2.0650185011327258 0.51584844291210064 0.62132920697331429 11.565274048596619
leaf_count=3 38 7 64 16 4 5 13 49 2 10 15 3 7 109
internal_value=-7.36372e-12 0.00810234 -0.0253973 -0.0170418 0.0128114 -0.0329788 -0.015302 -0.0406331 -0.04132 -0.00262364 0.00926235 0.0103992 0.0303241 0.00873684
internal_weight=20.3545 15.4315 4.923 3.22871 1.12373 2.10498 0.797334 1.88248 1.69429 0.346528 15.2323 14.7675 1.13718 13.6303
internal_count=345 144 201 125 33 92 29 87 76 12 141 134 10 124
is_linear=0
shrinkage=0.05


Tree=35
num_leaves=15
num_cat=0
split_feature=3 6 6 6 6 3 6 1 6 2 1 6 6 6
split_gain=1.76399 0.264999 0.237088 0.460387 0.581689 0.403082 0.353236 0.203283 0.443132 0.738807 0.305118 1.01863 0.401588 0.652399
threshold=6.5000000000000009 415.00000000000006 483.00000000000006 469.00000000000006 471.00000000000006 9.5000000000000018 477.00000000000006 13.500000000000002 493.00000000000006 56.500000000000007 11.500000000000002 495.00000000000006 489.00000000000006 505.00000000000006
decision_type=2 2 2 2 2 2 2 2 2 2 2 2 2 2
left_child=1 -1 3 5 -5 -2 -6 10 9 -9 12 -12 -3 -14
right_child=2 7 -4 4 6 -7 -8 8 -10 -11 11 -13 13 -15
leaf_value=-0.065720255075316911 -0.005157582301286821 0.015603392303808148 -0.042505774044819949 0.066862232854780365 -0.05772570320190315 -0.050941311531215096 0.011177530913204741 0.033627044237985036 0.043483557597936248 -0.030726164227784181 -0.068158933084839821 0.023095279058666211 -0.034307519968740721 0.010157859591131718
leaf_weight=0.12005562707782047 0.79296851623803366 7.099905723705886 1.589353187009692 0.2988406680524347 0.30030803848057985 1.2209459701552985 0.48869271576404572 0.98886423557996683 1.2354503534734247 0.81240420415997505 0.55161117948591598 0.686275415122509 1.2388332113623621 2.4689273778349161
leaf_count=3 28 61 76 5 14 64 14 8 7 8 9 7 17 24
internal_value=-5.67639e-11 0.00827078 -0.0268028 -0.0187566 0.00745333 -0.0329142 -0.0150483 0.00885975 0.0204208 0.0046026 0.00594517 -0.0175683 0.00863834 -0.00469887
internal_weight=19.8934 15.2023 4.69111 3.10176 1.08784 2.01391 0.789001 15.0823 3.03672 1.80127 12.0456 1.23789 10.8077 3.70776
internal_count=345 144 201 125 33 92 28 141 23 16 118 16 102 41
is_linear=0
shrinkage=0.05


Tree=36
num_leaves=15
num_cat=0
split_feature=3 6 3 2 6 0 3 2 6 6 7 7 6 0
split_gain=1.64741 0.219077 0.634951 0.501293 0.287404 0.241306 0.591616 0.645449 0.245125 0.292155 0.399552 0.415389 0.359265 0.302248
threshold=7.5000000000000009 525.00000000000011 2.5000000000000004 54.500000000000007 515.00000000000011 1.5000000000000002 1.5000000000000002 56.500000000000007 513.00000000000011 453.00000000000006 9.0000000000000018 1.0000000180025095e-35 451.00000000000006 4.5000000000000009
decision_type=2 2 2 2 2 2 2 2 2 2 2 2 2 2
left_child=1 3 -3 -1 5 6 -5 -8 9 10 11 12 -7 -11
right_child=-2 2 -4 4 -6 8 7 -9 -10 13 -12 -13 -14 -15
leaf_value=-0.051071747285024276 -0.029603017459237588 0.05889300541675814 -0.017482027952851146 0.062490238441655369 -0.03261726787444643 0.0059866061419548214 -0.029813909362648161 0.040748146775901044 0.036135307157063153 -0.015183160815107705 0.058205569955178574 -0.030302950681685883 0.054987619297007087 0.0056011447819615517
leaf_weight=0.38057091180235225 3.7783565409481517 0.68099999427795299 0.45325161889195442 0.67552086710929771 0.4413492754101761 1.2750358376651982 0.66096472181379773 0.63586186803877354 0.62293850630521852 2.5510026412084681 0.50158782303333271 0.52146888524293888 0.52936438471078862 5.5649536196142435
leaf_count=7 177 4 7 3 7 15 10 6 4 36 3 8 3 55
internal_value=-4.44563e-10 0.00721857 0.0283732 0.0055477 0.00708902 0.0083834 0.0245483 0.00478418 0.0056269 0.00389025 0.0177314 0.00900291 0.0203622 -0.000931766
internal_weight=19.2732 15.4949 1.13425 14.3606 13.98 13.5387 1.97235 1.29683 11.5664 10.9434 2.82746 2.32587 1.8044 8.11596
internal_count=345 168 11 157 150 143 19 16 124 120 29 26 18 91
is_linear=0
shrinkage=0.05


Tree=37
num_leaves=15
num_cat=0
split_feature=3 1 2 1 6 1 6 1 1 6 0 9 8 4
split_gain=1.48171 0.213689 0.430765 0.37164 1.31652 0.331409 0.256621 0.461958 0.705415 0.508327 0.399189 0.756352 0.367736 0.212582
threshold=6.5000000000000009 2.5000000000000004 56.500000000000007 5.5000000000000009 467.00000000000006 3.5000000000000004 493.00000000000006 11.500000000000002 13.500000000000002 453.00000000000006 7.5000000000000009 1.5000000000000002 1500.0000000000002 1.5000000000000002
decision_type=2 2 2 2 2 2 2 2 2 2 2 2 2 2
left_child=1 2 -1 4 13 -6 7 12 -9 -10 11 -8 -5 -3
right_child=-2 3 -4 6 5 -7 10 8 9 -11 -12 -13 -14 -15
leaf_value=0.0010167338743765362 -0.025723654020964701 0.046882453653002157 0.040964080163798447 0.031780470901657691 -0.00624786027077985 -0.064863857828470803 -0.040205349076320403 -0.064716657179502146 0.025417681374797402 -0.028904234303413181 0.055112860334476321 0.023680267894937945 -0.0018488551197663593 0.0047282559577955753
leaf_weight=1.3929379954934149 4.3088207114487878 0.56503574550151758 1.3090473636984823 1.5888999402523025 0.32991054281592347 0.89620092790573835 0.56733798235654909 0.5397395454347137 0.94743208587169625 0.78955301269888878 0.64837188273668278 2.5263204649090767 1.66447845287621 0.6354009173810482
leaf_count=14 201 4 10 11 5 15 8 10 8 9 4 22 17 7
internal_value=-2.65846e-10 0.00769677 0.0203703 0.00476963 -0.0126508 -0.049092 0.00932861 0.00248613 -0.0147888 0.000725453 0.0194407 0.0119645 0.0145752 0.0245699
internal_weight=18.7095 14.4007 2.70199 11.6987 2.42655 1.22611 9.27213 5.5301 2.27672 1.73699 3.74203 3.09366 3.25338 1.20044
internal_count=345 144 24 120 31 20 89 55 27 17 34 30 28 11
is_linear=0
shrinkage=0.05


Tree=38
num_leaves=15
num_cat=0
split_feature=3 7 6 7 3 2 6 6 0 2 2 7 6 1
split_gain=1.30392 0.217807 0.311724 0.269616 0.300992 1.40385 0.40993 0.246848 0.287834 0.214735 0.24232 0.206126 0.370023 0.594383
threshold=6.5000000000000009 9.0000000000000018 489.00000000000006 6.5000000000000009 4.5000000000000009 56.500000000000007 525.00000000000011 513.00000000000011 6.5000000000000009 54.500000000000007 57.500000000000007 5.0000000000000009 483.00000000000006 11.500000000000002
decision_type=2 2 2 2 2 2 2 2 2 2 2 2 2 2
left_child=1 3 -3 4 6 7 11 8 -6 -2 -11 12 13 -1
right_child=9 2 -4 -5 5 -7 -8 -9 -10 10 -12 -13 -14 -15
leaf_value=0.021899042414146939 -0.06148130712184962 0.034156263442139602 -0.0072723450823388705 -0.029923201383862348 -0.018376433828766119 -0.05673071939789788 0.048237435055135752 0.051110275783918073 0.027363685565807094 -0.016666554159873601 -0.057824047625617638 0.035206207137698196 -0.010931379614961219 -0.022772778301568417
leaf_weight=3.8753519505262357 0.35589673183858295 1.5339174531400197 0.6449773721396922 0.53711965680122453 0.60334484837949387 0.96374630369245995 0.68105498701333989 0.42711822688579548 0.79998662695288658 3.4775037327781324 0.39862287137657393 0.62961716949939717 2.3414479717612267 0.92173379287123669
leaf_count=30 21 11 8 7 11 21 5 2 7 158 22 6 26 10
internal_value=3.59009e-10 0.00737058 0.0218929 0.00468456 0.00633785 -0.00788801 0.0110424 0.0178281 0.00769829 -0.024312 -0.0208992 0.00778142 0.00536256 0.0133156
internal_weight=18.1914 13.9594 2.17889 11.7805 11.2434 2.7942 8.44921 1.83045 1.40333 4.23202 3.87613 7.76815 7.13853 4.79709
internal_count=345 144 19 125 118 41 77 20 18 201 180 72 66 40
is_linear=0
shrinkage=0.05


Tree=39
num_leaves=15
num_cat=0
split_feature=3 3 6 4 0 1 3 8 5 8 6 6 6 1
split_gain=1.19385 0.235617 0.272711 0.226505 0.269333 0.642569 0.329814 0.34493 0.417691 0.217073 0.212277 0.262902 0.190108 0.657956
threshold=7.5000000000000009 1.5000000000000002 505.00000000000006 2.5000000000000004 5.5000000000000009 9.5000000000000018 11.500000000000002 1500.0000000000002 4.5000000000000009 1700.0000000000002 435.00000000000006 439.00000000000006 467.00000000000006 6.5000000000000009
decision_type=2 2 2 2 2 2 2 2 2 2 2 2 2 2
left_child=1 2 12 4 5 6 7 8 -2 -5 -3 -12 -1 -14
right_child=3 10 -4 9 -6 -7 -8 -9 -10 -11 11 -13 13 -15
leaf_value=0.0265160038396209 0.057469222924320974 -0.031948363008515848 0.045751279960146704 -0.029019892303331858 -0.050410641892415134 0.045830568550780701 -0.058562790964575701 -0.036999779762168027 -0.047305428497430538 0.05232015226470358 0.046639789165758269 0.0028925774615751673 -0.035902343742666688 0.032570600155561145
leaf_weight=1.0636481940746341 0.27436183579266094 0.41855487041175266 0.7093348205089568 0.15759814530611027 1.0907195620238779 0.31676721386611451 0.68726350460201491 0.6496783159673214 0.14560365956276655 0.17104587517678738 0.35528408735990424 10.289161354303358 0.698497414588928 0.70485898852348328
leaf_count=8 6 10 5 7 63 8 45 36 9 3 3 131 7 4
internal_value=-1.40843e-10 0.00642566 0.018429 -0.0261941 -0.0302974 -0.0197181 -0.0315364 -0.0141715 0.0211434 0.0133143 0.00297934 0.00435275 0.010573 -0.00151067
internal_weight=17.7324 14.2393 3.17634 3.49304 3.16439 2.07367 1.75691 1.06964 0.419965 0.328644 11.063 10.6444 2.467 1.40336
internal_count=345 168 24 177 167 104 96 51 15 10 144 134 19 11
is_linear=0
shrinkage=0.05


Tree=40
num_leaves=15
num_cat=0
split_feature=3 3 1 1 6 4 8 7 1 0 6 5 1 6
split_gain=1.13007 0.18697 0.253256 0.552872 0.37601 0.178248 0.213446 0.261557 0.291493 0.590284 0.373597 0.267492 0.147374 0.290405
threshold=7.5000000000000009 1.5000000000000002 3.5000000000000004 6.5000000000000009 497.00000000000006 2.5000000000000004 1700.0000000000002 -1.0000000180025095e-35 7.5000000000000009 5.5000000000000009 487.00000000000006 5.5000000000000009 13.500000000000002 493.00000000000006
decision_type=2 2 2 2 2 2 2 2 2 2 2 2 2 2
left_child=1 2 -1 -4 -5 6 7 -2 -9 10 -10 -11 -3 -14
right_child=5 12 3 4 -6 -7 -8 8 9 11 -12 -13 13 -15
leaf_value=0.04155994405537234 -0.052958688412532352 8.1421959529159611e-05 -0.028538747942229565 0.0060371164647278243 0.056150210765194566 0.010017873317461547 -0.052674640088735118 -0.039377310698103331 0.070613650515359214 -0.053918246363295598 -0.017157239416139444 0.033495136261877563 0.00067393347599712815 0.036945896511956504
leaf_weight=0.78621761500835718 0.52574175782501864 8.5843685949221236 0.69526597857475314 0.99502386152744271 0.60004223138093948 0.30495648086071003 0.77573294285684813 0.63164495490491246 0.35090253408998229 0.39978793449699879 0.18524062354117632 0.11204515304416418 1.4811155851930373 0.87950946763157833
leaf_count=5 32 122 7 8 4 10 54 38 7 25 7 4 16 6
internal_value=-5.6139e-10 0.00618506 0.0170752 0.00867016 0.024889 -0.0263916 -0.0301162 -0.0221812 -0.0125475 0.00362355 0.0402883 -0.0347826 0.00312393 0.014188
internal_weight=17.3076 14.0215 3.07655 2.29033 1.59507 3.28605 2.9811 2.20536 1.67962 1.04798 0.536143 0.511833 10.945 2.36063
internal_count=345 168 24 19 12 177 167 113 81 43 14 29 144 22
is_linear=0
shrinkage=0.05


Tree=41
num_leaves=15
num_cat=0
split_feature=3 6 6 0 3 7 7 0 2 7 6 6 8 6
split_gain=0.947157 0.186967 0.592433 0.544702 0.392312 0.385557 0.354341 0.274525 0.218175 0.181602 0.209318 0.737963 0.580623 0.274293
threshold=7.5000000000000009 505.00000000000006 501.00000000000006 7.5000000000000009 1.5000000000000002 2.5000000000000004 9.0000000000000018 2.5000000000000004 56.500000000000007 6.5000000000000009 483.00000000000006 493.00000000000006 1700.0000000000002 479.00000000000006
decision_type=2 2 2 2 2 2 2 2 2 2 2 2 2 2
left_child=1 2 6 4 -3 8 9 -8 -6 10 13 -12 -13 -1
right_child=-2 3 -4 -5 5 -7 7 -9 -10 -11 11 12 -14 -15
leaf_value=0.0025927476622561053 -0.02496380364912185 0.041049331670380183 -0.0600575955226757 0.065209350783738698 0.0077368523933272725 0.017469517544573179 0.049124396997322767 0.0081161512597516527 -0.046800962813025759 -0.028707351321333004 -0.046306758014466674 0.043536674114178692 -0.024009087166096201 0.030879405294978918
leaf_weight=5.4116165805607999 3.1084416429512194 0.62735389173030842 0.36473985016346055 0.48534416407346714 0.26940111815929391 0.91535661555826664 0.72310312837362356 0.93687345553189516 0.57429691962897778 0.49134552851319391 0.87595449574291739 0.70834673289209582 0.57757101394236088 1.0182819347828624
leaf_count=67 177 5 7 3 3 12 5 9 12 7 16 7 7 8
internal_value=-4.63944e-10 0.00555085 0.00261073 0.0169231 0.00710271 -0.0050041 0.00473839 0.0259798 -0.0293865 0.000856442 0.00254713 -0.0109121 0.0131984 0.00707241
internal_weight=17.088 13.9796 11.1078 2.87175 2.38641 1.75905 10.7431 1.65998 0.843698 9.08312 8.59177 2.16187 1.28592 6.4299
internal_count=345 168 133 35 32 27 126 14 15 112 105 30 14 75
is_linear=0
shrinkage=0.05


Tree=42
num_leaves=15
num_cat=0
split_feature=3 6 2 1 6 3 3 3 3 6 3 6 1 2
split_gain=0.90949 0.191235 0.313787 0.441239 0.420867 0.517511 0.395713 0.410492 0.248784 0.215412 0.170886 0.21815 0.170693 0.383453
threshold=6.5000000000000009 493.00000000000006 55.500000000000007 7.5000000000000009 449.00000000000006 14.500000000000002 11.500000000000002 10.500000000000002 9.5000000000000018 459.00000000000006 9.5000000000000018 525.00000000000011 2.5000000000000004 56.500000000000007
decision_type=2 2 2 2 2 2 2 2 2 2 2 2 2 2
left_child=12 2 8 -4 -5 6 7 -6 9 -2 11 -3 13 -1
right_child=1 10 3 4 5 -7 -8 -9 -10 -11 -12 -13 -14 -15
leaf_value=-0.00082185981917289876 0.013176813231864024 -0.042074277418659427 -0.03636404483236693 -0.061996288879742484 -0.00054980014768460969 0.10313282188084659 -0.052824233699334838 0.088335417041051398 -0.058840007387122667 -0.061403091913103419 -0.060427012795339956 0.036902665267060507 0.0034679833046207158 0.039097807658158769
leaf_weight=1.261525947600606 0.31863654218614079 0.27779272291809309 0.6021232847124337 0.14585780538618542 0.36084848269820213 0.18942074943333864 0.18502439372241497 0.20294714719057083 0.57744065811857581 0.13908133283257484 0.52523490367457271 0.1275996183976531 10.542752644978462 1.1498801633715627
leaf_count=14 12 18 37 10 15 2 13 3 40 9 38 4 120 10
internal_value=-2.5728e-10 -0.022038 -0.0153472 -0.00204453 0.017017 0.0293003 0.0106237 0.0314458 -0.0370166 -0.0094849 -0.0416037 -0.0172158 0.00621291 0.0182139
internal_weight=16.6062 3.65201 2.72138 1.68622 1.0841 0.938241 0.74882 0.563796 1.03516 0.457718 0.930627 0.405392 12.9542 2.41141
internal_count=345 201 141 80 43 33 31 18 61 21 60 22 144 24
is_linear=0
shrinkage=0.05


Tree=43
num_leaves=15
num_cat=0
split_feature=3 6 2 3 4 6 3 5 0 1 2 1 8 6
split_gain=0.781013 0.190888 0.313337 0.455303 0.382775 0.256652 0.181196 0.164559 0.160301 0.159117 0.333146 0.211507 0.91584 0.362892
threshold=6.5000000000000009 493.00000000000006 55.500000000000007 14.500000000000002 1.5000000000000002 477.00000000000006 9.5000000000000018 3.5000000000000004 6.5000000000000009 2.5000000000000004 56.500000000000007 5.5000000000000009 1700.0000000000002 493.00000000000006
decision_type=2 2 2 2 2 2 2 2 2 2 2 2 2 2
left_child=9 2 6 4 5 -4 8 -7 -2 10 -1 12 -11 -13
right_child=1 -3 3 -5 -6 7 -8 -9 -10 11 -12 13 -14 -15
leaf_value=-0.00034739039144544555 0.0075722397197541596 -0.041931167850384983 -0.045985458610613809 0.063400735202678915 0.035718505218958779 0.032040083233136653 -0.057068196458895472 -0.034331856564555736 -0.059644430066466227 -0.048198707522789125 0.037187999114248367 -0.0018674754966932863 0.017776563781009527 0.019396865912579681
leaf_weight=1.2571356035769015 0.29111720528453577 0.84738057712092985 0.65177320735529043 0.23403574712574471 0.32003388460725535 0.23230111785233021 0.52175433840602636 0.15617157611995935 0.12756782677024603 0.93468100763857309 1.1158501729369161 5.0699216276407224 1.2030697818845508 3.3204118721187115
leaf_count=14 12 60 46 6 11 6 40 11 9 18 10 55 13 34
internal_value=5.07251e-10 -0.0213868 -0.0145188 -0.00101713 -0.0121002 -0.0268117 -0.0374079 0.00535761 -0.0129078 0.00560676 0.0173029 0.0029705 -0.0110696 0.00654773
internal_weight=16.2832 3.38214 2.53475 1.59432 1.36028 1.04025 0.940439 0.388473 0.418685 12.9011 2.37299 10.5281 2.13775 8.39033
internal_count=345 201 141 80 74 63 61 17 21 144 24 120 31 89
is_linear=0
shrinkage=0.05


Tree=44
num_leaves=15
num_cat=0
split_feature=3 6 2 3 4 6 7 6 6 1 6 8 6 0
split_gain=0.679594 0.186404 0.284083 0.392455 0.33211 0.24206 0.174722 0.313825 0.284393 0.244919 0.241082 0.262814 0.221623 0.277218
threshold=6.5000000000000009 493.00000000000006 55.500000000000007 14.500000000000002 1.5000000000000002 477.00000000000006 9.0000000000000018 443.00000000000006 489.00000000000006 5.5000000000000009 453.00000000000006 1700.0000000000002 505.00000000000006 7.5000000000000009
decision_type=2 2 2 2 2 2 2 2 2 2 2 2 2 2
left_child=6 2 -2 4 5 -4 7 -1 9 -8 11 -9 -12 -14
right_child=1 -3 3 -5 -6 -7 8 10 -10 -11 12 -13 13 -15
leaf_value=-0.025634695210712141 -0.036070609013691628 -0.041409999144105369 -0.044826430952232994 0.058768901071953795 0.033434412007188372 0.0057911823902944276 0.056298727847252907 0.0032482760607093681 -0.011110896628925046 0.013746841367922952 -0.0032293607093097014 0.043394027416810095 0.0072469446624577744 0.054090113877044925
leaf_weight=0.89553100615739722 0.89152208901941943 0.79857144458219398 0.61605590488761641 0.23566538747400034 0.31535298936069012 0.38304392620921135 0.56767603009939083 0.83555272221565136 0.56301328353583802 0.83640091121196747 5.9771065162494761 0.79608416557312012 1.854108536615968 0.38069084286689747
leaf_count=13 61 60 46 6 11 17 4 9 8 7 70 6 24 3
internal_value=3.8236e-10 -0.0204402 -0.0135817 -0.00064761 -0.0113003 -0.0254202 0.00521247 0.0027031 0.0189121 0.0309508 0.00528117 0.0228356 0.00179325 0.0152265
internal_weight=15.9464 3.24021 2.44164 1.55012 1.31445 0.9991 12.7062 10.7391 1.96709 1.40408 9.84354 1.63164 8.21191 2.2348
internal_count=345 201 141 80 74 63 144 125 19 11 112 15 97 27
is_linear=0
shrinkage=0.05


Tree=45
num_leaves=15
num_cat=0
split_feature=3 6 6 7 6 1 2 6 4 7 7 7 1 0
split_gain=0.610433 0.16059 0.520532 0.324591 0.475558 0.290384 0.358762 0.271303 0.490195 0.432671 0.756562 0.625019 0.523245 0.455231
threshold=7.5000000000000009 453.00000000000006 459.00000000000006 9.0000000000000018 449.00000000000006 2.5000000000000004 56.500000000000007 461.00000000000006 1.5000000000000002 1.0000000180025095e-35 -1.0000000180025095e-35 -2.9999999999999996 8.5000000000000018 7.5000000000000009
decision_type=2 2 2 2 2 2 2 2 2 2 2 2 2 2
left_child=1 3 -3 4 -1 6 -4 -7 9 10 11 13 -12 -9
right_child=-2 2 5 -5 -6 7 -8 8 -10 -11 12 -13 -14 -15
leaf_value=-0.010465275635032963 -0.022243901844101313 -0.054613150626932373 -0.0073026546853619881 0.057539813143769991 0.032110259755895557 0.029966053319227526 0.039534077524664028 -0.032700575895749991 -0.039397806965753471 0.014748354638330883 -0.010043100941872682 0.040942164076735482 -0.076344340259443741 0.032874964120589628
leaf_weight=1.4925808785483239 2.5791177903302023 0.39941885694861312 0.65176868531852772 0.38180789351463307 1.1700096093118189 0.67265129089355458 1.0970337670296428 0.95926674362271824 0.82984735071659077 3.1374157778918743 0.59711835719645223 0.81964235939085517 0.59320876933634281 0.3655008003115654
leaf_count=24 177 7 9 3 10 5 12 17 18 38 8 7 7 3
internal_value=-1.21248e-10 0.00435699 0.00132882 0.0144259 0.00824349 0.00362679 0.0220783 -0.000419531 -0.00321861 0.00142022 -0.0111193 0.00662429 -0.0430848 -0.0146084
internal_weight=15.7464 13.1673 10.1229 3.0444 2.66259 9.72345 1.7488 7.97465 7.302 6.47215 3.33474 2.14441 1.19033 1.32477
internal_count=345 168 131 37 34 124 21 103 98 80 42 27 15 20
is_linear=0
shrinkage=0.05


Tree=46
num_leaves=15
num_cat=0
split_feature=2 1 4 3 4 8 3 6 6 7 3 1 7 1
split_gain=0.547497 0.464282 0.561882 0.641795 0.300356 0.20694 0.198069 0.281332 0.523307 0.854885 0.687605 0.568652 0.476144 0.518571
threshold=54.500000000000007 2.5000000000000004 2.5000000000000004 3.5000000000000004 1.5000000000000002 1500.0000000000002 7.5000000000000009 453.00000000000006 479.00000000000006 -1.0000000180025095e-35 2.5000000000000004 5.5000000000000009 2.5000000000000004 6.5000000000000009
decision_type=2 2 2 2 2 2 2 2 2 2 2 2 2 2
left_child=-1 2 3 4 -2 -5 7 -3 9 -9 -11 -10 13 -13
right_child=1 6 -4 5 -6 -7 -8 8 11 10 -12 12 -14 -15
leaf_value=-0.04984770059479407 0.058737212710886645 0.016055792817692174 0.070142232938283436 -0.065447146644921406 0.0090745945856067264 -0.0082973962335392958 -0.01623825617160644 0.021325691167328773 -0.042171703177892615 -0.075198265198347367 -0.010572942800996361 -0.050967209544636217 0.027311818231951276 0.0061662716599988447
leaf_weight=0.53198707709088822 0.62315848469734347 2.27160756010562 0.47138380259275425 0.19679992366582133 0.59528374671936035 0.81180864525958896 2.1243827217258504 0.73540740925818715 0.58297211490571488 0.83944273367524125 0.80756709538400173 0.48205055668950114 2.2084335088729858 2.2553104413673282
leaf_count=27 4 27 3 9 6 20 145 9 15 7 14 8 23 28
internal_value=-3.14685e-10 0.00176723 0.0205499 0.0100531 0.034474 -0.0194485 -0.00235101 0.000546218 -0.00390718 -0.0234971 -0.043511 0.00453437 0.0100397 -0.00389496
internal_weight=15.5376 15.0056 2.69843 2.22705 1.21844 1.00861 12.3072 10.1828 7.91118 2.38242 1.64701 5.52877 4.94579 2.73736
internal_count=345 318 42 39 10 29 276 131 104 30 21 74 59 36
is_linear=0
shrinkage=0.05


Tree=47
num_leaves=15
num_cat=0
split_feature=3 2 2 7 3 3 4 7 7 6 1 6 3 1
split_gain=0.490212 0.152599 0.266072 0.442286 0.451656 0.231226 0.19932 0.163331 0.146974 0.2784 0.437866 0.258758 0.162901 0.207486
threshold=7.5000000000000009 57.500000000000007 56.500000000000007 1.0000000180025095e-35 14.500000000000002 11.500000000000002 2.5000000000000004 1.0000000180025095e-35 9.0000000000000018 459.00000000000006 7.5000000000000009 443.00000000000006 1.5000000000000002 6.5000000000000009
decision_type=2 2 2 2 2 2 2 2 2 2 2 2 2 2
left_child=8 2 7 4 5 -4 -5 -2 11 -10 -11 -1 13 -13
right_child=1 -3 3 6 -6 -7 -8 -9 9 10 -12 12 -14 -15
leaf_value=-0.022795788693333201 -0.053132474249187156 -0.056257427763614302 0.020721217232052305 -0.051965827922573919 0.095364978501199821 -0.060511706743743614 0.027552547986269688 -0.013989211560773386 0.057394621802929237 0.02336310934173522 -0.038713493314281235 0.0021265032110162289 0.00086835287268896338 0.034045162180500327
leaf_weight=0.97075035143643518 0.54567609680816664 0.26268649380654086 0.38900331826880574 0.38808741327375174 0.17675128486007452 0.11306264484301209 0.098885169252753258 0.5208938904106617 0.34763955324888129 1.1305998265743253 0.37939591147005547 1.1085693240165695 7.4410721166059375 0.94159878790378559
leaf_count=18 49 21 19 37 4 10 3 34 3 12 8 11 109 7
internal_value=4.33768e-10 -0.0202104 -0.0159687 0.000542247 0.026627 0.00242799 -0.0358187 -0.0340156 0.00409314 0.0170535 0.00776597 0.00179189 0.00430668 0.0167861
internal_weight=14.8147 2.49505 2.23236 1.16579 0.678817 0.502066 0.486973 1.06657 12.3196 1.85764 1.51 10.462 9.49124 2.05017
internal_count=345 177 156 73 33 29 40 83 168 23 20 145 127 18
is_linear=0
shrinkage=0.05


Tree=48
num_leaves=15
num_cat=0
split_feature=3 1 2 0 6 3 5 6 0 7 6 6 1 6
split_gain=0.424368 0.174372 0.371468 0.433858 0.368443 0.366289 0.256466 0.208447 0.183982 0.158528 0.254011 0.222268 0.20056 0.161447
threshold=6.5000000000000009 7.5000000000000009 56.500000000000007 6.5000000000000009 483.00000000000006 14.500000000000002 6.5000000000000009 477.00000000000006 5.5000000000000009 9.0000000000000018 443.00000000000006 489.00000000000006 5.5000000000000009 453.00000000000006
decision_type=2 2 2 2 2 2 2 2 2 2 2 2 2 2
left_child=9 -2 -3 4 5 7 -5 -4 -6 10 -1 12 -11 -12
right_child=1 2 3 6 8 -7 -8 -9 -10 11 13 -13 -14 -15
leaf_value=-0.024358729316341129 -0.03394389139999817 -0.032486174985183525 -0.032183707640915528 -0.054547232532078917 -0.058960258646635094 0.12743508854867364 0.04558643290986418 0.05966210346215748 0.031968710892740441 0.054143337302949714 0.019195409857071681 -0.0087632971549489146 0.012915272727924003 0.0012633881468002053
leaf_weight=0.84883219562470813 1.0088246674276899 0.85297284368425597 0.0907653081230817 0.27948696911334991 0.11675383057445288 0.14751613140106201 0.082916360348463058 0.19341483153402805 0.1062602405436337 0.50190860033035167 1.5057319272309522 0.53461264073848713 0.71550185978412628 7.5438110893592238
leaf_count=13 85 63 10 23 9 1 2 3 5 4 15 8 7 97
internal_value=-1.21188e-10 -0.01719 -0.00815199 0.0122552 0.0365509 0.0635102 -0.0316371 0.0303271 -0.015635 0.00424778 0.00179397 0.018111 0.0299126 0.00424705
internal_weight=14.5293 2.87891 1.87009 1.01711 0.65471 0.431696 0.362403 0.28418 0.223014 11.6504 9.89838 1.75202 1.21741 9.04954
internal_count=345 201 116 53 28 14 25 13 14 144 125 19 11 112
is_linear=0
shrinkage=0.05


Tree=49
num_leaves=15
num_cat=0
split_feature=2 3 5 1 0 6 8 7 2 7 6 5 6 8
split_gain=0.412671 0.368923 0.496766 0.37389 0.355938 0.433478 0.291792 0.433593 0.505736 0.396486 0.275572 0.257309 0.254794 0.441196
threshold=54.500000000000007 3.5000000000000004 4.5000000000000009 7.5000000000000009 1.5000000000000002 525.00000000000011 1700.0000000000002 2.5000000000000004 56.500000000000007 -4.9999999999999991 453.00000000000006 3.5000000000000004 469.00000000000006 1700.0000000000002
decision_type=2 2 2 2 2 2 2 2 2 2 2 2 2 2
left_child=-1 4 3 6 -2 -6 7 -3 -9 -8 -4 -11 -5 -14
right_child=1 2 10 12 5 -7 9 8 -10 11 -12 -13 13 -15
leaf_value=-0.045081544429183884 0.036136073309824372 -0.055966429419232716 0.030852366418651436 -0.006587567321797029 0.00043889567673635393 0.0477847131178743 0.05229385241383222 0.043252681939313815 -0.036314069775785197 -0.052564292907206572 -0.042812067921898928 0.010609550778483504 0.034819740994927698 -0.018484483625084099
leaf_weight=0.49034710926934977 1.0929259583353994 0.73707757750526093 0.14297319157049049 1.307605817448348 5.0772890355437994 0.53431704640388478 0.3207327276468277 0.34247940219938755 0.47907334752380848 0.27383091347292055 1.1333889546804128 0.39181518787518144 1.5629956615157428 0.51646505622193206
leaf_count=27 9 33 6 52 56 5 2 5 12 16 60 14 30 18
internal_value=-1.39525e-10 0.00158885 -0.00626336 -0.000174875 0.0100312 0.00494699 -0.0146561 -0.0281244 -0.0031452 0.00662586 -0.0345605 -0.0153787 0.0107062 0.0215808
internal_weight=14.4033 13.913 7.20844 5.93208 6.70453 5.61161 2.54501 1.55863 0.821553 0.986379 1.27636 0.665646 3.38707 2.07946
internal_count=345 318 248 182 70 61 82 50 17 32 66 30 100 48
is_linear=0
shrinkage=0.05


Tree=50
num_leaves=15
num_cat=0
split_feature=3 3 9 3 4 8 3 6 7 6 6 1 7 6
split_gain=0.30666 0.183812 0.836386 0.234642 0.189581 0.213243 0.3068 0.156378 0.132534 0.249985 0.81753 0.509405 0.378437 0.312566
threshold=7.5000000000000009 14.500000000000002 1.5000000000000002 11.500000000000002 2.5000000000000004 1500.0000000000002 10.500000000000002 523.00000000000011 9.0000000000000018 493.00000000000006 483.00000000000006 12.500000000000002 5.0000000000000009 443.00000000000006
decision_type=2 2 2 2 2 2 2 2 2 2 2 2 2 2
left_child=8 3 -3 4 5 6 7 -2 9 10 12 -11 13 -1
right_child=1 2 -4 -5 -6 -7 -8 -9 -10 11 -12 -13 -14 -15
leaf_value=-0.021111582154249801 -0.040665634533765128 0.08228599110244994 -0.060180909383514475 -0.052633782552532253 0.040605661377396851 -0.038821073530009874 0.0612267746678819 0.04913032468609807 0.015996976229967177 -0.0032959317814210236 -0.050597518608939962 0.03530942503727922 -0.043566472729361372 0.011058210139068452
leaf_weight=0.9103923635557275 0.25247201882302872 0.21125459996983398 0.20107421232387424 0.5159794446080922 0.14785317331552494 0.62758380407467484 0.16281922347843647 0.060008454136550426 1.7183087193407107 2.2186613092198972 0.8489389969035982 1.389729958027601 0.42292095907032479 4.4255383694544435
leaf_count=17 21 8 18 58 4 60 6 2 23 37 16 12 9 54
internal_value=-5.50174e-10 -0.0172484 0.0128113 -0.024264 -0.0125603 -0.0196877 0.00557584 -0.0234213 0.00314928 0.000988367 -0.00479142 0.0115725 0.00196107 0.00556955
internal_weight=14.1135 2.17904 0.412329 1.76672 1.25074 1.10288 0.4753 0.31248 11.9345 10.2162 6.60779 3.60839 5.75885 5.33593
internal_count=345 177 26 151 93 89 29 23 168 145 96 49 80 71
is_linear=0
shrinkage=0.05


Tree=51
num_leaves=15
num_cat=0
split_feature=2 3 5 6 0 1 4 6 3 1 6 6 6 0
split_gain=0.399783 0.24782 0.414475 0.314642 0.38427 0.26385 0.256438 0.242917 0.432229 0.19449 0.36305 0.257699 0.458553 0.223967
threshold=54.500000000000007 3.5000000000000004 4.5000000000000009 525.00000000000011 1.5000000000000002 7.5000000000000009 2.5000000000000004 437.00000000000006 14.500000000000002 11.500000000000002 495.00000000000006 479.00000000000006 461.00000000000006 7.5000000000000009
decision_type=2 2 2 2 2 2 2 2 2 2 2 2 2 2
left_child=-1 3 5 4 -2 -3 -4 -7 -9 10 11 12 -6 -11
right_child=1 2 6 -5 9 7 -8 8 -10 13 -12 -13 -14 -15
leaf_value=-0.046402753355762237 0.032767801589890587 -0.012267446360488798 -0.046999786168382171 0.046656017239004428 0.024268368979940474 -0.030942263546837524 0.0038765261710053673 0.008669576097715596 0.079992707843961425 -0.038245201473693924 -0.027449603111844197 0.038026285449745859 -0.022014445763473115 0.0025434236197343757
leaf_weight=0.44908159808255632 1.0554984360933302 2.345121671911329 0.83659207634627797 0.49948741495609272 1.245585147291423 0.33114921208471093 0.35184750938788056 2.7344954232685272 0.23030966287478793 0.635361138731241 0.67675416450947512 0.76981902495026577 0.93831905350089062 0.71559439226984978
leaf_count=27 9 82 54 5 12 19 12 75 6 8 12 6 11 7
internal_value=-2.5533e-10 0.00155908 -0.00510151 0.00851835 0.00536289 0.000552173 -0.0319374 0.00967353 0.01421 -0.000443845 0.00558287 0.0131512 0.00438286 -0.0166397
internal_weight=13.815 13.3659 6.82952 6.53642 6.03693 5.64108 1.18844 3.29595 2.96481 4.98143 3.63048 2.95372 2.1839 1.35096
internal_count=345 318 248 70 65 182 66 100 81 56 41 29 23 15
is_linear=0
shrinkage=0.05


Tree=52
num_leaves=15
num_cat=0
split_feature=2 6 7 3 9 3 0 3 3 3 2 6 6 6
split_gain=0.366542 0.205451 0.416785 0.28099 0.74103 0.378381 0.258974 0.647525 0.190083 0.242395 0.208227 0.196194 0.215765 0.308035
threshold=54.500000000000007 443.00000000000006 9.0000000000000018 14.500000000000002 1.5000000000000002 11.500000000000002 1.5000000000000002 3.5000000000000004 10.500000000000002 7.5000000000000009 56.500000000000007 447.00000000000006 451.00000000000006 453.00000000000006
decision_type=2 2 2 2 2 2 2 2 2 2 2 2 2 2
left_child=-1 2 -2 5 -5 6 7 -3 9 11 -10 -8 -13 -14
right_child=1 3 -4 4 -6 -7 8 -9 10 -11 -12 12 13 -15
leaf_value=-0.045408680957053763 -0.026419389759521524 0.052805588992522134 0.050357721488308263 0.10280611292634623 -0.060538844514807677 -0.048033063567788969 0.036707790583855704 -0.024584137033833147 -0.0035954319135563261 -0.031390070050771567 0.082612745288445574 -0.039143411322538769 0.038235241763624549 -0.00040036760626045416
leaf_weight=0.43028274923562904 1.2939200028777129 0.78213930875062476 0.20473012980073679 0.21523695345968086 0.10249698581174016 0.35955357644707042 0.39416360482573054 0.41302064945921302 0.13266997644677836 0.57079154625535089 0.1483910595998168 0.32793556526303191 0.55344532057642748 7.6045020641759038
leaf_count=27 46 6 4 4 10 41 4 16 9 52 4 5 5 112
internal_value=6.06237e-10 0.00149115 -0.0159309 0.00374113 0.0501131 0.0024357 0.00409637 0.0260614 0.00139887 0.000193813 0.0419197 0.00222396 0.00062221 0.00222072
internal_weight=13.5333 13.103 1.49865 11.6043 0.317734 11.2866 10.9271 1.19516 9.7319 9.45084 0.281061 8.88005 8.48588 8.15795
internal_count=345 318 50 268 14 254 213 22 191 178 13 126 122 117
is_linear=0
shrinkage=0.05


Tree=53
num_leaves=15
num_cat=0
split_feature=2 1 6 3 7 3 3 0 3 2 3 6 6 1
split_gain=0.270653 0.229343 0.227453 0.472085 0.390898 0.359311 0.27479 0.332608 0.518195 0.203903 0.191113 0.177169 0.196081 0.372075
threshold=54.500000000000007 12.500000000000002 443.00000000000006 14.500000000000002 9.0000000000000018 11.500000000000002 10.500000000000002 1.5000000000000002 3.5000000000000004 56.500000000000007 7.5000000000000009 447.00000000000006 493.00000000000006 11.500000000000002
decision_type=2 2 2 2 2 2 2 2 2 2 2 2 2 2
left_child=1 -1 4 5 -2 6 7 8 -4 -8 11 -9 -13 -14
right_child=2 -3 3 -5 -6 -7 9 10 -10 -11 -12 12 13 -15
leaf_value=-0.066502984081309349 -0.02703425796436288 0.0098045087555576494 0.051977334980440215 0.059158288731227748 0.0493577488882041 -0.049768766155023916 -0.0083632181097821404 0.03437581746252779 -0.021113355846787977 0.068986312363098198 -0.029920927051262699 -0.0069688803498606199 -0.0046405286060008672 0.030018138044912091
leaf_weight=0.2744417991489162 1.292785671073944 0.15356472507119179 0.73534631729125333 0.3707148367539056 0.19237795751541842 0.32778682699427086 0.12488261237740594 0.3709368668496581 0.36181659391149879 0.26814572094008327 0.54626645427197296 5.1944982968270761 2.0189075926318769 1.2561886850744484
leaf_count=20 46 7 6 14 4 41 9 4 13 7 52 72 37 13
internal_value=-6.29818e-10 -0.0391246 0.00128214 0.00364561 -0.017139 0.00180895 0.00336328 0.00182454 0.0278739 0.0444089 -0.0012202 0.000553255 -0.000928048 0.00865307
internal_weight=13.4887 0.428007 13.0607 11.5755 1.48516 11.2048 10.877 10.484 1.09716 0.393028 9.3868 8.84053 8.46959 3.2751
internal_count=345 27 318 268 50 254 213 197 19 16 178 126 122 50
is_linear=0
shrinkage=0.05


Tree=54
num_leaves=15
num_cat=0
split_feature=3 9 3 6 9 6 6 2 1 8 6 6 8 3
split_gain=0.423358 1.20459 0.427532 0.235223 0.436003 0.193951 0.391206 0.246229 0.436862 0.362109 0.354042 0.441466 0.206441 0.224974
threshold=14.500000000000002 1.5000000000000002 11.500000000000002 443.00000000000006 1.5000000000000002 453.00000000000006 459.00000000000006 55.500000000000007 7.5000000000000009 1700.0000000000002 461.00000000000006 499.00000000000006 1700.0000000000002 2.5000000000000004
decision_type=2 2 2 2 2 2 2 2 2 2 2 2 2 2
left_child=2 -2 3 4 -1 12 -7 8 9 -8 -10 -12 13 -5
right_child=1 -3 -4 5 -6 6 7 -9 10 -11 11 -13 -14 -15
leaf_value=-0.043814780117084819 0.088553665131000214 -0.062755185829687921 -0.051255347680219145 0.043356241825886821 0.01165573266484104 -0.050173992917695191 -0.081892905962804644 0.0051358139571928479 0.059023681472874567 0.0023048092675856213 -0.060852419112442484 0.023515364152229518 0.036293867095011388 -0.016147509729971903
leaf_weight=0.80082975886761854 0.41634339559823352 0.19228857709094882 0.42473468859680075 0.21955961734056362 0.63524595927447081 0.38023072760552068 0.35975112160667577 7.6438132827170193 0.22316754516214132 0.1979663479141891 0.28107363032177091 0.345833670347929 0.79996923822909594 0.57447310350835323
leaf_count=19 8 18 58 2 17 12 11 149 2 4 16 5 9 15
internal_value=8.81184e-10 0.0407498 -0.0019246 -0.000243277 -0.0192775 0.00223586 -0.00049033 0.00159673 -0.0176192 -0.0520062 0.00494141 -0.0143109 0.0183669 0.000305995
internal_weight=13.4953 0.608632 12.8866 12.4619 1.43608 11.0258 9.43184 9.05161 1.40779 0.557717 0.850075 0.626907 1.594 0.794033
internal_count=345 26 319 261 36 225 199 187 38 15 23 21 26 17
is_linear=0
shrinkage=0.05


Tree=55
num_leaves=15
num_cat=0
split_feature=3 9 3 6 2 0 7 6 6 3 3 0 6 8
split_gain=0.618593 0.999221 0.387491 0.343699 0.227727 0.205444 0.201333 0.552675 0.474543 0.206748 0.336504 0.200633 0.190303 0.280118
threshold=14.500000000000002 1.5000000000000002 11.500000000000002 417.00000000000006 54.500000000000007 6.5000000000000009 2.5000000000000004 481.00000000000006 453.00000000000006 2.5000000000000004 5.5000000000000009 2.5000000000000004 479.00000000000006 1700.0000000000002
decision_type=2 2 2 2 2 2 2 2 2 2 2 2 2 2
left_child=2 -2 3 -1 5 -5 12 8 -8 -9 -11 -10 13 -6
right_child=1 -3 -4 4 6 -7 7 9 11 10 -12 -13 -14 -15
leaf_value=-0.046830325545685093 0.081697018115760842 -0.059311803407354514 -0.050993416034121435 -0.071659908056945748 -0.0073841775669690945 0.012849173729811239 0.023216111800765299 0.038355946830122237 0.0022266006021948587 -0.014838716195299105 0.03000881220509842 -0.051473106674172132 -0.012460146872702433 0.019154655330538322
leaf_weight=0.39431719202547988 0.50625819945707995 0.16710333293303847 0.39856555033475238 0.20124443457461794 2.3529925090260786 0.11190684605389833 0.50508806155994512 1.2175143733620646 0.23592556687071919 0.71374536491930474 1.0103499768301842 0.66203339956700802 3.2010224708355963 1.7219396415166555
leaf_count=10 8 18 58 9 51 4 13 12 7 13 25 17 70 30
internal_value=-1.20194e-09 0.0467039 -0.00247108 -0.000902361 0.000615197 -0.04146 0.00174904 0.0102659 -0.0155557 0.0225819 0.0114427 -0.0373643 -0.0033366 0.00383031
internal_weight=13.4 0.673362 12.7266 12.3281 11.9338 0.313151 11.6206 4.34466 1.40305 2.94161 1.7241 0.897959 7.27595 4.07493
internal_count=345 26 319 261 251 13 238 87 37 50 38 24 151 81
is_linear=0
shrinkage=0.05


Tree=56
num_leaves=15
num_cat=0
split_feature=3 9 3 6 9 6 4 5 6 7 7 6 1 7
split_gain=0.559066 0.853904 0.352001 0.233255 0.381727 0.169314 0.337567 0.303491 0.458554 0.373005 0.284255 0.482215 0.446865 1.11446
threshold=14.500000000000002 1.5000000000000002 11.500000000000002 443.00000000000006 1.5000000000000002 453.00000000000006 1.5000000000000002 3.5000000000000004 495.00000000000006 -4.9999999999999991 2.5000000000000004 481.00000000000006 8.5000000000000018 -1.0000000180025095e-35
decision_type=2 2 2 2 2 2 2 2 2 2 2 2 2 2
left_child=2 -2 3 4 -1 -5 10 9 -9 -8 12 -12 -7 -14
right_child=1 -3 -4 5 -6 6 7 8 -10 -11 11 -13 13 -15
leaf_value=-0.043282651580339733 0.074018076843508182 -0.058439871726462846 -0.049757429137855073 0.017021698587082218 0.0095984401118718778 0.0089811856760168059 0.01276655961803156 0.018207211078566855 -0.053242831416975701 -0.060545514659947855 -0.023666584495206699 0.025711380021954746 0.010655254392311901 -0.071702992605846727
leaf_weight=0.78259690664708326 0.53314297180622894 0.15765149518847466 0.38071087189018804 1.5200240891426791 0.60515230009332299 2.4996953229419869 0.23663754016160965 0.80239383550360777 0.31182244047522545 0.65029824757948551 0.62090657604858313 2.4275553901679814 0.96615014225244522 0.71456202678382374
leaf_count=19 8 18 58 26 17 51 3 21 11 21 15 43 17 17
internal_value=6.95246e-10 0.0437888 -0.00241635 -0.000931461 -0.0202229 0.00155892 -0.00098753 -0.0191612 -0.00178866 -0.0409856 0.00404346 0.0156541 -0.00442336 -0.0243597
internal_weight=13.2093 0.690794 12.5185 12.1378 1.38775 10.75 9.23002 2.00115 1.11422 0.886936 7.22887 3.04846 4.18041 1.68071
internal_count=345 26 319 261 36 225 199 56 32 24 143 58 85 34
is_linear=0
shrinkage=0.05


Tree=57
num_leaves=15
num_cat=0
split_feature=2 3 9 3 1 3 6 0 3 6 7 7 2 6
split_gain=0.228012 0.256246 0.600756 0.314197 0.180268 0.163619 0.335407 0.450632 0.155807 0.275803 0.134201 0.434328 0.328676 0.277027
threshold=54.500000000000007 14.500000000000002 1.5000000000000002 11.500000000000002 12.500000000000002 1.5000000000000002 497.00000000000006 5.5000000000000009 10.500000000000002 477.00000000000006 2.5000000000000004 1.0000000180025095e-35 57.500000000000007 497.00000000000006
decision_type=2 2 2 2 2 2 2 2 2 2 2 2 2 2
left_child=4 3 -3 5 -1 6 7 -2 10 -10 11 13 -12 -7
right_child=1 2 -4 -5 -6 8 -8 -9 9 -11 12 -13 -14 -15
leaf_value=-0.065844165282863493 0.018653545918006723 0.065306381851078385 -0.05778924639725648 -0.04956745869693651 0.0063000286055380026 0.0024189682498239181 0.044699346712311835 -0.040834507155428884 -0.030085841724953988 0.058522582467042589 -0.00095943910957797774 -0.05337889624302599 0.048386010930739139 -0.026283299178970338
leaf_weight=0.23031886038370508 1.0655240193009334 0.40293410420417863 0.1314547760412097 0.31588578270748335 0.13874996546655893 3.9316800604574347 0.61282436922192562 0.45398674532771099 0.1319972416386016 0.26238828524947166 3.021552035119385 0.48278689384460438 0.37987867882475246 1.0693228230811653
leaf_count=20 12 7 16 49 7 82 6 5 10 9 70 22 5 25
internal_value=-1.54318e-10 0.00116545 0.035026 -0.000377433 -0.0387218 0.000984161 0.0134736 0.000880202 -0.00188576 0.0288662 -0.00325074 -0.00809027 0.00455156 -0.0037182
internal_weight=12.6313 12.2622 0.534389 11.7278 0.369069 11.4119 2.13234 1.51951 9.27961 0.394386 8.88522 5.48379 3.40143 5.001
internal_count=345 318 23 295 27 246 23 17 223 19 204 129 75 107
is_linear=0
shrinkage=0.05


Tree=58
num_leaves=15
num_cat=0
split_feature=2 4 3 0 1 6 3 3 3 2 3 7 1 3
split_gain=0.188713 0.187627 0.18696 0.317999 0.303212 0.204177 0.341666 0.204319 0.364943 0.224334 0.191102 0.159977 0.391152 0.170825
threshold=54.500000000000007 1.5000000000000002 1.5000000000000002 1.5000000000000002 6.5000000000000009 443.00000000000006 14.500000000000002 11.500000000000002 10.500000000000002 56.500000000000007 2.5000000000000004 9.0000000000000018 12.500000000000002 10.500000000000002
decision_type=2 2 2 2 2 2 2 2 2 2 2 2 2 2
left_child=1 -1 3 -2 -5 10 7 8 -7 -10 -4 12 13 -12
right_child=2 -3 5 4 -6 6 -8 -9 9 -11 11 -13 -14 -15
leaf_value=0.00914113491863606 0.059159608926171114 -0.06517083553130737 -0.058739074014936749 -0.022359821832151964 0.021441444580780747 -0.0023968112914980787 0.045880964930695586 -0.045335686037807167 -0.014120137956030593 0.067259468075159312 0.011735201771175138 0.046855743796614696 -0.084818568157152885 -0.055589964079748172
leaf_weight=0.14016329683363515 0.33715609461069052 0.21559419529512525 0.26393262669443973 0.60821404308080662 1.1276361867785452 7.7676731473766214 0.40205254289321679 0.25539699289947826 0.11641880637034763 0.31066698068752885 0.53250003606081009 0.10742602171376348 0.1729927072301507 0.11447279620915651
leaf_count=6 3 21 3 8 12 177 14 41 9 7 18 3 6 17
internal_value=2.39707e-10 -0.035893 0.00105387 0.0147248 0.00609418 -0.00176784 0.000847445 -0.00129522 7.73421e-05 0.0450763 -0.0212009 -0.0105177 -0.0180343 -0.000177045
internal_weight=12.4723 0.355757 12.1165 2.07301 1.73585 10.0435 8.85221 8.45016 8.19476 0.427086 1.19132 0.927392 0.819966 0.646973
internal_count=345 27 318 23 20 295 248 234 193 16 47 44 41 35
is_linear=0
shrinkage=0.05


Tree=59
num_leaves=15
num_cat=0
split_feature=2 1 3 1 2 7 3 6 1 6 5 1 6 1
split_gain=0.180098 0.238673 0.196943 0.675527 0.597572 0.385171 0.239726 0.285589 0.297995 0.520518 0.257754 0.255876 0.354457 0.428408
threshold=54.500000000000007 12.500000000000002 10.500000000000002 7.5000000000000009 56.500000000000007 1.0000000180025095e-35 3.5000000000000004 525.00000000000011 3.5000000000000004 445.00000000000006 4.5000000000000009 11.500000000000002 507.00000000000006 8.5000000000000018
decision_type=2 2 2 2 2 2 2 2 2 2 2 2 2 2
left_child=1 -1 6 -4 -5 -6 7 8 9 -2 11 12 13 -8
right_child=2 -3 3 4 5 -7 10 -9 -10 -11 -12 -13 -14 -15
leaf_value=-0.067850245927087507 -0.032549720660431596 0.014694085775369341 -0.05271937683677555 -0.036622573171637939 0.075591908030425536 -0.0047894387292804737 -0.011366314626805003 0.046144767453090096 -0.0041493465012117066 0.04154680373120196 -0.035894564853076787 0.011318797700309996 0.018056323286307914 -0.064680587477967857
leaf_weight=0.21768618805799711 0.31260666996240416 0.14651339687407017 0.26004320848733087 0.21648910944350042 0.63329181098379195 0.19489914295263588 1.7066700062714524 0.41235386580228794 3.8119219094514847 0.98020430281758308 0.75177004281431425 1.6640599670354275 0.68570550018921483 0.48356014909222711
leaf_count=20 4 7 35 26 12 18 54 5 50 11 38 31 15 19
internal_value=-3.93193e-10 -0.0346436 0.00104157 0.0193915 0.0373415 0.0566757 -0.00117343 0.00611919 0.00288597 0.02363 -0.00877656 -0.00428613 -0.0133154 -0.0231371
internal_weight=12.4778 0.3642 12.1136 1.30472 1.04468 0.828191 10.8089 5.51709 5.10473 1.29281 5.29177 4.54 2.87594 2.19023
internal_count=345 27 318 91 56 30 227 70 65 15 157 119 88 73
is_linear=0
shrinkage=0.05


Tree=60
num_leaves=15
num_cat=0
split_feature=2 4 7 8 6 6 3 6 7 6 3 3 3 6
split_gain=0.168742 0.395576 0.116132 0.15496 0.10091 0.332553 0.196621 0.146184 0.153186 0.140356 0.147729 0.217083 0.146388 0.246302
threshold=54.500000000000007 1.5000000000000002 -6.9999999999999991 1500.0000000000002 536.00000000000011 525.00000000000011 4.5000000000000009 515.00000000000011 9.0000000000000018 513.00000000000011 14.500000000000002 11.500000000000002 10.500000000000002 477.00000000000006
decision_type=2 2 2 2 2 2 2 2 2 2 2 2 2 2
left_child=1 -1 3 -2 5 7 -6 9 -9 10 11 12 -4 -14
right_child=2 -3 4 -5 6 -7 -8 8 -10 -11 -12 -13 13 -15
leaf_value=0.027611200367514372 -0.057845245016246188 -0.072078955010686938 -0.00043729413678327965 0.0052795561799148516 0.019244657793730521 0.043660411928426922 -0.062867275641027065 -0.061658587996039106 0.0091990283477768366 0.033312930472263524 0.030851218248154646 -0.047940522839544163 -0.02691192633860014 0.059588086165601267
leaf_weight=0.16797094605863172 0.19128115335479279 0.24414953868836164 8.9286123437341161 0.1977092819288373 0.13003860786557275 0.4763548783957966 0.16593431122601032 0.18588783685118038 0.12935361871495843 0.34547127224505025 0.39514714013785202 0.23372478084638793 0.12196730822324831 0.25301051279529929
leaf_count=6 9 21 188 4 2 9 11 9 4 6 18 42 10 6
internal_value=3.90033e-10 -0.0314475 0.00110257 -0.0257613 0.002022 0.00279238 -0.0267906 0.000954624 -0.0325834 0.00198329 0.000893584 -0.000347612 0.000848017 0.0314526
internal_weight=12.1666 0.41212 11.7545 0.38899 11.3655 11.0695 0.295973 10.5932 0.315241 10.2779 9.93246 9.53731 9.30359 0.374978
internal_count=345 27 318 13 305 292 13 283 13 270 264 246 204 16
is_linear=0
shrinkage=0.05


Tree=61
num_leaves=15
num_cat=0
split_feature=6 8 1 3 3 3 6 1 6 6 1 7 1 7
split_gain=0.25363 0.288077 0.13957 0.134475 0.253138 0.286664 0.2304 0.151175 0.526698 0.346916 0.262209 0.217621 0.226088 0.377854
threshold=437.00000000000006 1500.0000000000002 14.500000000000002 14.500000000000002 11.500000000000002 10.500000000000002 477.00000000000006 12.500000000000002 493.00000000000006 453.00000000000006 15.500000000000002 -8.9999999999999982 8.5000000000000018 6.5000000000000009
decision_type=2 2 2 2 2 2 2 2 2 2 2 2 2 2
left_child=1 -1 -3 4 5 7 -7 11 9 -9 -11 -2 -13 -14
right_child=3 2 -4 -5 -6 6 -8 8 -10 10 -12 12 13 -15
leaf_value=0.0017446591255948106 -0.066908414707126107 -0.06360163051055949 -0.00060214393783144084 0.031590630508940738 -0.04711069091505532 -0.021796020851164076 0.059992063689683475 0.016537956153536149 0.034959296936944113 -0.0570995579557243 0.0090289424593966786 0.0031849635100298195 -0.0043736080688667666 -0.058290072385084817
leaf_weight=0.5591837088577456 0.13055681670084229 0.40673046675510705 0.11215655691921711 0.37723649758845645 0.26427714363671917 0.11314003868028599 0.36038990644738078 0.60594758018851302 1.2106858957558868 0.4582852185703814 0.22277027508243918 5.5642331580165738 1.3598230096977202 0.42698989529162634
leaf_count=20 6 24 2 18 49 9 9 7 14 17 3 125 33 9
internal_value=4.30852e-10 -0.0231531 -0.0499844 0.00224986 0.00121708 0.00243894 0.0404505 0.000635244 0.0112862 -0.0109832 -0.0354692 -0.00292051 -0.00178406 -0.0172579
internal_weight=12.1724 1.07807 0.518887 11.0943 10.7171 10.4528 0.47353 9.97929 2.49769 1.287 0.681055 7.4816 7.35105 1.78681
internal_count=345 46 26 299 281 232 18 214 41 27 20 173 167 42
is_linear=0
shrinkage=0.05


Tree=62
num_leaves=15
num_cat=0
split_feature=6 6 2 7 9 6 3 6 6 7 3 5 4 1
split_gain=0.173511 0.252075 0.153959 0.153524 0.152355 0.147242 0.123454 0.494381 0.533009 0.276362 0.195222 0.27244 0.28177 0.268702
threshold=435.00000000000006 423.00000000000006 54.500000000000007 -2.9999999999999996 1.5000000000000002 415.00000000000006 10.500000000000002 493.00000000000006 469.00000000000006 1.0000000180025095e-35 3.5000000000000004 4.5000000000000009 2.5000000000000004 3.5000000000000004
decision_type=2 2 2 2 2 2 2 2 2 2 2 2 2 2
left_child=1 5 3 -2 -3 -1 10 8 -8 -10 13 -12 -13 -4
right_child=2 4 6 -5 -6 -7 7 -9 9 -11 11 12 -14 -15
leaf_value=-0.04134425081899934 0.0090464773864614642 -0.01394847283835894 0.029145303837743032 -0.065217602236775224 -0.087251664895407033 0.017165974707872518 -0.035868965647148136 -0.05687436708750964 0.073584470576563796 0.0027403496146497681 -0.0014174324078090076 -0.055529943266376142 0.012768532835805063 0.0014110770530162328
leaf_weight=0.1554805163759746 0.11862931493669748 0.11572700878605247 1.1285130716860274 0.16835357644595106 0.18293394288048148 0.34861371037550271 0.21250387839972862 0.18144148890860379 0.51202474301680923 0.18828151910565794 3.9956677935551852 0.50000439397990692 0.21635658573359251 3.8622288219630718
leaf_count=15 4 7 13 16 5 12 28 28 9 13 105 32 6 52
internal_value=-3.04094e-10 -0.022447 0.00162572 -0.0345193 -0.0588477 -0.000880651 0.00258644 0.018507 0.0334908 0.0545376 0.000790961 -0.00650808 -0.0349023 0.00768238
internal_weight=11.8868 0.802755 11.084 0.286983 0.298661 0.504094 10.797 1.09425 0.91281 0.700306 9.70277 4.71203 0.716361 4.99074
internal_count=345 39 306 20 12 27 286 78 50 22 208 143 38 65
is_linear=0
shrinkage=0.05


Tree=63
num_leaves=15
num_cat=0
split_feature=2 3 6 0 4 6 9 7 6 1 9 3 6 6
split_gain=0.149588 0.151583 0.248627 0.263894 0.130142 0.119517 0.496941 0.266706 0.262435 0.190479 0.190281 0.343351 0.305915 0.362727
threshold=54.500000000000007 1.5000000000000002 497.00000000000006 5.5000000000000009 1.5000000000000002 495.00000000000006 1.5000000000000002 2.5000000000000004 493.00000000000006 8.5000000000000018 1.5000000000000002 14.500000000000002 485.00000000000006 477.00000000000006
decision_type=2 2 2 2 2 2 2 2 2 2 2 2 2 2
left_child=4 2 3 -2 -1 8 -7 9 10 -8 11 -3 13 -12
right_child=1 5 -4 -5 -6 6 7 -9 -10 -11 12 -13 -14 -15
leaf_value=0.0033075601725445804 0.016216662121054309 0.0033914541096323409 0.043139753264022036 -0.032989447513535115 -0.063761813595489061 -0.045792055318319584 -0.046687548702086475 0.020704249724090535 0.047271788405736433 0.0038277395028738607 -0.014130399029996667 0.063969080646018917 -0.047547137991917808 0.025993312590178036
leaf_weight=0.1262721123639502 0.98431666567921527 3.0693577402271317 0.52356808632612217 0.37677780911326408 0.16930774773936719 0.72842028597369801 0.33913324237801135 0.97544472245499492 0.30200624861754466 0.41493958444334567 2.0111657755915084 0.25320985028520215 0.44458252936601628 0.7823989433236419
leaf_count=6 12 82 6 5 21 26 17 32 5 14 81 5 16 17
internal_value=-7.08053e-10 0.000926141 0.0138588 0.00259544 -0.0351097 -0.00168889 -0.0111496 0.00344075 0.00169954 -0.0188908 -0.000398261 0.00800802 -0.0090237 -0.00289288
internal_weight=11.5009 11.2053 1.88466 1.36109 0.29558 9.32066 2.45794 1.72952 6.86272 0.754073 6.56071 3.32257 3.23815 2.79356
internal_count=345 318 23 17 27 295 89 63 206 31 201 87 114 98
is_linear=0
shrinkage=0.05


Tree=64
num_leaves=15
num_cat=0
split_feature=2 3 6 6 1 6 6 9 3 7 1 3 3 3
split_gain=0.15454 0.143032 0.192346 0.196288 0.115195 0.0886745 0.0998257 0.338999 0.200903 0.143353 0.197403 0.131968 0.139525 0.114228
threshold=54.500000000000007 1.5000000000000002 497.00000000000006 467.00000000000006 12.500000000000002 417.00000000000006 501.00000000000006 1.5000000000000002 8.5000000000000018 2.5000000000000004 8.5000000000000018 14.500000000000002 11.500000000000002 10.500000000000002
decision_type=2 2 2 2 2 2 2 2 2 2 2 2 2 2
left_child=4 2 3 -2 -1 -3 11 -8 9 10 -9 12 13 -7
right_child=1 5 -4 -5 -6 6 7 8 -10 -11 -12 -13 -14 -15
leaf_value=-0.06441821375285485 0.023813403802499578 -0.039921520094091473 0.040267726119316095 -0.014325340358325124 0.00025590778273123892 -0.00011407280384057117 -0.049052152382605581 -0.050770015836301363 -0.052432628536753116 0.022865332712553869 0.010696227607479533 0.033344125538059009 -0.04365913098325911 0.029769117701560419
leaf_weight=0.16018131154123771 0.64475774019956478 0.14871372072957356 0.49566754326224316 0.70762886479496956 0.12075581960380077 6.3098019282333535 0.45078620407730308 0.20220976928248979 0.15778094436973344 0.68423372181132436 0.36896833637729287 0.31486626155674446 0.17635600361973036 0.33685906324535597
leaf_count=20 8 13 6 9 7 146 18 7 27 14 7 13 35 15
internal_value=2.44476e-10 0.000935361 0.0136231 0.00385752 -0.0366192 -0.00162706 -0.000994426 -0.011298 0.000744936 0.00742833 -0.0110642 0.00169625 0.000235771 0.00140044
internal_weight=11.2796 10.9986 1.84805 1.35239 0.280937 9.15058 9.00186 1.86398 1.41319 1.25541 0.571178 7.13788 6.82302 6.64666
internal_count=345 318 23 17 27 295 282 73 55 28 14 209 196 161
is_linear=0
shrinkage=0.05


Tree=65
num_leaves=15
num_cat=0
split_feature=2 4 3 6 0 6 6 9 3 3 7 6 7 6
split_gain=0.144407 0.113498 0.105593 0.173433 0.180582 0.080867 0.0845025 0.301944 0.183413 0.11895 0.119531 0.147816 0.265233 0.240536
threshold=54.500000000000007 1.5000000000000002 1.5000000000000002 497.00000000000006 5.5000000000000009 417.00000000000006 501.00000000000006 1.5000000000000002 8.5000000000000018 14.500000000000002 9.0000000000000018 493.00000000000006 1.0000000180025095e-35 481.00000000000006
decision_type=2 2 2 2 2 2 2 2 2 2 2 2 2 2
left_child=1 -1 3 4 -2 -4 9 -8 -9 10 11 12 -7 -14
right_child=2 -3 5 -5 -6 6 7 8 -10 -11 -12 -13 13 -15
leaf_value=0.00080972280571121966 0.014086123267541157 -0.064382010672576845 -0.038084111846035412 0.037854543940833194 -0.027215970121571526 0.0026757240353688216 -0.047110486246897294 0.0073996552989760754 -0.051388346079734963 0.031597172618769841 0.017555495598214683 0.018062868234253151 -0.036569951399791398 0.0023017325895367999
leaf_weight=0.11821426590904671 0.95596875250339397 0.15340043627656996 0.1469790362752964 0.47582885995507229 0.36596044898033142 3.4247678918763977 0.42656788229942288 1.2264976631850002 0.14876887085847568 0.31915826862677921 0.87932458706200112 0.78006999241188157 1.0320353163406251 0.64776320662349451
leaf_count=6 12 21 13 6 5 94 18 28 27 13 18 19 48 17
internal_value=-1.36064e-10 -0.0360088 0.00090312 0.0119695 0.00265213 -0.00129958 -0.000691071 -0.010359 0.00104029 0.00176829 0.000360811 -0.00220854 -0.00530638 -0.0215803
internal_weight=11.1013 0.271615 10.8297 1.79776 1.32193 9.03193 8.88495 1.80183 1.37527 7.08312 6.76396 5.88464 5.10457 1.6798
internal_count=345 27 318 23 17 295 282 73 55 209 196 178 159 65
is_linear=0
shrinkage=0.05


Tree=66
num_leaves=15
num_cat=0
split_feature=7 1 6 1 7 6 6 6 4 3 6 6 3 8
split_gain=0.346044 0.45655 0.647727 0.333695 0.290783 0.797575 0.291264 0.435488 0.236466 0.240361 0.201252 0.262543 0.369451 0.332992
threshold=5.0000000000000009 12.500000000000002 497.00000000000006 8.5000000000000018 1.0000000180025095e-35 479.00000000000006 483.00000000000006 513.00000000000011 1.5000000000000002 3.5000000000000004 479.00000000000006 469.00000000000006 10.500000000000002 1700.0000000000002
decision_type=2 2 2 2 2 2 2 2 2 2 2 2 2 2
left_child=4 3 -3 -2 10 8 -7 -8 9 -6 11 13 -13 -1
right_child=1 2 -4 -5 5 6 7 -9 -10 -11 -12 12 -14 -15
leaf_value=-0.012715036138143111 0.015523236860052301 -0.011587933468647421 0.079675737491716872 -0.028880722188698006 -0.086620226647734486 0.036471651517908994 -0.049459721095749004 0.024349994519425024 -0.017689595769741287 -0.029531202987602635 -0.010504101493343321 0.0031905972589582835 0.076042272971177535 0.021034354790723617
leaf_weight=1.7096625317353744 1.4092121327994407 0.30736918677575875 0.52906006807461381 0.60464143520221103 0.48935994505882285 0.51985284639522411 0.38961855415254831 0.41028697555884719 0.39518932765349746 0.29583361558616161 2.3605559919960797 0.39063165243715037 0.31384669058024883 1.276627270504832
leaf_count=60 49 11 4 26 2 8 20 11 16 19 74 10 4 31
internal_value=4.59719e-10 0.0150878 0.0461384 0.00219135 -0.00502891 -0.0193731 0.00733464 -0.0116013 -0.0492345 -0.0651111 0.000897499 0.00818978 0.0356462 0.0017127
internal_weight=11.4017 2.85028 0.836429 2.01385 8.55147 2.50014 1.31976 0.799906 1.18038 0.785194 6.05132 3.69077 0.704478 2.98629
internal_count=345 90 15 75 255 76 39 31 37 21 179 105 14 91
is_linear=0
shrinkage=0.05


Tree=67
num_leaves=15
num_cat=0
split_feature=2 3 5 1 6 1 6 6 3 9 6 1 6 2
split_gain=0.162083 0.111505 0.303493 0.217745 0.209256 0.236929 0.187222 0.1745 0.178421 0.160495 0.205741 0.270778 0.156679 0.138069
threshold=54.500000000000007 3.5000000000000004 4.5000000000000009 7.5000000000000009 525.00000000000011 1.5000000000000002 453.00000000000006 451.00000000000006 14.500000000000002 1.5000000000000002 455.00000000000006 11.500000000000002 477.00000000000006 55.500000000000007
decision_type=2 2 2 2 2 2 2 2 2 2 2 2 2 2
left_child=-1 4 3 -3 5 -2 -4 13 9 10 -9 -12 -11 -5
right_child=1 2 6 7 -6 -7 -8 8 -10 12 11 -13 -14 -15
leaf_value=-0.038963321782551241 0.039793509933414913 -0.012090327317661175 0.035586591333470065 0.00418309136503996 0.045163277717481354 0.00012326983839981931 -0.039606227457394269 0.036975271792927623 0.058727505017791004 -0.032591547935492619 0.0054222723192300475 -0.067034226493206867 0.029878566815973763 -0.041356455152636765
leaf_weight=0.26045632676687169 0.41391373425721933 1.8959195339120922 0.092957576969638356 0.49813377181999419 0.3263690136373042 4.150851490907371 0.75637024571187794 0.20399544760584842 0.22905864752829064 0.11116951960138988 0.34290168434381485 0.20665119797922671 1.0332579892128704 0.24995965627022088
leaf_count=27 5 82 6 22 5 60 60 2 4 10 13 11 26 12
internal_value=-2.41812e-10 0.000965441 -0.00383861 0.00106361 0.00648575 0.0037204 -0.0313765 0.00973759 0.0170427 0.012012 -0.0059062 -0.0218239 0.0238102 -0.011033
internal_weight=10.772 10.5115 5.62038 4.77105 4.89113 4.56477 0.849328 2.87513 2.12703 1.89798 0.753548 0.549553 1.14443 0.748093
internal_count=345 318 248 182 70 65 66 100 66 62 26 24 36 34
is_linear=0
shrinkage=0.05


Tree=68
num_leaves=15
num_cat=0
split_feature=2 4 3 5 6 0 0 6 8 8 7 6 3 7
split_gain=0.147624 0.13913 0.0852655 0.267292 0.192088 0.208801 0.183711 0.183221 0.202502 0.194006 0.218133 0.354156 0.299776 0.212778
threshold=54.500000000000007 1.5000000000000002 3.5000000000000004 4.5000000000000009 525.00000000000011 1.5000000000000002 1.5000000000000002 461.00000000000006 1500.0000000000002 1900.0000000000002 1.0000000180025095e-35 479.00000000000006 1.5000000000000002 -1.0000000180025095e-35
decision_type=2 2 2 2 2 2 2 2 2 2 2 2 2 2
left_child=1 -1 4 6 5 -2 -4 8 -7 10 13 -12 -13 -9
right_child=2 -3 3 -5 -6 7 -8 9 -10 -11 11 12 -14 -15
leaf_value=0.0048138876955786426 0.026889951716766704 -0.068477459799470855 -0.033333598607919304 -0.029677398461757043 0.043761916867511741 0.045232589673206675 0.004043088949564312 -0.010948499312431935 0.00045003346410490334 0.013231060935083753 -0.043426639852175 0.05370758762190421 -0.010528040215025946 -0.064530529085006977
leaf_weight=0.11372447642497796 0.77002353593706896 0.15037037595175207 0.3551746206358074 0.81755685876123596 0.3119383081793784 0.37119713425636314 4.4196798159973696 0.35852709785103798 0.78901120647788048 0.70223829522728909 0.37388554960489251 0.31083283573389053 0.43695426918566227 0.38342883531004224
leaf_count=6 9 21 18 66 5 4 164 5 12 11 6 3 8 7
internal_value=3.04014e-10 -0.0369168 0.000937414 -0.00326032 0.00581996 0.00318755 0.00126285 -0.00171074 0.0147778 -0.00916635 -0.017606 -0.0036934 0.0161728 -0.0386387
internal_weight=10.6645 0.264095 10.4004 5.59241 4.80804 4.4961 4.77485 3.72608 1.16021 2.56587 1.86363 1.12167 0.747787 0.741956
internal_count=345 27 318 248 70 65 182 56 16 40 29 17 11 12
is_linear=0
shrinkage=0.05


Tree=69
num_leaves=15
num_cat=0
split_feature=2 1 3 1 1 8 6 9 3 6 7 7 3 7
split_gain=0.179786 0.123258 0.0922185 0.232716 0.349693 0.144592 0.101001 0.33147 0.207465 0.194665 0.162898 0.128304 0.2493 0.213858
threshold=54.500000000000007 12.500000000000002 1.5000000000000002 3.5000000000000004 6.5000000000000009 1700.0000000000002 495.00000000000006 1.5000000000000002 8.5000000000000018 493.00000000000006 2.5000000000000004 1.0000000180025095e-35 14.500000000000002 9.0000000000000018
decision_type=2 2 2 2 2 2 2 2 2 2 2 2 2 2
left_child=1 -1 3 -2 -5 -6 9 -8 10 11 -9 12 -4 -13
right_child=2 -3 6 4 5 -7 7 8 -10 -11 -12 13 -14 -15
leaf_value=-0.069550283524918127 0.050350862927824397 0.00059570072331790254 0.0026323411075054367 -0.031436705774523795 0.036617787628695719 -0.005670699772892274 -0.04164239636698213 -0.011643592305622317 -0.052215452667603184 0.043734652152075282 0.023160161400566797 -0.019579725574863122 0.054381911156747224 0.011377742527616381
leaf_weight=0.15431562066078264 0.31685725972056289 0.10539814573712647 3.4676086474210011 0.48242152109742142 0.56633758172392845 0.31431951746344566 0.60972462943755101 0.58940137363970257 0.15846274048089992 0.26867076288908709 0.78262500232085586 1.5796940720174464 0.24947184161283065 0.86244713817723084
leaf_count=20 4 7 101 7 7 5 26 17 30 5 16 72 9 19
internal_value=6.35484e-10 -0.0410833 0.00104117 0.0117528 0.00278038 0.0215244 -0.00105904 -0.010467 0.00195282 0.00207341 0.00820901 0.000256105 0.00610551 -0.00864703
internal_weight=10.5078 0.259714 10.248 1.67994 1.36308 0.880657 8.56811 2.14021 1.53049 6.42789 1.37203 6.15922 3.71708 2.44214
internal_count=345 27 318 23 19 12 295 89 63 206 33 201 110 91
is_linear=0
shrinkage=0.05


Tree=70
num_leaves=15
num_cat=0
split_feature=2 1 6 6 3 6 7 7 8 3 6 3 0 9
split_gain=0.193983 0.128391 0.100364 0.317339 0.157949 0.152506 0.0990118 0.0742311 0.193467 0.335815 0.216191 0.114122 0.175467 0.169577
threshold=54.500000000000007 12.500000000000002 525.00000000000011 536.00000000000011 4.5000000000000009 515.00000000000011 9.0000000000000018 -2.9999999999999996 1500.0000000000002 1.5000000000000002 459.00000000000006 1.5000000000000002 5.5000000000000009 1.5000000000000002
decision_type=2 2 2 2 2 2 2 2 2 2 2 2 2 2
left_child=1 -1 5 -4 -5 7 -7 8 -2 -10 -11 12 13 -9
right_child=2 -3 3 4 -6 6 -8 11 9 10 -12 -13 -14 -15
leaf_value=-0.071889977545555997 -0.039894618784069219 0.00017315468275563069 0.045932334406911392 0.020156251385342522 -0.06340149979190661 -0.060234473671621075 -0.00016507764189069364 0.0067467397333996725 -0.078023613140695877 -0.039358840503453896 0.022665417489692793 0.00015934756315949075 -0.0091312738580140718 0.051975808044264951
leaf_weight=0.15359872649423856 0.38395555014721772 0.10342860245145857 0.42035406897775907 0.099999971687793732 0.13018485670909286 0.17134664929471988 0.11440006829798222 0.4016961418092222 0.11801967397332169 0.17160083260387182 0.77499787951819599 6.3884613902773708 0.43477471545338631 0.42810242250561714
leaf_count=20 19 7 9 2 11 10 4 6 2 9 18 217 6 5
internal_value=-4.77411e-11 -0.0428915 0.00109827 0.0200903 -0.0271012 -0.000217873 -0.0361854 0.000911334 -0.00946755 0.001506 0.0114216 0.00287586 0.0165993 0.0300809
internal_weight=10.2949 0.257027 10.0379 0.650539 0.230185 9.38736 0.285747 9.10161 1.44857 1.06462 0.946599 7.65303 1.26457 0.829799
internal_count=345 27 318 22 13 296 14 282 48 29 27 234 17 11
is_linear=0
shrinkage=0.05


Tree=71
num_leaves=15
num_cat=0
split_feature=7 3 8 3 3 6 6 6 6 6 8 5 2 6
split_gain=0.219864 0.46652 0.247497 0.227221 0.204676 0.1174 0.302106 0.223754 0.167862 0.157424 0.196044 0.136233 0.126981 0.333389
threshold=-2.9999999999999996 1.5000000000000002 1500.0000000000002 5.5000000000000009 5.5000000000000009 525.00000000000011 536.00000000000011 501.00000000000006 505.00000000000006 515.00000000000011 1500.0000000000002 3.5000000000000004 56.500000000000007 461.00000000000006
decision_type=2 2 2 2 2 2 2 2 2 2 2 2 2 2
left_child=1 -1 4 -4 -3 7 -7 12 -9 10 -10 -8 13 -2
right_child=5 2 3 -5 -6 6 11 8 9 -11 -12 -13 -14 -15
leaf_value=-0.086495907061963487 0.0058056297895415559 -0.064418989447961955 0.024025985838950679 -0.029966636249539616 -0.00059458525603541782 0.04985895472515095 0.015210214647276421 -0.056000642833671878 0.029834693571740203 -0.037866268941308547 -0.035586670217195901 -0.066388031531710787 0.010547766770534176 -0.034849705799525267
leaf_weight=0.20905356854200441 2.3113546643871783 0.27143913321197011 0.67492404952645302 0.27395198069280013 0.23381398944184184 0.39805064932443279 0.10408289870247245 0.24630076566245385 0.34128453419543803 0.29662250936962664 0.17233893275260925 0.10058405390009284 4.0750813942868263 0.64497347688302387
leaf_count=2 64 8 11 22 16 8 3 15 5 14 14 7 112 44
internal_value=-4.49747e-12 -0.0166553 -0.00661465 0.00843766 -0.0348832 0.00318742 0.0244757 0.00160101 -0.0198532 -0.00886501 0.0078835 -0.0248914 0.00482474 -0.00306403
internal_weight=10.3539 1.66318 1.45413 0.948876 0.505253 8.69067 0.602718 8.08796 1.05655 0.810246 0.513623 0.204667 7.03141 2.95633
internal_count=345 59 57 33 24 286 18 268 48 33 19 10 220 108
is_linear=0
shrinkage=0.05


Tree=72
num_leaves=15
num_cat=0
split_feature=2 6 6 6 3 7 4 6 0 6 6 3 5 7
split_gain=0.117678 0.122214 0.250683 0.219662 0.171681 0.146289 0.109778 0.0718606 0.219401 0.416117 0.255692 0.290147 0.405571 0.252634
threshold=54.500000000000007 536.00000000000011 525.00000000000011 515.00000000000011 4.5000000000000009 9.0000000000000018 1.5000000000000002 483.00000000000006 6.5000000000000009 477.00000000000006 453.00000000000006 5.5000000000000009 3.5000000000000004 1.0000000180025095e-35
decision_type=2 2 2 2 2 2 2 2 2 2 2 2 2 2
left_child=6 2 3 7 -3 -5 -1 8 9 13 11 -10 -13 -2
right_child=1 4 -4 5 -6 -7 -8 -9 10 -11 -12 12 -14 -15
leaf_value=0.0041612711755932537 0.013159136113569073 0.015956197255128739 0.040458724884870956 -0.066154946682103796 -0.070314224793519883 0.004648784797292852 -0.065554244015925786 -0.0049413314454696275 0.031680649614299776 0.046324936488189583 -0.031478231545314754 -0.055417240804524016 0.03611612846267246 -0.015833509724797332
leaf_weight=0.099616122432053866 2.3503864726517283 0.098417703062296691 0.39981660246849138 0.20405393885448653 0.13928103120997548 0.11354777636006474 0.13036307378206402 2.9302367060445249 0.54449361376464345 0.69373708963394154 0.78028109320439387 0.31903589237481356 0.19497639359906316 1.1044437172822652
leaf_count=6 66 2 9 10 11 4 21 99 7 14 29 12 5 50
internal_value=2.39106e-11 0.000823616 0.00169739 1.93086e-05 -0.0345945 -0.0408415 -0.0353568 0.00147457 0.00461454 0.0109867 -0.00976201 0.00624618 -0.0206966 0.00389074
internal_weight=10.1027 9.87271 9.63501 9.23519 0.237699 0.317602 0.229979 8.91759 5.98735 4.14857 1.83879 1.05851 0.514012 3.45483
internal_count=345 318 305 296 13 14 27 282 183 130 53 24 17 116
is_linear=0
shrinkage=0.05


Tree=73
num_leaves=15
num_cat=0
split_feature=1 7 7 6 6 6 5 7 9 3 0 0 8 3
split_gain=0.0838114 0.263143 0.246188 0.234207 0.183026 0.226497 0.3487 0.246598 0.250394 0.222216 0.178803 0.177221 0.386013 0.24686
threshold=6.5000000000000009 13.000000000000002 5.0000000000000009 515.00000000000011 513.00000000000011 477.00000000000006 3.5000000000000004 -1.0000000180025095e-35 1.5000000000000002 2.5000000000000004 4.5000000000000009 4.5000000000000009 1500.0000000000002 14.500000000000002
decision_type=2 2 2 2 2 2 2 2 2 2 2 2 2 2
left_child=2 11 3 4 5 7 -7 10 -9 -10 -1 12 -2 -13
right_child=1 -3 -4 -5 -6 6 -8 8 9 -11 -12 13 -14 -15
leaf_value=0.0021761625069125234 0.047414100938222153 -0.057373810890953975 0.015775958965816076 -0.06870964512405052 0.04123087482478139 -0.069399713870608601 -0.0051153763656656224 -0.033449767528484345 0.045709872968781956 -0.016618072488730332 0.056709690647066262 -0.00049848983813571466 -0.051206653958286767 0.044882163951466103
leaf_weight=0.39587815612321775 0.55588028859347094 0.16968999872915436 1.0425340544315984 0.17343091149814416 0.17132781818509091 0.37779022916220117 0.47767837694846094 0.77423518884461417 0.24884278327226639 0.33622553059831262 0.24231340037658811 4.5375061627710238 0.12078006844967604 0.32086476264521469
leaf_count=14 14 12 36 8 2 13 23 24 3 17 3 151 13 12
internal_value=-3.51471e-10 0.00395729 -0.00532403 -0.0122031 -0.00896272 -0.011977 -0.0335045 -0.00275736 -0.014795 0.00989141 0.0228819 0.00583755 0.0298109 0.00249862
internal_weight=9.94498 5.70472 4.24026 3.19772 3.02429 2.85296 0.855469 1.9975 1.3593 0.585068 0.638192 5.53503 0.67666 4.85837
internal_count=345 202 143 107 99 97 36 61 44 20 17 190 27 163
is_linear=0
shrinkage=0.05


Tree=74
num_leaves=15
num_cat=0
split_feature=6 3 9 3 1 6 6 3 3 7 8 1 1 7
split_gain=0.08309 0.0934856 0.623315 0.141333 0.0868949 0.0836173 0.102909 0.099186 0.146988 0.322928 0.148013 0.129832 0.123622 0.115772
threshold=415.00000000000006 14.500000000000002 1.5000000000000002 11.500000000000002 9.5000000000000018 421.00000000000006 435.00000000000006 10.500000000000002 5.5000000000000009 2.5000000000000004 1700.0000000000002 1.5000000000000002 4.5000000000000009 -1.0000000180025095e-35
decision_type=2 2 2 2 2 2 2 2 2 2 2 2 2 2
left_child=4 3 -3 5 -1 -2 -7 8 11 12 -11 -8 -10 -14
right_child=1 2 -4 -5 -6 6 7 -9 9 10 -12 -13 13 -15
leaf_value=-0.0041473532637932619 0.033811578368466676 0.064824191118711627 -0.062676707874774459 -0.040618311917335115 -0.085469520964413223 -0.034690974382183985 0.032960695377614729 0.026580339995004296 -0.0024158434305943566 0.018220915925861985 -0.0380974971039445 0.0016111552808015111 -0.015706539744869651 -0.053307773640344384
leaf_weight=0.076436937088147583 0.18375913798808596 0.29342624545097429 0.14236363163217902 0.21470902767032463 0.05760347074829042 0.21187858888879318 0.35035500302910438 0.35183639056049365 0.31507602799683831 0.80225137283559877 0.13651747559197247 5.7590017691254616 0.33073409623466443 0.537240914069116
leaf_count=9 5 7 17 53 6 11 6 18 18 28 13 108 18 28
internal_value=-6.53317e-11 0.000544217 0.0231723 -0.000528412 -0.0390953 0.000430269 -0.000267195 0.000582584 -0.000528674 -0.0118663 0.010031 0.00340897 -0.0292422 -0.0389802
internal_weight=9.76319 9.62915 0.43579 9.19336 0.13404 8.97865 8.79489 8.58301 8.23118 2.12182 0.938769 6.10936 1.18305 0.867975
internal_count=345 330 24 306 15 253 248 237 219 105 41 114 64 46
is_linear=0
shrinkage=0.05


Tree=75
num_leaves=15
num_cat=0
split_feature=3 9 3 9 4 3 8 7 6 7 2 1 0 6
split_gain=0.453872 0.674241 0.197051 0.477883 0.434148 0.143348 0.137954 0.269802 0.105975 0.11945 0.0994887 0.0993696 0.103129 0.0926058
threshold=14.500000000000002 1.5000000000000002 5.5000000000000009 1.5000000000000002 1.5000000000000002 11.500000000000002 1500.0000000000002 2.5000000000000004 451.00000000000006 6.5000000000000009 56.500000000000007 4.5000000000000009 2.5000000000000004 443.00000000000006
decision_type=2 2 2 2 2 2 2 2 2 2 2 2 2 2
left_child=2 -2 13 4 11 6 -5 -8 -9 -10 -6 12 -4 -1
right_child=1 -3 3 5 10 -7 7 8 9 -11 -12 -13 -14 -15
leaf_value=-0.017340822823925971 0.07141799941885639 -0.059074415346777133 -0.061908388936122077 0.019490041343722109 -0.017201197733868256 -0.041396109675693467 -0.053078096357899243 0.045690218394146768 0.022584820906860814 -0.053104332953409918 0.029996258898330155 -0.066855746265911828 0.024227124709499965 0.0042615788123824151
leaf_weight=0.54308701585978081 0.45325953373685557 0.12664727470837533 0.072096725692972541 1.0045103107113389 0.27455609600292519 0.16095679393038165 0.23228442342951883 0.16358441393822432 0.13078689924441278 0.086670024553313851 0.18818378541618586 0.6642098946031183 0.067084353882819414 5.7348147495649755
leaf_count=12 8 18 7 42 25 41 22 4 4 12 6 31 5 108
internal_value=1.10799e-10 0.0429194 -0.00266971 -0.0131074 -0.0365857 0.00360424 0.00808128 -0.0106041 0.0152882 -0.00758199 0.00199273 -0.0588062 -0.0203916 0.0023928
internal_weight=9.90273 0.579907 9.32283 3.04492 1.26613 1.77879 1.61784 0.613326 0.381041 0.217457 0.46274 0.803391 0.139181 6.2779
internal_count=345 26 319 199 74 125 84 42 20 16 31 43 12 120
is_linear=0
shrinkage=0.05


Tree=76
num_leaves=15
num_cat=0
split_feature=3 9 3 7 7 3 7 1 1 1 2 1 5 6
split_gain=0.510317 0.564396 0.18243 0.167012 0.214338 0.255145 0.234949 0.333016 0.287862 0.23142 0.210582 0.2091 0.187142 0.155281
threshold=14.500000000000002 1.5000000000000002 3.5000000000000004 -6.9999999999999991 -1.0000000180025095e-35 4.5000000000000009 2.5000000000000004 14.500000000000002 10.500000000000002 7.5000000000000009 55.500000000000007 8.5000000000000018 4.5000000000000009 431.00000000000006
decision_type=2 2 2 2 2 2 2 2 2 2 2 2 2 2
left_child=2 -2 -1 -4 5 -5 7 8 9 -6 -10 -11 -8 -7
right_child=1 -3 3 4 6 13 12 -9 10 11 -12 -13 -14 -15
leaf_value=0.0045647767903678393 0.065189708409137667 -0.057457005430058543 -0.066896227248664661 0.042467724259111481 -0.038647959313474672 0.039363969530952121 0.00746334894297262 0.028291490382602338 -0.013706342107588141 0.041256404971770008 -0.076986354909007945 -0.028116267838620913 -0.038648788770519499 -0.014768029528400131
leaf_weight=4.270851359702645 0.52399619482457716 0.11425505764782429 0.12378764874301751 0.39906306751072296 0.56168931326829097 0.16029540612362325 1.3096611810033207 0.2430837487336247 0.1803417052142321 0.23975795763544738 0.48514654859900475 0.19859430938959122 0.26445990946376685 0.76346839591860771
leaf_count=72 8 18 11 5 40 8 59 11 9 6 10 13 27 48
internal_value=-7.83916e-10 0.0432344 -0.00299933 -0.00955296 -0.00807584 0.00905806 -0.0145837 -0.0263776 -0.0343565 -0.0173996 -0.059838 0.0098273 -0.000283712 -0.00537482
internal_weight=9.83845 0.638251 9.2002 4.92935 4.80556 1.32283 3.48273 1.90861 1.66553 1.00004 0.665488 0.438352 1.57412 0.923764
internal_count=345 26 319 247 236 61 175 89 78 59 19 19 86 56
is_linear=0
shrinkage=0.05


Tree=77
num_leaves=15
num_cat=0
split_feature=3 2 1 9 3 7 3 7 1 6 0 9 3 9
split_gain=0.157781 0.498955 0.481946 0.185717 0.333096 0.152045 0.238014 0.224044 0.230077 0.20986 0.164378 0.317728 0.124021 0.186188
threshold=10.500000000000002 55.500000000000007 7.5000000000000009 1.5000000000000002 11.500000000000002 -1.0000000180025095e-35 3.5000000000000004 2.5000000000000004 14.500000000000002 435.00000000000006 4.5000000000000009 1.5000000000000002 4.5000000000000009 1.5000000000000002
decision_type=2 2 2 2 2 2 2 2 2 2 2 2 2 2
left_child=5 -2 -3 -4 -5 10 -7 8 -8 -9 11 -1 -12 -14
right_child=1 2 3 4 -6 6 7 9 -10 -11 12 -13 13 -15
leaf_value=0.021710680874022305 -0.052819772393371482 -0.053794171844495378 0.06721382818845599 0.063161708018577678 -0.045171803406087688 0.0026597354070432054 -0.0369543579426755 -0.095500986517667322 0.02101572270973015 0.0020638964672341806 0.035181358808551437 -0.041539722192498359 -0.033185850460679338 0.024417154655130471
leaf_weight=0.41620190255343859 0.20530903385952182 0.13506022619549185 0.49148272071033716 0.16560614248737693 0.12414664949756116 3.5232827719300976 1.3577504125423732 0.057504716794937738 0.19585083751007903 1.3272428363561628 0.677366768941283 0.37967279646545649 0.21629739669151604 0.39916505152359605
leaf_count=8 42 25 10 5 24 60 53 3 5 55 9 19 13 14
internal_value=4.60392e-11 0.0176325 0.0334183 0.0484956 0.0167454 -0.00231297 -0.00610377 -0.0166118 -0.0296465 -0.0019877 0.00941429 -0.00846299 0.0204197 0.00417322
internal_weight=9.67194 1.1216 0.916296 0.781236 0.289753 8.55034 6.46163 2.93835 1.5536 1.38475 2.0887 0.795875 1.29283 0.615462
internal_count=345 106 64 39 29 239 176 116 58 58 63 27 36 27
is_linear=0
shrinkage=0.05


Tree=78
num_leaves=15
num_cat=0
split_feature=6 0 1 7 7 7 3 1 1 6 6 3 6 1
split_gain=0.140502 0.30989 0.374542 0.3068 0.306413 0.268028 0.404126 0.250428 0.23194 0.231491 0.161919 0.161531 0.194905 0.155566
threshold=483.00000000000006 6.5000000000000009 7.5000000000000009 2.5000000000000004 2.5000000000000004 -1.0000000180025095e-35 1.5000000000000002 12.500000000000002 7.5000000000000009 481.00000000000006 487.00000000000006 4.5000000000000009 443.00000000000006 13.500000000000002
decision_type=2 2 2 2 2 2 2 2 2 2 2 2 2 2
left_child=1 2 11 5 -4 7 -7 -2 -3 -6 -8 12 -1 -10
right_child=3 8 4 -5 9 6 10 -9 13 -11 -12 -13 -14 -15
leaf_value=-0.024872782467848228 -0.024205655565711037 0.059557709753042469 0.047238542798006593 0.0080157793159735518 -0.028813218800529034 0.028073929110920534 -0.0052791868129515992 0.025187830409118813 -0.040090901547439051 0.044249481615243197 -0.0650226566155436 -0.01821865887292504 0.016976005534124119 -0.0067766248636786722
leaf_weight=0.3437361512333158 0.60189400776289426 0.10268837958574284 1.0395969470264388 1.7169313682825302 0.29134991974569846 0.18038795143365893 0.13686330756172538 0.44733563764020801 0.52865478710737068 0.172662653028965 0.66186432051472366 0.78115054091904301 1.4598465245217083 1.0393927067052571
leaf_count=6 33 1 32 65 14 3 5 9 32 2 31 64 22 26
internal_value=-1.91997e-10 0.00490248 0.0123169 -0.00753851 0.032159 -0.0207047 -0.0395199 -0.0031469 -0.0132408 -0.00162603 -0.0547855 0.000774228 0.00900025 -0.0180083
internal_weight=9.50436 5.75908 4.08834 3.74528 1.50361 2.02835 0.979116 1.04923 1.67074 0.464013 0.798728 2.58473 1.80358 1.56805
internal_count=345 199 140 146 48 81 39 42 59 16 36 92 28 58
is_linear=0
shrinkage=0.05


Tree=79
num_leaves=15
num_cat=0
split_feature=6 7 7 6 0 5 6 8 0 3 6 7 3 1
split_gain=0.551244 0.756849 0.717077 0.536125 0.49155 0.851112 0.41039 0.473872 0.359255 0.473949 0.274689 0.265234 0.233567 0.273035
threshold=481.00000000000006 1.0000000180025095e-35 2.5000000000000004 469.00000000000006 5.5000000000000009 3.5000000000000004 421.00000000000006 1500.0000000000002 4.5000000000000009 14.500000000000002 479.00000000000006 -1.0000000180025095e-35 5.5000000000000009 4.5000000000000009
decision_type=2 2 2 2 2 2 2 2 2 2 2 2 2 2
left_child=1 3 4 6 5 -2 7 -1 -5 -10 -3 -6 13 -8
right_child=2 10 -4 8 11 -7 12 -9 9 -11 -12 -13 -14 -15
leaf_value=0.080786393142680935 -0.077832720080809825 -0.022386002668373761 0.008768269430261981 0.073339742653239837 0.013953966906815352 0.0051508672729616914 -0.014060822135503265 -0.024156585662276426 -0.031723258588389168 0.065668903804611892 0.058277473139132834 -0.039754803309847597 -0.02982882130010879 0.02667925792110128
leaf_weight=0.36796638928353864 0.94547209166921697 1.6180031974799929 2.0235418534721248 0.70452293101698138 0.65311184409074485 0.45899082277901471 0.71197070460766576 0.15200860128970817 0.2450797634664923 0.25477900495752692 0.11290760338306416 0.35471263574436285 0.48734788305591781 0.97369899600744247
leaf_count=8 21 77 70 7 20 24 13 12 8 2 1 24 45 13
internal_value=8.36827e-11 0.0103885 -0.0131812 0.0226076 -0.0315935 -0.050713 0.0102059 0.0501075 0.0503377 0.0179177 -0.0171243 -0.0049493 0.000657915 0.00947201
internal_weight=10.0641 5.62829 4.43583 3.89737 2.41229 1.40446 2.69299 0.519975 1.20438 0.499859 1.73091 1.00782 2.17302 1.68567
internal_count=345 186 159 108 89 45 91 20 17 10 78 44 71 26
is_linear=0
shrinkage=0.05


Tree=80
num_leaves=15
num_cat=0
split_feature=6 6 2 7 3 7 7 6 3 7 4 1 5 0
split_gain=0.142056 0.123926 0.0865187 0.0889285 0.15891 0.115003 0.108937 0.119286 0.0948492 0.283473 0.15815 0.112371 0.142142 0.237241
threshold=415.00000000000006 421.00000000000006 54.500000000000007 -8.9999999999999982 3.5000000000000004 -4.9999999999999991 -2.9999999999999996 499.00000000000006 10.500000000000002 1.0000000180025095e-35 1.5000000000000002 1.5000000000000002 3.5000000000000004 6.5000000000000009
decision_type=2 2 2 2 2 2 2 2 2 2 2 2 2 2
left_child=-1 -2 -3 4 -4 -5 7 -7 11 -10 -11 -8 13 -13
right_child=1 2 3 5 -6 6 8 -9 9 10 -12 12 -14 -15
leaf_value=-0.048513707635923831 0.032952515664495023 -0.034910110461991162 0.017596136811821459 0.023600606296702825 -0.068563747129753147 -0.041148377975991655 0.023521087607020121 0.0088398255174666901 0.040930581429005679 -0.056851701243039725 0.01217203487258639 -0.019967114820604846 0.0061473010123304847 0.0076598161199270681
leaf_weight=0.14842224598396647 0.29007779114181076 0.17660053551662613 0.094710916280743684 0.53950429218820861 0.12303658248856664 0.32131721626501164 0.44244330655784114 0.18985939747653902 0.50161611312068988 0.14896035194396973 0.1873776582069695 2.0490240880753849 2.5964205330237746 1.2518200434278695
leaf_count=15 9 22 1 15 9 19 11 7 26 33 13 58 79 28
internal_value=-2.12027e-10 0.000807887 -0.000273497 0.000450725 -0.0310879 0.00128533 -0.000280467 -0.0225819 0.00130779 0.0171174 -0.0183978 -0.000781844 -0.00260518 -0.00948981
internal_weight=9.06119 8.91277 8.62269 8.44609 0.217747 8.22834 7.68884 0.511177 7.17766 0.837954 0.336338 6.33971 5.89726 3.30084
internal_count=345 330 321 299 10 289 274 26 248 72 46 176 165 86
is_linear=0
shrinkage=0.05


Tree=81
num_leaves=15
num_cat=0
split_feature=6 2 7 0 7 7 6 1 7 6 3 1 7 9
split_gain=0.0933169 0.0750224 0.067937 0.130032 0.0805143 0.104869 0.106393 0.12154 0.101287 0.114052 0.0769206 0.281529 0.232523 0.151081
threshold=415.00000000000006 54.500000000000007 -8.9999999999999982 7.5000000000000009 -4.9999999999999991 -2.9999999999999996 499.00000000000006 3.5000000000000004 -1.0000000180025095e-35 497.00000000000006 10.500000000000002 7.5000000000000009 2.5000000000000004 1.5000000000000002
decision_type=2 2 2 2 2 2 2 2 2 2 2 2 2 2
left_child=-1 -2 3 -3 -4 6 7 -6 9 -7 -10 -12 -13 -14
right_child=1 2 4 -5 5 8 -8 -9 10 -11 11 12 13 -15
leaf_value=-0.04185156058096174 -0.032186082388871204 -0.065466877758964495 0.020902378791814002 0.015608803109658224 0.011109284062723865 0.030962934164923822 0.0088268425715643771 -0.057504289621074262 -0.001685664458421625 -0.01713003298747677 -0.047300595718611421 0.04848000417483251 0.033385236738297894 -0.058026359551439199
leaf_weight=0.13121632288675833 0.17075151647440989 0.10591346165165205 0.52635371219366511 0.092774949967861176 0.089114867849272694 0.55016392818651816 0.18668251321651042 0.23406146722845733 5.8147283499129179 0.15887534338980913 0.14748910989146669 0.45569488673936576 0.080187026178464293 0.10359915718436241
leaf_count=15 23 9 15 1 7 19 7 13 163 7 26 19 4 17
internal_value=-6.00902e-10 0.000630032 0.00128573 -0.0276097 0.00197355 0.000699576 -0.0212249 -0.0385843 0.00222861 0.0201867 0.000299872 0.0149705 0.0293326 -0.0181429
internal_weight=8.84761 8.71639 8.54564 0.198688 8.34695 7.8206 0.509859 0.323176 7.31074 0.709039 6.6017 0.78697 0.639481 0.183786
internal_count=345 330 307 10 297 282 27 20 255 26 229 66 40 21
is_linear=0
shrinkage=0.05


Tree=82
num_leaves=15
num_cat=0
split_feature=6 2 7 7 0 7 7 6 1 6 3 6 7 6
split_gain=0.0724584 0.0611931 0.0696089 0.0535671 0.114231 0.0676824 0.0833358 0.0927103 0.108442 0.0788018 0.0778876 0.152199 0.221049 0.140348
threshold=417.00000000000006 54.500000000000007 -2.9999999999999996 -8.9999999999999982 7.5000000000000009 -4.9999999999999991 -2.9999999999999996 499.00000000000006 3.5000000000000004 495.00000000000006 1.5000000000000002 495.00000000000006 2.5000000000000004 513.00000000000011
decision_type=2 2 2 2 2 2 2 2 2 2 2 2 2 2
left_child=-1 2 -2 4 -3 9 7 8 -7 -5 -8 -12 -13 -14
right_child=1 3 -4 5 -6 6 10 -9 -10 -11 11 12 13 -15
leaf_value=-0.028519934194176318 0.0055852265939158163 -0.063680373005262955 -0.059153495591406535 0.03552668722864194 0.014983061307708377 0.009654083269321781 0.013682091077723399 0.0081221469175479476 -0.056720650489275493 -0.0042783656858933726 0.0039927596320941073 -0.04334240402795636 -0.023641955390843693 0.017548704395880969
leaf_weight=0.21715243207290846 0.077200758852995932 0.094577244482933476 0.089843478228430196 0.30788759049027881 0.090133033692836761 0.087716031703163888 1.2071901261806521 0.18701725825667381 0.20618241117335856 0.20856208633631468 4.6336170914582908 0.45758079399820395 0.36309090128634125 0.48042837693355978
leaf_count=18 5 9 18 8 1 7 20 7 12 7 163 29 21 20
internal_value=-8.23834e-11 0.000729378 -0.029234 0.00133068 -0.025295 0.00193491 0.000748131 -0.0193984 -0.0369107 0.0194519 0.00210474 -0.000250225 -0.0153608 -0.000181719
internal_weight=8.70818 8.49103 0.167044 8.32398 0.18471 8.13927 7.62282 0.480916 0.293898 0.51645 7.14191 5.93472 1.3011 0.843519
internal_count=345 327 23 304 10 294 279 26 19 15 253 233 70 41
is_linear=0
shrinkage=0.05


Tree=83
num_leaves=15
num_cat=0
split_feature=2 1 6 7 0 3 3 6 3 3 3 6 6 6
split_gain=0.0603772 0.0657911 0.0514014 0.184918 0.076658 0.379818 0.0947581 0.102276 0.0765643 0.138324 0.097861 0.0836925 0.136505 0.185264
threshold=54.500000000000007 12.500000000000002 443.00000000000006 9.0000000000000018 1.5000000000000002 3.5000000000000004 14.500000000000002 447.00000000000006 11.500000000000002 10.500000000000002 6.5000000000000009 451.00000000000006 453.00000000000006 459.00000000000006
decision_type=2 2 2 2 2 2 2 2 2 2 2 2 2 2
left_child=1 -1 3 -2 5 -4 7 -6 9 10 11 -9 -13 -14
right_child=2 -3 4 -5 6 -7 -8 8 -10 -11 -12 12 13 -15
leaf_value=-0.060261127822242015 -0.01683856577686111 0.0020453625031189278 0.04796033174452255 0.050291990261569997 0.028405859698729014 -0.025396845693064291 0.029133041432464354 -0.02959858643144796 -0.0388443240950914 0.03177069384676761 -0.022933565681915999 0.030216946441495703 -0.05413103696648594 0.00011224720755941853
leaf_weight=0.085943832120393249 0.95646653336006948 0.083562587620690465 0.42495253682136525 0.11490806727670133 0.28537305258214463 0.30174900218844414 0.27494489250238974 0.24240409769117821 0.13944239146076132 0.29913499322719861 0.56116565759293724 0.35801756009459484 0.16337817348539818 4.3108950229361653
leaf_count=20 46 7 6 4 6 18 13 4 40 13 64 5 6 93
internal_value=9.98058e-12 -0.0295455 0.000593888 -0.00963862 0.00208311 0.0175002 0.000394488 -0.000847926 -0.00222225 -0.00136182 -0.00312039 -0.000929428 0.000508714 -0.00186845
internal_weight=8.60234 0.169506 8.43283 1.07137 7.36146 0.726702 6.63476 6.35981 6.07444 5.935 5.63586 5.07469 4.83229 4.47427
internal_count=345 27 318 50 268 24 244 231 225 185 172 108 104 99
is_linear=0
shrinkage=0.05


Tree=84
num_leaves=15
num_cat=0
split_feature=6 7 0 7 6 1 1 6 3 7 3 6 2 3
split_gain=0.0551352 0.0507832 0.10142 0.0705099 0.0971695 0.0689633 0.113427 0.322309 0.169374 0.169328 0.0778679 0.119731 0.0585464 0.1112
threshold=417.00000000000006 -8.9999999999999982 7.5000000000000009 -4.9999999999999991 495.00000000000006 5.5000000000000009 3.5000000000000004 465.00000000000006 1.5000000000000002 9.0000000000000018 3.5000000000000004 447.00000000000006 56.500000000000007 3.5000000000000004
decision_type=2 2 2 2 2 2 2 2 2 2 2 2 2 2
left_child=-1 2 -2 4 -3 6 8 10 -5 12 -8 -12 -10 -14
right_child=1 3 -4 5 -6 -7 7 -9 9 -11 11 -13 13 -15
leaf_value=-0.024897672405016349 -0.063074546365763401 0.036517503752219391 0.012704751511282992 0.036733009847481256 -0.0072537325401830291 0.0032227159333153297 0.036462448907326236 -0.054057492583169192 -0.028195659003115284 0.022077919450164043 0.036151561212857806 -0.059823856870855723 0.031942214427737842 -0.020905688377615861
leaf_weight=0.21665958897210735 0.089916266617364182 0.31521740520838459 0.08675268292427063 0.26400507800281081 0.21211117366328835 5.1813358291401528 0.17383960634469975 0.39131164085119963 0.56460410967702024 0.36940511420834798 0.061393394600600004 0.069037566892802715 0.14568917453289032 0.31422402977477759
leaf_count=18 10 9 1 5 8 197 3 27 22 9 6 4 2 24
internal_value=-5.20774e-10 0.000654742 -0.0258634 0.00123584 0.0189111 -1.16572e-06 -0.00709866 -0.0240451 1.12054e-05 -0.0069438 0.0145528 -0.0146486 -0.017408 -0.00416477
internal_weight=8.4555 8.23884 0.176669 8.06217 0.527329 7.53485 2.35351 0.695582 1.65793 1.39392 0.304271 0.130431 1.02452 0.459913
internal_count=345 327 11 316 17 299 102 40 62 57 13 10 48 26
is_linear=0
shrinkage=0.05


Tree=85
num_leaves=15
num_cat=0
split_feature=6 5 4 3 2 7 7 7 7 6 7 0 1 3
split_gain=0.0559503 0.050155 0.222006 0.0873655 0.0448286 0.0696418 0.0428717 0.0400731 0.0830336 0.0810074 0.0633256 0.0951714 0.0720424 0.0699621
threshold=415.00000000000006 5.5000000000000009 1.5000000000000002 5.5000000000000009 54.500000000000007 -2.9999999999999996 -1.0000000180025095e-35 -8.9999999999999982 -4.9999999999999991 495.00000000000006 -2.9999999999999996 7.5000000000000009 3.5000000000000004 1.5000000000000002
decision_type=2 2 2 2 2 2 2 2 2 2 2 2 2 2
left_child=6 4 -3 -4 5 -2 -1 -6 9 -9 11 12 -10 -12
right_child=1 2 3 -5 7 -7 -8 8 10 -11 13 -13 -14 -15
leaf_value=0.0073445478047119601 0.010190724347789362 -0.067763732050743403 -0.027387948860854324 0.03067687079577737 -0.022950477626221936 -0.058699825403033125 -0.056787135941953559 0.037467316755955438 0.0042094267320889568 -0.0030083635961867358 0.013420581268067319 0.023950925362579506 -0.045794688220389901 -0.00015308066768531301
leaf_weight=0.039838505443185568 0.069934547122102231 0.13992801657877851 0.10223222617059946 0.17684231093153358 0.15859751589596172 0.077161228749899169 0.075344242737629297 0.31771941529586811 0.10436962940730055 0.20234307809732854 1.1537018939852739 0.1063656616024673 0.23246761923655868 5.3584913598606363
leaf_count=4 4 23 3 9 7 17 11 8 8 7 20 3 14 207
internal_value=8.05004e-11 0.000486087 -0.0163651 0.00940622 0.00139349 -0.0259468 -0.0346058 0.0019203 0.00244795 0.0217193 0.00100701 -0.0172808 -0.0303008 0.00225163
internal_weight=8.31534 8.20015 0.419003 0.279075 7.78115 0.147096 0.115183 7.63406 7.47546 0.520062 6.9554 0.443203 0.336837 6.51219
internal_count=345 330 35 12 295 21 15 274 267 15 252 25 22 227
is_linear=0
shrinkage=0.05


Tree=86
num_leaves=15
num_cat=0
split_feature=6 2 7 1 7 0 7 7 6 1 3 6 9 7
split_gain=0.0506185 0.0440367 0.0589324 0.0439836 0.0412745 0.0955656 0.0475685 0.0675462 0.0650164 0.112347 0.0637005 0.114363 0.193004 0.124518
threshold=415.00000000000006 54.500000000000007 -2.9999999999999996 9.5000000000000018 -8.9999999999999982 7.5000000000000009 -4.9999999999999991 -2.9999999999999996 499.00000000000006 3.5000000000000004 1.5000000000000002 495.00000000000006 1.5000000000000002 1.0000000180025095e-35
decision_type=2 2 2 2 2 2 2 2 2 2 2 2 2 2
left_child=3 2 -2 -1 5 -3 -6 8 9 -8 -9 13 -13 -12
right_child=1 4 -4 -5 6 -7 7 10 -10 -11 11 12 -14 -15
leaf_value=-0.0073766611836586201 0.0049177435227248092 -0.062561991537348802 -0.058038206638194194 -0.069877067611746183 0.016620739431589281 0.012869822567538838 0.013884651191851892 0.012169985356202232 0.0054177142785548646 -0.054707481563884587 0.010911998098727243 -0.045076183303612176 -0.0012932585734153237 -0.0059922637052347519
leaf_weight=0.069541511824355307 0.074518850597087294 0.081145607866345837 0.074171513027975311 0.047292055212892592 0.48798049241304298 0.087013915181159973 0.086854688357560828 1.205389985814693 0.17845674022100866 0.19091966713313013 2.4064244786277413 0.35516640765126772 0.86409275000914931 1.9904609579825772
leaf_count=9 5 9 18 6 15 1 7 21 7 13 74 23 47 90
internal_value=-2.40301e-10 0.000472325 -0.0264867 -0.0326757 0.000977568 -0.0235299 0.00150825 0.000494947 -0.0181311 -0.03326 0.00174067 -0.000497763 -0.0140471 0.00325947
internal_weight=8.19943 8.0826 0.14869 0.116834 7.93391 0.16816 7.76575 7.27777 0.456231 0.277774 6.82153 5.61614 1.21926 4.39689
internal_count=345 330 23 15 307 10 297 282 27 20 255 234 70 164
is_linear=0
shrinkage=0.05


Tree=87
num_leaves=15
num_cat=0
split_feature=6 8 7 1 2 4 7 0 6 6 3 0 8 4
split_gain=0.0469285 0.109706 0.0817397 0.0487932 0.0388776 0.0556403 0.0402896 0.0885451 0.0571997 0.0541007 0.0670769 0.137081 0.0995905 0.146788
threshold=437.00000000000006 1500.0000000000002 -1.0000000180025095e-35 14.500000000000002 54.500000000000007 1.5000000000000002 -8.9999999999999982 7.5000000000000009 439.00000000000006 443.00000000000006 5.5000000000000009 1.5000000000000002 1700.0000000000002 2.5000000000000004
decision_type=2 2 2 2 2 2 2 2 2 2 2 2 2 2
left_child=1 2 -1 -3 5 -2 7 -6 -8 -10 11 -11 -12 -14
right_child=4 3 -4 -5 6 -7 8 -9 9 10 12 -13 13 -15
leaf_value=0.034415568646144548 0.0038770334325550397 -0.047713240250821409 -0.01274011121887827 -0.002582053455056574 -0.062484653111844826 -0.059401229887247491 0.041184058481406549 0.011724233348906739 -0.022429132234462565 0.031472089466231035 0.0020049184485055297 0.0030056467314000454 -0.032308706675642632 0.034817268944597968
leaf_weight=0.14706191071309149 0.076307750772684702 0.21673846471821889 0.2449897127225994 0.082755819894373417 0.075619781971908995 0.063771164685022086 0.092973377555608638 0.085811294615268707 0.22474035969935346 0.47061996348202217 1.5442566897254439 4.1717958208173513 0.51911016006488342 0.096596802584826946
leaf_count=7 6 24 13 2 9 14 3 1 8 9 100 90 56 3
internal_value=2.61151e-10 -0.0124575 0.00494839 -0.0352427 0.00116079 -0.0249305 0.00166273 -0.0230377 0.00222275 0.00170727 0.0025047 0.0058914 -0.00477435 -0.0217775
internal_weight=8.11315 0.691546 0.392052 0.299494 7.4216 0.140079 7.28152 0.161431 7.12009 7.02712 6.80238 4.64242 2.15996 0.615707
internal_count=345 46 20 26 299 20 279 10 269 266 258 99 159 59
is_linear=0
shrinkage=0.05


Tree=88
num_leaves=15
num_cat=0
split_feature=7 0 6 7 3 3 8 7 6 6 3 6 1 8
split_gain=0.0433324 0.0951941 0.0405614 0.159037 0.0756031 0.104878 0.0629117 0.0617771 0.184624 0.157111 0.282501 0.186488 0.133062 0.127288
threshold=-8.9999999999999982 7.5000000000000009 443.00000000000006 9.0000000000000018 9.5000000000000018 6.5000000000000009 1500.0000000000002 1.0000000180025095e-35 479.00000000000006 479.00000000000006 2.5000000000000004 451.00000000000006 1.5000000000000002 1900.0000000000002
decision_type=2 2 2 2 2 2 2 2 2 2 2 2 2 2
left_child=1 -1 3 4 5 -2 -7 8 -4 11 -11 -9 -13 -12
right_child=2 -3 7 -5 -6 6 -8 9 -10 10 13 12 -14 -15
leaf_value=-0.065606395346774551 -0.022822431410412333 0.010865583156765469 0.015966995573662251 0.049592385291186876 -0.05570536132565658 0.035856150184556533 -0.018485781718380865 0.023126267726839442 -0.0068300980571906677 0.027305282627310482 -0.0022198909276153439 0.022490462462329872 -0.035676632551525631 -0.042158959810867688
leaf_weight=0.077599641866981872 0.53171160258352745 0.085571445524692535 2.1051413316745315 0.10352912801317871 0.10518015146953985 0.15522756380960345 0.081078939139842987 0.21833138610236369 1.5362149863503871 0.84249998815357718 1.0122867938480338 0.11238565668463707 0.78555193229112774 0.2484590810490771
leaf_count=10 13 1 64 4 24 6 9 10 66 15 53 4 45 21
internal_value=1.76061e-10 -0.0255024 0.000530934 -0.00900224 -0.0159494 -0.0105048 0.0172109 0.0018881 0.00634936 -0.00315771 0.00488899 -0.0183191 -0.0283965 -0.0100908
internal_weight=8.00077 0.163171 7.8376 0.976727 0.873198 0.768018 0.236307 6.86087 3.64136 3.21951 2.10325 1.11627 0.897938 1.26075
internal_count=345 11 334 56 52 28 15 278 130 148 89 59 49 74
is_linear=0
shrinkage=0.05


Tree=89
num_leaves=15
num_cat=0
split_feature=2 4 3 6 0 6 1 3 7 5 6 3 3 0
split_gain=0.0404365 0.0540095 0.0389517 0.147354 0.144842 0.132858 0.0956062 0.0967148 0.0863643 0.0984568 0.115427 0.125172 0.122412 0.269345
threshold=54.500000000000007 1.5000000000000002 3.5000000000000004 525.00000000000011 1.5000000000000002 536.00000000000011 7.5000000000000009 10.500000000000002 1.0000000180025095e-35 3.5000000000000004 451.00000000000006 14.500000000000002 5.5000000000000009 4.5000000000000009
decision_type=2 2 2 2 2 2 2 2 2 2 2 2 2 2
left_child=1 -1 3 4 -2 6 7 -4 9 10 -8 12 -12 -14
right_child=2 -3 5 -5 -6 -7 8 -9 -10 -11 11 -13 13 -15
leaf_value=0.0031661010699474568 0.025080161749563235 -0.057986372835078452 -0.007150153202371186 0.04444111767307897 -0.0029052286071104111 -0.064677747160901689 -0.0056696819472153888 -0.0494707159808528 -0.0085168621614484276 -0.018049620640520462 0.031334363605914323 0.063553682774664513 0.039936947997003584 -0.057207026469212864
leaf_weight=0.075210545328445622 0.55465403944253999 0.069444158172700554 1.4242262560874221 0.2151990421116351 2.7782645849511027 0.084944793488830217 0.42378631839528702 0.14913502085255448 0.83980847650673229 0.24622383760288347 0.53582318872213364 0.17745038866996765 0.14106038631871343 0.14439371833577752
leaf_count=6 9 21 77 5 56 11 20 33 57 20 7 1 4 18
internal_value=1.71817e-10 -0.0261913 0.000491083 0.00434118 0.00175201 -0.00278731 -0.00149937 -0.0111616 0.0045608 0.0111423 0.0161951 0.0254729 0.0172449 -0.00920223
internal_weight=7.85962 0.144655 7.71497 3.54812 3.33292 4.16685 4.08191 1.57336 2.50855 1.66874 1.42251 0.998728 0.821277 0.285454
internal_count=345 27 318 70 65 248 237 110 127 70 50 30 29 22
is_linear=0
shrinkage=0.05


Tree=90
num_leaves=15
num_cat=0
split_feature=2 1 3 6 0 6 6 9 7 7 5 6 3 6
split_gain=0.0362986 0.0496167 0.0392185 0.134062 0.138671 0.10792 0.0714015 0.229883 0.0845761 0.158952 0.143452 0.134534 0.164752 0.148184
threshold=54.500000000000007 12.500000000000002 1.5000000000000002 497.00000000000006 5.5000000000000009 467.00000000000006 497.00000000000006 1.5000000000000002 1.0000000180025095e-35 9.0000000000000018 4.5000000000000009 451.00000000000006 14.500000000000002 453.00000000000006
decision_type=2 2 2 2 2 2 2 2 2 2 2 2 2 2
left_child=1 -1 3 4 5 -2 8 -8 11 10 -10 -4 13 -13
right_child=2 -3 6 -5 -6 -7 7 -9 9 -11 -12 12 -14 -15
leaf_value=-0.058197279776718062 0.037004820064032808 0.0018104306313207232 -0.0081993294788181501 0.037554094197903586 -0.02902209214430472 -0.0056999528810867213 -0.047181466766550918 0.00012431873752237843 -0.026105954689887162 0.013423758960984859 0.013622747537189908 0.048882173297599453 0.062530802443542241 0.00500597803637934
leaf_weight=0.062859976111212634 0.26115638390183427 0.076210540486499667 0.98081017076037857 0.30233009159564972 0.2951163724064827 0.34126090630888939 0.33493567595723983 1.1010438401135616 0.96961168537382014 0.66291367390658695 0.29675504891201854 0.21793396398425136 0.1632043570280074 1.6446925324853507
leaf_count=20 5 7 43 6 5 7 22 61 54 20 21 3 1 70
internal_value=-2.3373e-10 -0.0253131 0.000464925 0.00875742 -0.000942606 0.0128132 -0.0010966 -0.0109095 0.00175823 -0.00641235 -0.0167961 0.00700107 0.0143604 0.0101396
internal_weight=7.71084 0.139071 7.57176 1.19986 0.897534 0.602417 6.3719 1.43598 4.93592 1.92928 1.26637 3.00664 2.02583 1.86263
internal_count=345 27 318 23 17 12 295 83 212 95 75 117 74 73
is_linear=0
shrinkage=0.05


Tree=91
num_leaves=15
num_cat=0
split_feature=3 9 1 6 6 7 6 7 6 6 1 6 8 1
split_gain=0.0358671 0.167037 0.202372 0.03509 0.152337 0.114142 0.109045 0.0808811 0.0793293 0.0626789 0.0750535 0.156957 0.206691 0.200338
threshold=11.500000000000002 1.5000000000000002 9.5000000000000018 453.00000000000006 459.00000000000006 9.0000000000000018 449.00000000000006 1.0000000180025095e-35 445.00000000000006 461.00000000000006 2.5000000000000004 477.00000000000006 1900.0000000000002 5.5000000000000009
decision_type=2 2 2 2 2 2 2 2 2 2 2 2 2 2
left_child=3 2 -2 5 -5 6 8 -8 -1 -6 -11 12 -12 -13
right_child=1 -3 -4 4 9 -7 7 -9 -10 10 11 13 -14 -15
leaf_value=-0.0024927497487336613 -0.056633641679105576 -0.04653872946513158 0.042562837543136271 -0.045067908929979389 0.020828126784910847 0.047286049672755036 0.03310910005832042 -0.0028389923861900264 -0.048290749925559956 0.012975002733160452 -0.035869926321448774 -0.035329684764841641 0.035605167624945692 0.0052753659908949709
leaf_weight=0.91728718474041648 0.072221645881654584 0.20905469806166366 0.17847585305571556 0.19072119891643513 0.35122413327917446 0.15921320300549258 0.39634929643943895 0.25853751413524151 0.10542103857733309 0.79293059260817234 0.6318992136511955 0.33993329294025931 0.12042242288589478 2.855347550008446
leaf_count=36 16 59 9 12 6 5 8 7 6 29 30 23 7 92
internal_value=3.61156e-10 -0.0135353 0.013986 0.000874087 -0.00119585 0.00682702 0.00298723 0.0189174 -0.00721362 0.000447462 -0.00106253 -0.00388217 -0.0244291 0.000955555
internal_weight=7.57904 0.459752 0.250697 7.11929 5.28248 1.83681 1.6776 0.654887 1.02271 5.09176 4.74053 3.9476 0.752322 3.19528
internal_count=345 84 25 261 199 62 57 15 42 187 181 152 37 115
is_linear=0
shrinkage=0.05


Tree=92
num_leaves=15
num_cat=0
split_feature=3 6 6 7 1 0 6 3 5 6 0 7 8 8
split_gain=0.0453472 0.129966 0.127322 0.118622 0.101567 0.134294 0.106955 0.0943957 0.0846815 0.170215 0.103529 0.159331 0.0836822 0.153279
threshold=3.5000000000000004 525.00000000000011 536.00000000000011 -6.9999999999999991 11.500000000000002 7.5000000000000009 511.00000000000006 15.500000000000002 4.5000000000000009 453.00000000000006 2.5000000000000004 13.000000000000002 1900.0000000000002 1500.0000000000002
decision_type=2 2 2 2 2 2 2 2 2 2 2 2 2 2
left_child=1 4 3 -2 6 -6 12 8 10 -10 -5 -12 13 -1
right_child=2 -3 -4 7 5 -7 -8 -9 9 -11 11 -13 -14 -15
leaf_value=0.020773484458722777 -0.062486075624073129 0.043259436037581242 -0.066249793319053923 -0.016857307862514045 -0.039588896761254835 0.0052767032033830923 -0.027469888264694549 -0.057454763918934573 0.049599346891627261 -0.030813211812180264 0.0090763771028938428 -0.05920041958719538 0.031694013596947609 -0.0073629666312686071
leaf_weight=0.8886301624588685 0.080259447247954419 0.20101130008697499 0.079426845768466481 0.55053311606752808 0.31042116507887829 0.36047478951513767 0.2133311741054057 0.072860790416598209 0.077365233679301926 0.44060805236222222 2.6695606998400767 0.088271698215976246 0.35964381881058205 1.0631526578217743
leaf_count=16 12 5 11 33 8 7 6 11 6 52 135 13 8 22
internal_value=6.77283e-11 0.00426268 -0.00356721 -0.00231611 0.00180972 -0.0154824 0.00640472 -0.0010776 -4.06978e-06 -0.0188027 0.00293913 0.006891 0.00953115 0.00544732
internal_weight=7.45555 3.39667 4.05889 3.97946 3.19565 0.670896 2.52476 3.8992 3.82634 0.517973 3.30837 2.75783 2.31143 1.95178
internal_count=345 72 273 262 67 15 52 250 239 58 181 148 46 38
is_linear=0
shrinkage=0.05


Tree=93
num_leaves=15
num_cat=0
split_feature=6 3 6 6 6 6 3 1 8 7 1 9 6 6
split_gain=0.0632483 0.13571 0.0963175 0.0518843 0.0446783 0.0811524 0.093245 0.128723 0.0432084 0.0358343 0.136042 0.194553 0.182686 0.0689847
threshold=536.00000000000011 4.5000000000000009 525.00000000000011 515.00000000000011 513.00000000000011 501.00000000000006 1.5000000000000002 13.500000000000002 1500.0000000000002 9.0000000000000018 8.5000000000000018 1.5000000000000002 465.00000000000006 449.00000000000006
decision_type=2 2 2 2 2 2 2 2 2 2 2 2 2 2
left_child=2 -2 3 4 5 9 -7 -8 -5 13 11 -11 -12 -1
right_child=1 -3 -4 8 -6 6 7 -9 -10 10 12 -13 -14 -15
leaf_value=-0.011526633863231828 0.019459040872113396 -0.071989495020692906 0.030871571286481832 -0.04732496526348913 0.021675105704756101 0.032045590180435714 -0.040633922795266252 0.025303075245671811 -0.00043071104895718479 0.049138969047123608 0.020747300007042994 -0.013837296804659855 -0.070610086009700743 0.0026978189873900493
leaf_weight=1.0729900116566566 0.073937036097049602 0.0898941271007061 0.25512771145440627 0.10633085208246473 0.23656197520904232 0.076722536236047634 0.37065636948682368 0.09248697676230222 0.091297651175409555 0.32547629065811623 0.11846709519159049 0.1967859948053956 0.10169589740689844 4.1452293930924498
leaf_count=66 2 11 9 9 7 2 33 4 6 6 4 7 8 171
internal_value=-5.98607e-12 -0.0307188 0.000699973 -0.00041004 0.000330696 -0.000446055 -0.0190092 -0.0274667 -0.0256614 0.00123524 0.0115132 0.0254098 -0.0214518 -0.000227067
internal_weight=7.35366 0.163831 7.18983 6.9347 6.73707 6.50051 0.539866 0.463143 0.197629 5.96064 0.742425 0.522262 0.220163 5.21822
internal_count=345 13 332 323 308 301 39 37 15 262 25 13 12 237
is_linear=0
shrinkage=0.05


Tree=94
num_leaves=15
num_cat=0
split_feature=3 6 6 6 9 3 7 2 3 1 1 6 8 6
split_gain=0.0435562 0.0846768 0.0883473 0.0572417 0.205558 0.0831118 0.0795294 0.124227 0.155449 0.16939 0.135557 0.273981 0.124328 0.124176
threshold=1.5000000000000002 497.00000000000006 467.00000000000006 497.00000000000006 1.5000000000000002 6.5000000000000009 1.0000000180025095e-35 56.500000000000007 9.5000000000000018 8.5000000000000018 10.500000000000002 493.00000000000006 1700.0000000000002 439.00000000000006
decision_type=2 2 2 2 2 2 2 2 2 2 2 2 2 2
left_child=1 2 -1 6 -5 -6 7 8 9 12 -9 -12 13 -2
right_child=3 -3 -4 4 5 -7 -8 10 -10 -11 11 -13 -14 -15
leaf_value=0.018291091538022084 0.0039182633413115788 0.032283123598225737 -0.014301085387669816 -0.046475861960694524 0.0061067712106396242 -0.029784060301678884 -0.0071301155606389739 0.026438902010142148 -0.055831793143109591 0.020557834264880764 -0.03445547032139578 0.057884461977867521 0.010249190108430034 -0.052543485110659829
leaf_weight=0.39071875251829602 0.15077453851699851 0.29059105552732944 0.44443640299141407 0.30987174739129808 0.89741097949445248 0.19664542135433294 1.8374776440905405 1.0145377423614261 0.13193727316684078 0.60388676216825843 0.28163317404687394 0.1123870387673378 0.28215981181710958 0.27497707912698388
leaf_count=8 3 7 9 22 26 40 102 37 37 17 15 1 8 13
internal_value=-7.6091e-11 0.00903573 0.000946829 -0.00166925 -0.0105263 -0.000344238 0.000982188 0.00620822 -0.00409858 0.00110462 0.0167724 -0.0081172 -0.01549 -0.0325483
internal_weight=7.21945 1.12575 0.835155 6.0937 1.40393 1.09406 4.68977 2.85229 1.44374 1.3118 1.40856 0.39402 0.707911 0.425752
internal_count=345 24 17 321 88 66 233 131 78 41 53 16 24 16
is_linear=0
shrinkage=0.05


Tree=95
num_leaves=15
num_cat=0
split_feature=6 3 0 7 6 6 4 3 3 0 6 3 6 6
split_gain=0.0448691 0.0545489 0.112035 0.118435 0.0499711 0.127037 0.0868182 0.173424 0.124618 0.11796 0.0675517 0.0514276 0.104364 0.103755
threshold=435.00000000000006 1.5000000000000002 6.5000000000000009 -1.0000000180025095e-35 453.00000000000006 459.00000000000006 1.5000000000000002 4.5000000000000009 4.5000000000000009 2.5000000000000004 439.00000000000006 4.5000000000000009 525.00000000000011 536.00000000000011
decision_type=2 2 2 2 2 2 2 2 2 2 2 2 2 2
left_child=1 -1 3 -3 6 -6 8 9 -2 -8 -9 12 -7 -13
right_child=4 2 -4 -5 5 11 7 10 -10 -11 -12 13 -14 -15
leaf_value=0.022424858018235353 0.021531277693681735 0.027294050158965001 -0.079188430010547872 -0.035007941588141411 -0.042065399283934116 0.002076061025572915 0.020273622367067468 0.0080794126121119855 -0.037829144400665753 -0.025714247602592333 0.052133940701152008 -0.0037303484003613297 0.040846197467605073 -0.066120546223204568
leaf_weight=0.080902641639113315 0.15869304910302151 0.12760269321734086 0.071613285574130714 0.18966008009738289 0.18314979725982983 2.8454731139354412 0.29577333293855168 0.11858990183100104 0.19964755175169557 0.26381122320890427 0.32681713928468525 1.9438380812352991 0.18485577963292588 0.06900274276267726
leaf_count=2 3 9 5 23 14 67 6 7 17 6 11 159 5 11
internal_value=2.32107e-10 -0.0149294 -0.0227007 -0.00995016 0.00106432 -0.0011595 0.00958934 0.0171236 -0.0115411 -0.00140695 0.0404044 0.000326053 0.00444111 -0.00586916
internal_weight=7.05943 0.469779 0.388876 0.317263 6.58965 5.22632 1.36333 1.00499 0.358341 0.559585 0.445407 5.04317 3.03033 2.01284
internal_count=345 39 37 32 306 256 50 30 20 12 18 242 72 170
is_linear=0
shrinkage=0.05


Tree=96
num_leaves=15
num_cat=0
split_feature=6 3 6 6 1 6 6 5 7 1 3 1 6 2
split_gain=0.061023 0.12122 0.0793349 0.0463937 0.0429661 0.129104 0.289202 0.232001 0.235435 0.126412 0.0790062 0.0785415 0.0725926 0.0887398
threshold=536.00000000000011 4.5000000000000009 525.00000000000011 515.00000000000011 10.500000000000002 491.00000000000006 463.00000000000006 3.5000000000000004 1.0000000180025095e-35 15.500000000000002 6.5000000000000009 13.500000000000002 400.00000000000006 55.500000000000007
decision_type=2 2 2 2 2 2 2 2 2 2 2 2 2 2
left_child=2 -2 3 4 12 6 7 8 11 10 -8 -6 -1 -14
right_child=1 -3 -4 -5 5 -7 9 -9 -10 -11 -12 -13 13 -15
leaf_value=0.048191563616405933 0.016739846034184703 -0.071927638760525769 0.029104743354714958 -0.024680935950442233 -0.022919567282915353 0.014876557943423721 -0.06204773702089187 0.042001791807534002 -0.068628045975956384 0.0018105169737058801 -0.018926090939940732 0.018142870542469183 -0.008932260688928358 0.0070840700011620926
leaf_weight=0.088328438461758085 0.071570005267858394 0.083539400948211551 0.23732037958689023 0.18978853512089688 0.17607003054581605 0.58595105295535166 0.36650056671351194 0.29548251873347908 0.14088756707496941 0.1560228654416278 0.14957017888082191 0.34392414940521121 1.2237769100756848 2.9485530063975602
leaf_count=5 2 11 9 15 13 22 13 10 7 7 18 7 68 138
internal_value=3.70021e-10 -0.031015 0.000696986 -0.000314549 0.000399646 -0.00524998 -0.0124919 0.00517196 -0.0112948 -0.0376269 -0.04955 0.00423913 0.00333595 0.00238636
internal_weight=7.05729 0.155109 6.90218 6.66486 6.47507 2.21441 1.62846 0.956364 0.660882 0.672094 0.516071 0.519994 4.26066 4.17233
internal_count=345 13 332 323 308 97 75 37 27 38 31 20 211 206
is_linear=0
shrinkage=0.05


Tree=97
num_leaves=15
num_cat=0
split_feature=2 5 0 3 5 1 2 0 6 8 6 2 7 7
split_gain=0.0451771 0.0411926 0.0491408 0.0362119 0.119295 0.1681 0.109238 0.118346 0.0741588 0.105625 0.0867868 0.0956893 0.151653 0.11098
threshold=54.500000000000007 6.5000000000000009 6.5000000000000009 3.5000000000000004 4.5000000000000009 15.500000000000002 57.500000000000007 1.5000000000000002 461.00000000000006 1500.0000000000002 523.00000000000011 56.500000000000007 5.0000000000000009 -1.0000000180025095e-35
decision_type=2 2 2 2 2 2 2 2 2 2 2 2 2 2
left_child=-1 3 -3 6 -5 -6 7 -2 9 -9 11 -10 13 -13
right_child=1 2 -4 4 5 -7 -8 8 10 -11 -12 12 -14 -15
leaf_value=-0.030024722527765453 0.024313615939807846 -0.0055229624153653022 0.061266191538577125 0.00010230657686684346 -0.03630769787393693 0.07652300246124942 0.037714692414595713 0.038371869056675785 -0.043363494174058805 -0.0023482546814514223 0.026053789749008838 0.0028149373060325669 0.023430332768085708 -0.03165660429225322
leaf_weight=0.12304261644021597 0.47027285210788328 0.050701030413620063 0.060288823558948934 3.0933294454589491 0.41698077833279956 0.035848565166816115 0.22289078310132016 0.22675363719463382 0.2192317312583324 0.53498238325119019 0.15850304625928391 0.40066440775990553 0.30043281149119139 0.55958114285021954
leaf_count=27 9 8 2 182 55 2 4 4 7 12 5 9 7 12
internal_value=-4.25749e-10 0.000547269 0.0307564 4.22731e-05 -0.00340648 -0.0273754 0.0039959 0.00137761 -0.00311635 0.00977331 -0.00910906 -0.0128751 -0.00757319 -0.0172733
internal_weight=6.8735 6.75046 0.11099 6.63947 3.54616 0.452829 3.09331 2.87042 2.40015 0.761736 1.63841 1.47991 1.26068 0.960246
internal_count=345 318 10 308 239 57 69 65 56 16 40 35 28 21
is_linear=0
shrinkage=0.05


Tree=98
num_leaves=15
num_cat=0
split_feature=5 3 6 0 6 8 3 7 6 6 0 2 6 8
split_gain=0.192659 0.0492815 0.0710465 0.0703704 0.0710024 0.0680651 0.302875 0.156478 0.112428 0.0626495 0.134125 0.149654 0.11088 0.0874505
threshold=6.5000000000000009 1.5000000000000002 497.00000000000006 5.5000000000000009 467.00000000000006 1900.0000000000002 2.5000000000000004 1.0000000180025095e-35 525.00000000000011 485.00000000000006 5.5000000000000009 56.500000000000007 513.00000000000011 1700.0000000000002
decision_type=2 2 2 2 2 2 2 2 2 2 2 2 2 2
left_child=1 2 3 4 -1 9 -7 -8 -9 -3 11 12 -11 -12
right_child=-2 5 -4 -5 -6 6 7 8 -10 10 13 -13 -14 -15
leaf_value=0.033387419895406181 0.052520554419646204 0.0032792468098537561 0.031065473800951478 -0.020701378279430825 -0.0039808411666082963 0.035305338482170531 -0.0056507005258929896 -0.069516234567530449 -0.0048198790826094393 -0.024465267188169708 0.011986916723477256 -0.043165050285007472 0.033685233567594688 -0.031421829418129273
leaf_weight=0.21681408211588837 0.17029546166304488 3.1727709140686784 0.26428450085222721 0.25137435644865036 0.30727097019553185 0.2182934246957301 0.30032630311325192 0.2834172195289284 0.088002351229079068 0.184536750661209 0.70998058805707842 0.4369351071654819 0.14749813661910594 0.13868814008310437
leaf_count=5 10 163 7 5 7 5 21 27 5 13 29 33 6 9
internal_value=8.32082e-11 -0.00133092 0.00867713 0.00104695 0.0114784 -0.00316278 -0.0158604 -0.0324875 -0.0541874 -0.000803609 -0.00881156 -0.0239366 0.00136663 0.00489313
internal_weight=6.89049 6.72019 1.03974 0.775459 0.524085 5.68045 0.890039 0.671746 0.37142 4.79041 1.61764 0.76897 0.332035 0.848669
internal_count=345 335 24 17 12 311 58 53 32 253 90 52 19 38
is_linear=0
shrinkage=0.05


Tree=99
num_leaves=15
num_cat=0
split_feature=2 3 1 1 6 9 6 5 3 0 2 1 6 7
split_gain=0.0416406 0.036562 0.107585 0.122236 0.0601943 0.115602 0.0859343 0.077482 0.0798295 0.0740248 0.0785173 0.0602011 0.0552791 0.185277
threshold=54.500000000000007 1.5000000000000002 3.5000000000000004 6.5000000000000009 495.00000000000006 1.5000000000000002 493.00000000000006 4.5000000000000009 2.5000000000000004 5.5000000000000009 56.500000000000007 3.5000000000000004 485.00000000000006 6.5000000000000009
decision_type=2 2 2 2 2 2 2 2 2 2 2 2 2 2
left_child=-1 2 -2 -4 6 11 12 9 -9 10 -7 -6 -3 -14
right_child=1 4 3 -5 5 7 -8 8 -10 -11 -12 -13 13 -15
leaf_value=-0.029015744316311654 0.04484743825777384 0.0027723284035385404 -0.025248128808048661 0.015485711894208007 -0.004273385905122151 0.014957619766230421 0.038638671514625536 0.0088402493726172648 -0.056736945316688138 0.027242891843417851 -0.024134602043912455 -0.050159280431209374 -0.036481765513062696 0.022970299604461172
leaf_weight=0.12139477691380296 0.1758019160479305 3.5274774060817435 0.27772738970816135 0.54675315599888563 0.10383660113438942 0.24448518001008779 0.15288502420298744 0.078162603080272675 0.11423455213662237 0.25770379556342959 0.27063105802517384 0.22939088102430105 0.34893366030883033 0.20986494608223438
leaf_count=27 4 176 7 12 5 9 5 2 23 9 20 21 20 5
internal_value=-3.7083e-10 0.000538761 0.00933639 0.00176446 -0.00105039 -0.0104696 0.00183469 -0.00170366 -0.0300958 0.00536469 -0.0055806 -0.0358608 0.000457696 -0.0141537
internal_weight=6.65928 6.53789 1.00028 0.824481 5.53761 1.29844 4.23916 0.965217 0.192397 0.77282 0.515116 0.333227 4.08628 0.558799
internal_count=345 318 23 19 295 89 206 63 25 38 29 26 201 25
is_linear=0
shrinkage=0.05


end of trees

feature_importances:
体重=403
人気=271
体重増減=191
馬番=160
枠番=92
斤量=92
distance=57
年齢=54
track_type_code=41
sex_code=39

parameters:
[boosting: gbdt]
[objective: lambdarank]
[metric: ndcg]
[tree_learner: serial]
[device_type: cpu]
[data_sample_strategy: bagging]
[data: ]
[valid: ]
[num_iterations: 100]
[learning_rate: 0.05]
[num_leaves: 15]
[num_threads: 0]
[seed: 42]
[deterministic: 0]
[force_col_wise: 0]
[force_row_wise: 0]
[histogram_pool_size: -1]
[max_depth: -1]
[min_data_in_leaf: 5]
[min_sum_hessian_in_leaf: 0.001]
[bagging_fraction: 1]
[pos_bagging_fraction: 1]
[neg_bagging_fraction: 1]
[bagging_freq: 0]
[bagging_seed: 400]
[bagging_by_query: 0]
[feature_fraction: 1]
[feature_fraction_bynode: 1]
[feature_fraction_seed: 30056]
[extra_trees: 0]
[extra_seed: 12879]
[early_stopping_round: 0]
[early_stopping_min_delta: 0]
[first_metric_only: 0]
[max_delta_step: 0]
[lambda_l1: 0]
[lambda_l2: 0]
[linear_lambda: 0]
[min_gain_to_split: 0]
[drop_rate: 0.1]
[max_drop: 50]
[skip_drop: 0.5]
[xgboost_dart_mode: 0]
[uniform_drop: 0]
[drop_seed: 17869]
[top_rate: 0.2]
[other_rate: 0.1]
[min_data_per_group: 100]
[max_cat_threshold: 32]
[cat_l2: 10]
[cat_smooth: 10]
[max_cat_to_onehot: 4]
[top_k: 20]
[monotone_constraints: ]
[monotone_constraints_method: basic]
[monotone_penalty: 0]
[feature_contri: ]
[forcedsplits_filename: ]
[refit_decay_rate: 0.9]
[cegb_tradeoff: 1]
[cegb_penalty_split: 0]
[cegb_penalty_feature_lazy: ]
[cegb_penalty_feature_coupled: ]
[path_smooth: 0]
[interaction_constraints: ]
[verbosity: -1]
[saved_feature_importance_type: 0]
[use_quantized_grad: 0]
[num_grad_quant_bins: 4]
[quant_train_renew_leaf: 0]
[stochastic_rounding: 1]
[linear_tree: 0]
[max_bin: 255]
[max_bin_by_feature: ]
[min_data_in_bin: 3]
[bin_construct_sample_cnt: 200000]
[data_random_seed: 175]
[is_enable_sparse: 1]
[enable_bundle: 1]
[use_missing: 1]
[zero_as_missing: 0]
[feature_pre_filter: 1]
[pre_partition: 0]
[two_round: 0]
[header: 0]
[label_column: ]
[weight_column: ]
[group_column: ]
[ignore_column: ]
[categorical_feature: ]
[forcedbins_filename: ]
[precise_float_parser: 0]
[parser_config_file: ]
[objective_seed: 16083]
[num_class: 1]
[is_unbalance: 0]
[scale_pos_weight: 1]
[sigmoid: 1]
[boost_from_average: 1]
[reg_sqrt: 0]
[alpha: 0.9]
[fair_c: 1]
[poisson_max_delta_step: 0.7]
[tweedie_variance_power: 1.5]
[lambdarank_truncation_level: 30]
[lambdarank_norm: 1]
[label_gain: ]
[lambdarank_position_bias_regularization: 0]
[eval_at: 1,3]
[multi_error_top_k: 1]
[auc_mu_weights: ]
[num_machines: 1]
[local_listen_port: 12400]
[time_out: 120]
[machine_list_filename: ]
[machines: ]
[gpu_platform_id: -1]
[gpu_device_id: -1]
[gpu_use_dp: 0]
[num_gpu: 1]

end of parameters

pandas_categorical:[]
