tree
version=v4
num_class=1
num_tree_per_iteration=1
label_index=0
max_feature_idx=11
objective=huber
feature_names=wakuban umaban kinryo odds popularity career_races career_top3_rate prev1_order prev1_pop prev1_odds prev2_order days_since_prev
feature_infos=[1:8] [1:18] [48:64] [1.1000000000000001:999.89999999999998] [1:18] [0:72] [0:1] [1:99] [1:18] [1.1000000000000001:933.70000000000005] [1:99] [0:3809]
tree_sizes=2931 3078 3093 3079 3081 3070 3068 3089 3102 3101 3090 3065 3082 3114 3081 3070 3107 3072 3073 3075 3079 3081 3087 3094 3073 3082 3081 3127 3070 3089 3082 3094 3084 3101 3095 3077 3084 3086 3117 3101 3100 3106 3100 3107 3082 3086 3086 3064 3072 3076 3079 3078 3078 3081 3062 3073 3072 3088 3056 3035 3038 3102 3059 3051 3048 3080 3079 3035 3066 3059 3053 3050 3034 3072 3065 3058 3057 3067 3062 3046 3060 3062 3046 3066 3063 3090 3057 3044 3025 3087 3039 3035 3043 3053 3034 3093 3025 3029 3050 3026 2991 3038 3030 3081 3037 3037 3035 3047 3073 3086 3096 2974 3042 3087 3049 3048 3094 3038 3049 3053 3062 3086 3030 3089 3030 3041 3037 3087 3060 3033 2978 3037 3052 3046 2984 3014 3082 3041 3058 3051 3009 3041 2965 3020 3050 3032 3017 3028 3079 2997 3032 3033 3048 3054 2971 3047 3067 3090 3034 3060 3026 3037 3005 3036 3012 3072 3022 3019 2982 3030 3042 2967 2983 3017 2984 3057 2957 2972 3023 3022 2940 3018 2999 2984 2992 3048 2943 3024 2945 2968 2976 2984 2990 2980 3021 2969 3025 3023 2998 2989 2981 2997 3002 3025 2988 2989 3040 2964 3008 3031 2969 3018 3020 3040 3025 3042 2987 2950 3049 3043 2986 3007 3046 3039 2980 3060 3040 2978 2993 2985 2999 2961 3087 2967 3006 2959 3003 3058 3017 2965 3061 3012 2986 2977 2973 2998 2999 3031 2974 3011 2935 3001 2975 3002 2989 3020 3000 2940 2994 2969 2944 3075 3034 2990 2921 3027 2965 3001 2954 2939 2909 2950 3025 3019 2914 2940 3062 2975 2954 2942 2975 3013 2995 2922 2936 2947 2954 2930 2971 2982 2927 2988 2949 3021 2958 2958 2981 2930 2982 2958 2926 3035

Tree=0
num_leaves=31
num_cat=0
split_feature=3 3 3 3 3 3 3 3 3 3 3 3 4 4 3 4 4 3 4 3 3 4 4 3 4 3 3 9 3 3
split_gain=23228.1 3593.73 2298.74 693.965 445.003 318.756 232.491 104.065 77.0688 72.5338 66.2992 38.846 36.0264 28.1222 27.4764 27.0636 22.8923 21.7587 19.7871 15.7059 14.7876 13.2372 12.6636 10.8928 9.99265 11.1573 8.55813 8.61182 7.89834 7.86861
threshold=14.350000000000003 4.1500000000000012 43.050000000000004 7.4500000000000011 2.5500000000000003 22.550000000000004 101.15000000000002 5.5500000000000007 1.7500000000000002 11.550000000000002 3.2500000000000004 32.550000000000004 6.5000000000000009 3.5000000000000004 61.45000000000001 1.5000000000000002 1.5000000000000002 195.05000000000004 6.5000000000000009 3.8500000000000001 2.1500000000000008 4.5000000000000009 4.5000000000000009 3.7500000000000004 1.5000000000000002 5.0500000000000007 9.2500000000000018 4.7500000000000009 6.4500000000000011 18.250000000000004
decision_type=2 2 2 2 2 2 2 2 2 2 2 2 2 2 2 2 2 2 2 2 2 2 2 2 2 2 2 2 2 2
left_child=1 4 5 7 8 12 14 24 -1 13 15 18 22 -5 -4 -6 19 -8 -7 -12 -10 -11 -2 -18 -3 -26 -15 -28 -9 -14
right_child=2 3 6 9 10 11 17 28 20 21 16 -13 29 26 -16 -17 23 -19 -20 -21 -22 -23 -24 -25 25 -27 27 -29 -30 -31
leaf_value=0.56180746945390803 0.5429294205771642 0.54729456024163947 0.5351088626426852 0.54632558699777978 0.55372940602540544 0.53922835619763021 0.53284636087795278 0.54752418365552424 0.55854947658696663 0.54415405489782354 0.55125959541686997 0.53640731663700203 0.54002015296121064 0.54479457743300896 0.53404643168012123 0.55656028747216024 0.5534906062931142 0.53199844048370026 0.53750001515070944 0.54780338882498347 0.55658188549275656 0.54238271514522529 0.54074894102786708 0.55180375566634388 0.55004953286355118 0.54881652785588075 0.54248705810327136 0.54417909770075745 0.54662074455974607 0.53903890195214899
leaf_weight=5209 2661 1786 39001 7608 10708 7103 57793 17401 6594 4610 5318 32159 12744 19962 49987 4244 6622 51517 37101 1522 7182 21529 24177 7182 18415 10299 3156 19036 17436 17393
leaf_count=5209 2661 1786 39001 7608 10708 7103 57793 17401 6594 4610 5318 32159 12744 19962 49987 4244 6622 51517 37101 1522 7182 21529 24177 7182 18415 10299 3156 19036 17436 17393
internal_value=0.540259 0.548452 0.535422 0.545926 0.55499 0.538468 0.533374 0.548192 0.558699 0.543975 0.553012 0.537201 0.540166 0.544647 0.534512 0.554533 0.55191 0.532447 0.537778 0.550491 0.557524 0.542695 0.540965 0.552613 0.549472 0.549607 0.544344 0.543938 0.547072 0.539454
internal_weight=527455 195819 331636 141238 54581 133338 198298 65337 18985 75901 35596 76363 56975 49762 88988 14952 20644 109310 44204 6840 13776 26139 26838 13804 30500 28714 42154 22192 34837 30137
internal_count=527455 195819 331636 141238 54581 133338 198298 65337 18985 75901 35596 76363 56975 49762 88988 14952 20644 109310 44204 6840 13776 26139 26838 13804 30500 28714 42154 22192 34837 30137
is_linear=0
shrinkage=1


Tree=1
num_leaves=31
num_cat=0
split_feature=3 3 3 3 3 3 3 3 3 3 3 4 4 4 3 3 4 3 3 10 3 3 4 4 10 4 3 3 7 3
split_gain=21978.5 3434.45 2140.02 660.641 427.134 299.277 214.844 98.8232 72.2584 70.255 63.7883 47.5916 26.7038 25.9532 25.4692 24.2774 21.8228 20.2925 14.986 14.1144 13.1978 13.1563 13.0763 12.5781 12.282 10.6564 10.4334 8.75992 9.00381 8.28343
threshold=14.350000000000003 4.1500000000000012 43.050000000000004 7.4500000000000011 2.5500000000000003 24.150000000000002 101.15000000000002 5.5500000000000007 1.9500000000000002 11.550000000000002 3.2500000000000004 6.5000000000000009 3.5000000000000004 1.5000000000000002 61.45000000000001 32.550000000000004 1.5000000000000002 165.75000000000003 3.8500000000000001 1.5000000000000002 1.7500000000000002 20.350000000000005 4.5000000000000009 4.5000000000000009 2.5000000000000004 6.5000000000000009 3.7500000000000004 5.0500000000000007 3.5000000000000004 17.350000000000005
decision_type=2 2 2 2 2 2 2 2 2 2 2 2 2 2 2 2 2 2 2 2 2 2 2 2 2 2 2 2 2 2
left_child=1 4 5 7 8 11 14 19 20 12 13 22 -5 -6 -4 25 18 -8 -12 -3 -1 -13 -2 -11 -14 -7 -18 28 -21 -24
right_child=2 3 6 9 10 15 17 -9 -10 23 16 21 24 -15 -16 -17 26 -19 -20 27 -22 -23 29 -25 -26 -27 -28 -29 -30 -31
leaf_value=0.013429766003951434 -0.0049866383905448957 -0.00049221441377210256 -0.012559417453485497 -0.0016532033522046327 0.0055812644902832435 -0.0088969840424649917 -0.014621750536532791 -0.00092718500771328018 0.0087633753735631304 -0.0037877355289045486 0.0031606676219638552 -0.0081004829116018175 -0.0046890582760095115 0.0083534617189749815 -0.013582305705303844 -0.011307172249448792 0.0053406282596917924 -0.015455131449700571 -0.00021539872955242062 0.0013167030921853377 0.01102539192144055 -0.0092529233751064404 -0.0066174757480621333 -0.0055144112722214436 -0.0033469325480617366 -0.010381662106111725 0.0036897368815010947 0.00088825263025912827 0.0026615663807691287 -0.0076861199116393724
leaf_weight=5209 2747 3144 39001 7608 10708 5071 44037 34837 10383 4610 5318 21220 7455 4244 49987 32159 6622 65273 1522 8584 3393 15375 12798 21529 34699 30643 7182 9400 9372 13325
leaf_count=5209 2747 3144 39001 7608 10708 5071 44037 34837 10383 4610 5318 21220 7455 4244 49987 32159 6622 65273 1522 8584 3393 15375 12798 21529 34699 30643 7182 9400 9372 13325
internal_value=-0.00754659 0.000422914 -0.0122523 -0.00204692 0.00681404 -0.00931341 -0.0142284 0.000164508 0.010448 -0.00395055 0.00487589 -0.00786622 -0.00328905 0.00636813 -0.013134 -0.0107093 0.00379509 -0.0151194 0.00240944 0.00141144 0.0124814 -0.00858467 -0.00695554 -0.00520989 -0.00358429 -0.0101709 0.0044817 0.00163022 0.00201864 -0.00716258
internal_weight=527455 195819 331636 141238 54581 133338 198298 65337 18985 75901 35596 65465 49762 14952 88988 67873 20644 109310 6840 30500 8602 36595 28870 26139 42154 35714 13804 27356 17956 26123
internal_count=527455 195819 331636 141238 54581 133338 198298 65337 18985 75901 35596 65465 49762 14952 88988 67873 20644 109310 6840 30500 8602 36595 28870 26139 42154 35714 13804 27356 17956 26123
is_linear=0
shrinkage=0.03


Tree=2
num_leaves=31
num_cat=0
split_feature=4 4 4 4 4 4 4 4 4 4 9 4 5 10 6 6 5 10 6 5 1 9 7 1 0 2 7 9 10 1
split_gain=20102 2724.32 1874.63 368.965 333.955 259.976 216.478 108.611 43.2796 37.5502 29.9372 29.5635 25.1202 15.6847 14.9553 14.0211 12.8369 12.5968 10.3219 9.67433 9.58676 9.13582 9.0489 8.72654 10.2667 8.71999 8.42421 8.28285 8.25841 7.90689
threshold=5.5000000000000009 2.5000000000000004 8.5000000000000018 3.5000000000000004 1.5000000000000002 11.500000000000002 6.5000000000000009 4.5000000000000009 7.5000000000000009 9.5000000000000018 2.5500000000000003 13.500000000000002 8.5000000000000018 1.5000000000000002 0.072299651567944254 0.091750841750841763 3.5000000000000004 10.500000000000002 0.059714795008912663 8.5000000000000018 9.5000000000000018 35.250000000000007 6.5000000000000009 11.500000000000002 5.5000000000000009 58.250000000000007 3.5000000000000004 35.250000000000007 11.500000000000002 8.5000000000000018
decision_type=2 2 2 2 2 2 2 2 2 2 2 2 2 2 2 2 2 2 2 2 2 2 2 2 2 2 2 2 2 2
left_child=1 4 6 23 10 9 16 20 17 21 -1 18 26 -6 -11 -10 -2 -8 -7 -15 -5 -4 28 24 -3 -14 -12 -28 -9 -26
right_child=2 3 5 7 13 11 8 22 15 14 12 -13 25 19 -16 -17 -18 -19 -20 -21 -22 -23 -24 -25 29 -27 27 -29 -30 -31
leaf_value=0.0086130004516915253 -0.0074333206132498305 -0.00013046497944296345 -0.010894053360394675 -0.0021862786837222236 0.0010963881806247244 -0.014103243802346852 -0.0083657276217969732 -0.004096854522637969 -0.010890705350665612 -0.013061306975363146 0.0075184726153410993 -0.014662425893282734 0.0048473393851155844 0.0034582886678782604 -0.012163896763714847 -0.0097129237643689519 -0.0062855555536272048 -0.0095126992679342923 -0.013292718220874156 0.002373013905203497 -0.0032019468654416136 -0.011851036119051596 -0.0053144911207636952 -0.00091203563860317886 0.0023412431375357556 0.0080146732302759423 0.0054282575035815711 0.0072930998190255799 -0.005621312822995825 0.00039285537530541923
leaf_weight=7316 13828 21921 16852 25401 3872 30564 24236 17195 15908 32861 12920 65711 8182 23138 34011 21247 23976 13373 26316 10863 12470 19215 16723 7971 3005 865 4550 4053 3929 4983
leaf_count=7316 13828 21921 16852 25401 3872 30564 24236 17195 15908 32861 12920 65711 8182 23138 34011 21247 23976 13373 26316 10863 12470 19215 16723 7971 3005 865 4550 4053 3929 4983
internal_value=-0.00733446 0.000491343 -0.0117174 -0.00244727 0.00489768 -0.0132956 -0.0085555 -0.00365656 -0.009491 -0.0121841 0.00688915 -0.014229 0.0064766 0.00290553 -0.0126049 -0.0102172 -0.00670539 -0.00877357 -0.0137282 0.00311155 -0.00252071 -0.0114039 -0.00479314 -3.00086e-05 0.000205059 0.00515017 0.00703416 0.00630681 -0.0043804 0.00112582
internal_weight=527455 189357 338098 113598 75759 225530 112568 75718 74764 102939 37886 122591 30570 37873 66872 37155 37804 37609 56880 34001 37871 36067 37847 37880 29909 9047 21523 8603 21124 7988
internal_count=527455 189357 338098 113598 75759 225530 112568 75718 74764 102939 37886 122591 30570 37873 66872 37155 37804 37609 56880 34001 37871 36067 37847 37880 29909 9047 21523 8603 21124 7988
is_linear=0
shrinkage=0.03


Tree=3
num_leaves=31
num_cat=0
split_feature=3 3 3 3 3 3 3 3 3 3 3 3 4 4 4 4 3 3 3 10 10 4 3 4 3 4 4 3 4 3
split_gain=19722.6 3151.18 1870.24 594.429 401.265 264.16 185.803 88.844 65.4729 65.3252 59.8143 31.6929 27.4996 26.4251 22.6665 22.4629 22.0258 17.4773 14.3693 13.1679 11.6258 10.6007 10.4306 10.3295 9.94519 8.67279 8.31448 9.97882 7.71516 7.63906
threshold=14.350000000000003 4.1500000000000012 43.050000000000004 7.4500000000000011 2.5500000000000003 22.550000000000004 101.15000000000002 5.5500000000000007 1.9500000000000002 11.550000000000002 3.2500000000000004 28.450000000000003 6.5000000000000009 1.5000000000000002 1.5000000000000002 3.5000000000000004 61.45000000000001 195.05000000000004 3.8500000000000001 1.5000000000000002 2.5000000000000004 4.5000000000000009 1.7500000000000002 4.5000000000000009 3.7500000000000004 6.5000000000000009 1.5000000000000002 4.7500000000000009 6.5000000000000009 8.6500000000000004
decision_type=2 2 2 2 2 2 2 2 2 2 2 2 2 2 2 2 2 2 2 2 2 2 2 2 2 2 2 2 2 2
left_child=1 4 5 7 8 12 16 19 22 15 13 25 23 -6 18 -5 -4 -8 -12 -3 -17 -11 -1 -2 -16 -7 -21 -28 -13 -22
right_child=2 3 6 9 10 11 17 -9 -10 21 14 28 -14 -15 24 20 -18 -19 -20 26 29 -23 -24 -25 -26 -27 27 -29 -30 -31
leaf_value=0.012842566364813639 -0.0048215250487795274 -0.00050471500074135433 -0.011882548943161582 -0.0016134888991384475 0.0053141754656351008 -0.0081146623047273769 -0.013905069684325536 -0.00088340055763911382 0.0084603157171931637 -0.00366046053481464 0.002939988290201053 -0.0091188028722976409 -0.0079159593464870389 0.0081114653240218684 0.0051549129508046427 -0.0044594626256397795 -0.012833780733059545 -0.014665003096006565 -0.00036588580395326348 -0.00060050371223198536 -0.0024998875647051105 -0.0052456106650767848 0.010705065982569434 -0.0067908295186936574 0.003543106192783604 -0.0094511129555540294 0.0023511806403094457 0.0011601061733686406 -0.010568781923331324 -0.0034567386277729872
leaf_weight=5209 2661 3144 39001 7608 10708 5405 57793 34837 10383 4610 5318 3567 30137 4244 6622 7455 49987 51517 1522 1534 10990 21529 3393 24177 7182 22825 11115 14707 44566 23709
leaf_count=5209 2661 3144 39001 7608 10708 5405 57793 34837 10383 4610 5318 3567 30137 4244 6622 7455 49987 51517 1522 1534 10990 21529 3393 24177 7182 22825 11115 14707 44566 23709
internal_value=-0.00712962 0.000419809 -0.0115873 -0.00194598 0.0065417 -0.00883988 -0.0134347 0.000151706 0.0100639 -0.0037517 0.00466315 -0.00999328 -0.00729399 0.00610816 0.00361657 -0.00311383 -0.0124169 -0.0142632 0.00220438 0.001334 -0.00338461 -0.00496605 0.0119994 -0.00659557 0.00431632 -0.00919523 0.00154532 0.0016728 -0.0104613 -0.00315368
internal_weight=527455 195819 331636 141238 54581 133338 198298 65337 18985 75901 35596 76363 56975 14952 20644 49762 88988 109310 6840 30500 42154 26139 8602 26838 13804 28230 27356 25822 48133 34699
internal_count=527455 195819 331636 141238 54581 133338 198298 65337 18985 75901 35596 76363 56975 14952 20644 49762 88988 109310 6840 30500 42154 26139 8602 26838 13804 28230 27356 25822 48133 34699
is_linear=0
shrinkage=0.03


Tree=4
num_leaves=31
num_cat=0
split_feature=3 3 3 3 3 3 3 3 3 3 3 4 4 4 3 4 3 3 3 10 3 10 4 4 3 3 4 3 7 3
split_gain=18656.9 3008.11 1740.49 566.152 382.952 247.878 171.625 84.3859 63.1617 60.2904 57.5427 36.7564 25.3389 21.6076 21.4395 21.3634 20.154 15.1825 13.7082 12.5157 11.6217 10.9867 10.6926 10.0697 9.52507 8.58383 7.90473 9.59465 7.67873 7.51851
threshold=14.350000000000003 4.1500000000000012 43.050000000000004 7.4500000000000011 2.5500000000000003 24.150000000000002 103.05000000000001 5.5500000000000007 11.550000000000002 1.9500000000000002 3.2500000000000004 6.5000000000000009 1.5000000000000002 1.5000000000000002 61.45000000000001 3.5000000000000004 33.050000000000004 165.75000000000003 3.8500000000000001 1.5000000000000002 18.250000000000004 2.5000000000000004 4.5000000000000009 4.5000000000000009 3.7500000000000004 1.7500000000000002 1.5000000000000002 5.0500000000000007 3.5000000000000004 17.350000000000005
decision_type=2 2 2 2 2 2 2 2 2 2 2 2 2 2 2 2 2 2 2 2 2 2 2 2 2 2 2 2 2 2
left_child=1 4 5 7 9 11 14 19 15 25 12 22 -6 18 -4 -5 -7 -8 -12 -3 -13 -17 -2 -10 -15 -1 -21 28 -28 -24
right_child=2 3 6 8 10 16 17 -9 23 -11 13 20 -14 24 -16 21 -18 -19 -20 26 -22 -23 29 -25 -26 -27 27 -29 -30 -31
leaf_value=0.012457289196927021 -0.0047170915430486959 -0.00049174043342812375 -0.011555000858864281 -0.0015704419470923933 0.0051988200322878996 -0.0094209398118718767 -0.013415192117852089 -0.00086019180203721491 -0.003582422880314436 0.0082962672295717795 0.0028721722979525867 -0.0071978432426962249 0.0079380167140138246 0.0050363936110300366 -0.012486709391355292 -0.0043425633806577863 -0.010460822159298732 -0.014144621112210844 -0.00035675493944020215 -0.00058540084954190896 -0.0083200193646518813 -0.0030731837900609955 -0.0061654053454492999 -0.0051273633276039138 0.0034589986110988417 0.010518224264909269 0.0013873763033539733 0.0008583221200292461 0.002680983876499001 -0.007183513912832536
leaf_weight=5209 2747 3144 39001 7608 10708 37568 42340 34837 4610 10383 5318 12744 4244 6622 51684 7455 30305 65273 1522 1534 23851 34699 12798 21529 7182 3393 7897 9268 8657 13325
leaf_count=5209 2747 3144 39001 7608 10708 37568 42340 34837 4610 10383 5318 12744 4244 6622 51684 7455 30305 65273 1522 1534 23851 34699 12798 21529 7182 3393 7897 9268 8657 13325
internal_value=-0.00692974 0.000412886 -0.0112653 -0.00189857 0.00639419 -0.00861491 -0.0130474 0.000148611 -0.00366082 0.00983505 0.00455901 -0.00729784 0.00597632 0.00353249 -0.012086 -0.0030336 -0.00988524 -0.0138576 0.00215369 0.00130086 -0.00792923 -0.00329768 -0.00649751 -0.00485489 0.0042157 0.0116924 0.00150688 0.00163118 0.00206388 -0.00668473
internal_weight=527455 195819 331636 141238 54581 133338 198298 65337 75901 18985 35596 65465 14952 20644 90685 49762 67873 107613 6840 30500 36595 42154 28870 26139 13804 8602 27356 25822 16554 26123
internal_count=527455 195819 331636 141238 54581 133338 198298 65337 75901 18985 35596 65465 14952 20644 90685 49762 67873 107613 6840 30500 36595 42154 28870 26139 13804 8602 27356 25822 16554 26123
is_linear=0
shrinkage=0.03


Tree=5
num_leaves=31
num_cat=0
split_feature=3 3 3 3 3 3 3 3 3 3 3 3 4 4 4 4 3 3 4 3 10 10 9 4 3 4 4 3 4 3
split_gain=17649 2871.62 1619.54 539.264 365.515 232.872 158.545 80.1642 61.057 55.4953 55.3563 28.0012 24.2974 24.2781 20.5982 20.3197 18.8827 14.9992 13.5304 13.0775 11.898 10.3933 9.68726 9.23967 9.12263 8.89935 7.51653 9.22684 7.50407 7.4518
threshold=14.350000000000003 4.1500000000000012 43.050000000000004 7.4500000000000011 2.5500000000000003 22.550000000000004 101.15000000000002 5.5500000000000007 11.550000000000002 1.9500000000000002 3.2500000000000004 32.550000000000004 1.5000000000000002 6.5000000000000009 1.5000000000000002 3.5000000000000004 61.45000000000001 195.05000000000004 6.5000000000000009 3.8500000000000001 1.5000000000000002 2.5000000000000004 12.15 4.5000000000000009 3.7500000000000004 4.5000000000000009 1.5000000000000002 4.7500000000000009 1.5000000000000002 8.6500000000000004
decision_type=2 2 2 2 2 2 2 2 2 2 2 2 2 2 2 2 2 2 2 2 2 2 2 2 2 2 2 2 2 2
left_child=1 4 5 7 9 13 16 20 15 -1 12 18 -6 23 19 -5 -4 -8 -7 -12 -3 -17 -10 -2 -16 -24 -22 -28 -11 -23
right_child=2 3 6 8 10 11 17 -9 22 28 14 -13 -14 -15 24 21 -18 -19 -20 -21 26 29 25 -25 -26 -27 27 -29 -30 -31
leaf_value=0.011393718269987732 -0.0046101051091879033 -0.00047909974426258605 -0.01123648219994406 -0.0015285660989276994 0.0050859682986962957 -0.0077890423109342423 -0.01310496873521785 -0.00083759283372385879 -0.0054301219184371696 0.0079574521395693199 0.0028059199945556349 -0.010152096718938023 0.0077682771724732168 -0.0075285965182483204 0.0049205988847176065 -0.004229357276644025 -0.012117232263677273 -0.013808968101751615 -0.0092182432227737345 -0.00034785287217304364 -0.00057067779277729391 -0.0023490045486633296 -0.0027126464221675318 -0.0064726254622447217 0.0033768865120042432 -0.0045980836554682797 0.0022431084548252636 0.0010977910369373222 0.011790710154658036 -0.0032940545674744822
leaf_weight=8602 2661 3144 39001 7608 10708 7103 57793 34837 10881 9901 5318 32159 4244 30137 6622 7455 49987 51517 37101 1522 1534 10990 2748 24177 7182 12510 11115 14707 482 23709
leaf_count=8602 2661 3144 39001 7608 10708 7103 57793 34837 10881 9901 5318 32159 4244 30137 6622 7455 49987 51517 37101 1522 1534 10990 2748 24177 7182 12510 11115 14707 482 23709
internal_value=-0.00673546 0.000406082 -0.0109523 -0.00185232 0.00625011 -0.00839564 -0.0126714 0.000145652 -0.00357222 0.00961173 0.0044572 -0.00947858 0.00584732 -0.00694419 0.00345037 -0.00295554 -0.0117312 -0.0134368 -0.00898859 0.00210416 0.00126871 -0.00321308 -0.00474622 -0.00628796 0.00411743 -0.00425851 0.00146958 0.00159079 0.0081354 -0.00299473
internal_weight=527455 195819 331636 141238 54581 133338 198298 65337 75901 18985 35596 76363 14952 56975 20644 49762 88988 109310 44204 6840 30500 42154 26139 26838 13804 15258 27356 25822 10383 34699
internal_count=527455 195819 331636 141238 54581 133338 198298 65337 75901 18985 35596 76363 14952 56975 20644 49762 88988 109310 44204 6840 30500 42154 26139 26838 13804 15258 27356 25822 10383 34699
is_linear=0
shrinkage=0.03


Tree=6
num_leaves=31
num_cat=0
split_feature=3 3 3 3 3 3 3 3 3 3 3 3 3 3 3 3 3 10 9 5 11 6 8 3 7 6 11 11 10 3
split_gain=16696 2742.16 1507.51 513.745 349.253 203.379 157.03 76.142 58.9546 53.2518 51.2254 30.483 22.1167 18.6322 15.1535 12.1114 11.4475 11.3088 9.20056 7.7362 7.48627 8.06375 7.23217 7.12417 8.30595 6.86252 8.35395 6.83141 6.26976 5.88809
threshold=14.350000000000003 4.1500000000000012 37.150000000000013 7.4500000000000011 2.5500000000000003 94.050000000000011 22.550000000000004 5.5500000000000007 11.550000000000002 3.2500000000000004 1.9500000000000002 51.95000000000001 18.250000000000004 148.15000000000001 26.550000000000004 3.8500000000000001 9.2500000000000018 1.5000000000000002 12.15 7.5000000000000009 65.500000000000014 0.26975051975051983 1.5000000000000002 5.0500000000000007 3.5000000000000004 0.40161290322580651 118.50000000000001 84.500000000000014 1.5000000000000002 1.7500000000000002
decision_type=2 2 2 2 2 2 2 2 2 2 2 2 2 2 2 2 2 2 2 2 2 2 2 2 2 2 2 2 2 2
left_child=1 4 6 7 10 11 12 17 16 28 29 -4 27 -7 -8 19 25 -3 -10 -11 -9 -22 -18 24 -19 -5 -27 -2 -6 -1
right_child=2 3 5 8 9 13 14 20 18 15 -12 -13 -14 -15 -16 -17 22 23 -20 -21 21 -23 -24 -25 -26 26 -28 -29 -30 -31
leaf_value=0.011741759176245347 -0.0059664817078612393 -0.00046678390496104725 -0.010460557228152262 -0.0020678148222188671 0.0040238824366284291 -0.012475465930142978 -0.0083029538823123344 -0.00051451588667062245 -0.0053062785582204544 0.0044410390240058563 0.0079778347015208636 -0.011548096323955247 -0.007409655149640708 -0.0132687147070629 -0.0093161316007054507 0.002350838404146675 -0.0052131554890996632 0.0011091242707703343 -0.0041644793560173957 0.0029681335044491842 -0.00059547544282798678 -0.0022148656267266965 -0.0032038651371709675 0.00076391153995026932 0.0024008187756571972 -0.0027800452326719851 -0.0057079725108744534 -0.0070068495080876812 0.0059434646712038415 0.010135782644561072
leaf_weight=5209 22884 3144 37395 16325 1732 41297 19942 23720 10881 8550 10383 61089 26535 75135 39803 6956 1737 8584 15258 5138 5196 5921 22444 9400 9372 8275 981 7556 13220 3393
leaf_count=5209 22884 3144 37395 16325 1732 41297 19942 23720 10881 8550 10383 61089 26535 75135 39803 6956 1737 8584 15258 5138 5196 5921 22444 9400 9372 8275 981 7556 13220 3393
internal_value=-0.00654661 0.000399457 -0.010648 -0.00180746 0.00611024 -0.0121386 -0.00790339 0.000142672 -0.00348617 0.00435767 0.00939623 -0.0111352 -0.00677658 -0.0129874 -0.00897795 0.00337016 -0.0028802 0.00123719 -0.00463978 0.00388816 -0.000815588 -0.00145798 -0.0033482 0.00143303 0.00178331 -0.0024378 -0.00309036 -0.00622473 0.00572111 0.0111083
internal_weight=527455 195819 331636 141238 54581 214916 116720 65337 75901 35596 18985 98484 56975 116432 59745 20644 49762 30500 26139 13688 34837 11117 24181 27356 17956 25581 9256 30440 14952 8602
internal_count=527455 195819 331636 141238 54581 214916 116720 65337 75901 35596 18985 98484 56975 116432 59745 20644 49762 30500 26139 13688 34837 11117 24181 27356 17956 25581 9256 30440 14952 8602
is_linear=0
shrinkage=0.03


Tree=7
num_leaves=31
num_cat=0
split_feature=3 3 3 3 3 3 3 3 3 3 3 3 3 3 4 4 4 4 3 4 3 6 4 4 11 3 4 6 3 6
split_gain=15804.9 2251.88 1850.55 405.859 256.422 254.334 187.84 51.4307 49.2382 41.3173 37.5293 28.2639 27.338 26.6432 20.8296 20.1146 19.8975 17.3802 17.1609 16.8703 11.6886 8.97915 7.84968 7.52415 7.19622 7.13278 6.8005 6.70661 7.68824 6.6489
threshold=12.350000000000003 3.8500000000000001 37.150000000000013 6.4500000000000011 2.3500000000000001 20.650000000000002 94.050000000000011 8.2500000000000018 5.2500000000000009 3.0500000000000003 14.350000000000003 51.95000000000001 26.550000000000004 1.9500000000000002 1.5000000000000002 3.5000000000000004 1.5000000000000002 1.5000000000000002 148.15000000000001 6.5000000000000009 4.4500000000000011 0.33602150537634412 7.5000000000000009 4.5000000000000009 106.50000000000001 2.7500000000000004 6.5000000000000009 0.46247654784240161 9.4500000000000011 0.29679679679679688
decision_type=2 2 2 2 2 2 2 2 2 2 2 2 2 2 2 2 2 2 2 2 2 2 2 2 2 2 2 2 2 2
left_child=1 4 5 8 13 10 11 29 14 16 -2 -4 22 -1 -3 24 25 -11 -8 23 -16 -22 -7 -12 -9 -6 -14 28 -17 -5
right_child=2 3 6 7 9 12 18 15 -10 17 19 -13 26 -15 20 27 -18 -19 -20 -21 21 -23 -24 -25 -26 -27 -28 -29 -30 -31
leaf_value=0.010824371637095272 -0.0047999306333149387 -0.0006504874909998489 -0.010176389286353603 -0.0010723341759901609 0.006266943537570225 -0.0074005104937221013 -0.012114741828873633 -0.00066613171218004208 -0.00019319867140175052 0.0029839120739057214 -0.0042898081422613225 -0.011223594846521971 -0.0078976453664546496 0.0082908868227833197 0.0026268138596080952 -0.0024565570916361963 0.0084755516658775766 0.0048640071772329315 -0.012876025549569133 -0.006992549262235556 0.0021889952495904035 0.00078149699989487134 -0.008357661487852561 -0.0060284527276774531 -0.0036776214778090322 0.0047548547052272631 -0.0092030527559598604 -0.0040525581555943329 -0.0034966860481120401 -0.0019750091041839395
leaf_weight=8602 18370 3251 37395 12789 6917 15321 41297 3534 23525 7855 2506 61089 3992 6604 11393 9269 2786 10135 75135 22447 7100 9588 15526 21117 895 4726 35811 10598 20633 17249
leaf_count=8602 18370 3251 37395 12789 6917 15321 41297 3534 23525 7855 2506 61089 3992 6604 11393 9269 2786 10135 75135 22447 7100 9588 15526 21117 895 4726 35811 10598 20633 17249
internal_value=-0.00636323 0.000930083 -0.0100609 -0.00111682 0.00650987 -0.00730944 -0.0117903 -0.00255169 0.000844057 0.00500226 -0.00594646 -0.010826 -0.00855261 0.00972407 0.00162286 -0.00319419 0.00619813 0.0040431 -0.012606 -0.00640362 0.00188605 0.00138032 -0.00788227 -0.00584401 -0.00127469 0.00565317 -0.00907213 -0.0034041 -0.00317427 -0.00159069
internal_weight=527455 177449 350006 129824 47625 135090 214916 74967 54857 32419 64440 98484 70650 15206 31332 44929 14429 17990 116432 46070 28081 16688 30847 23623 4429 11643 39803 40500 29902 30038
internal_count=527455 177449 350006 129824 47625 135090 214916 74967 54857 32419 64440 98484 70650 15206 31332 44929 14429 17990 116432 46070 28081 16688 30847 23623 4429 11643 39803 40500 29902 30038
is_linear=0
shrinkage=0.03


Tree=8
num_leaves=31
num_cat=0
split_feature=3 3 3 3 3 3 3 3 3 3 3 3 3 3 3 10 10 9 3 3 10 10 5 9 11 11 3 11 11 10
split_gain=14959.6 2148.35 1724.05 386.087 242.734 238.945 173.562 49.2463 46.8399 39.9249 35.5736 25.5649 24.1161 23.825 18.1552 10.1404 10.1151 7.98953 7.29846 7.24469 6.54373 6.4472 6.1814 6.15715 6.08507 5.96104 5.77989 5.73599 5.46928 5.34291
threshold=12.350000000000003 3.8500000000000001 37.150000000000013 6.4500000000000011 2.3500000000000001 20.650000000000002 90.550000000000011 8.2500000000000018 5.2500000000000009 3.0500000000000003 15.850000000000003 26.550000000000004 51.95000000000001 1.9500000000000002 145.35000000000005 3.5000000000000004 1.5000000000000002 6.3500000000000005 14.350000000000003 9.4500000000000011 2.5000000000000004 1.5000000000000002 8.5000000000000018 12.350000000000003 118.50000000000001 63.500000000000007 7.4500000000000011 40.500000000000007 91.500000000000014 11.500000000000002
decision_type=2 2 2 2 2 2 2 2 2 2 2 2 2 2 2 2 2 2 2 2 2 2 2 2 2 2 2 2 2 2
left_child=1 4 5 8 13 10 12 20 16 21 18 -7 -4 -1 -8 24 -3 -11 23 29 -5 -6 -19 -2 -9 -10 -22 -12 -13 -17
right_child=2 3 6 7 9 11 14 15 25 17 27 28 -14 -15 -16 19 -18 22 -20 -21 26 -23 -24 -25 -26 -27 -28 -29 -30 -31
leaf_value=0.010528002823465884 -0.0053445619941931838 -3.5532501874920175e-06 -0.0098999408910516451 -0.0024319190703677323 0.0043429625753339347 -0.0076837540729222005 -0.011718704552800248 -0.003630525185265195 0.00014496961553911588 0.0033628677297132619 -0.0060890717335495455 -0.0086297269639267881 -0.010878784751043988 0.0081322501683274862 -0.01248693618398064 -0.0017374756847038195 0.0017662248503656818 0.0051398104572153228 -0.0056291576089848045 -0.0031627096689372408 -0.00092566255268033862 0.006301997432708365 0.00332050918958181 -0.0042296886449079635 -0.0058148978314540621 -0.00087271980752636586 -0.0018670614316613268 -0.0068746451839318476 -0.0094386552434632884 -0.0031157074113885405
leaf_weight=8602 7615 3242 37395 6027 1716 30847 43308 10678 15824 9650 16635 29733 57461 6604 76752 7204 28090 6006 12608 21858 13793 12713 2334 10755 1286 7701 10218 16827 10070 3903
leaf_count=8602 7615 3242 37395 6027 1716 30847 43308 10678 15824 9650 16635 29733 57461 6604 76752 7204 28090 6006 12608 21858 13793 12713 2334 10755 1286 7701 10218 16827 10070 3903
internal_value=-0.00618533 0.000910281 -0.00978273 -0.00108901 0.00636028 -0.00712702 -0.011452 -0.0024885 0.000823503 0.00489347 -0.00580591 -0.008332 -0.0104929 0.00948752 -0.0122098 -0.0031172 0.0015831 0.00395061 -0.00507333 -0.00284568 -0.00154812 0.00606901 0.00463067 -0.00469184 -0.00386532 -0.000188175 -0.00132628 -0.00648411 -0.00883438 -0.00222179
internal_weight=527455 177449 350006 129824 47625 135090 214916 74967 54857 32419 64440 70650 94856 15206 120060 44929 31332 17990 30978 32965 30038 14429 8340 18370 11964 23525 24011 33462 39803 11107
internal_count=527455 177449 350006 129824 47625 135090 214916 74967 54857 32419 64440 70650 94856 15206 120060 44929 31332 17990 30978 32965 30038 14429 8340 18370 11964 23525 24011 33462 39803 11107
is_linear=0
shrinkage=0.03


Tree=9
num_leaves=31
num_cat=0
split_feature=3 3 3 3 3 3 3 3 3 3 3 3 3 3 3 10 10 9 3 3 6 11 10 5 9 11 11 11 10 6
split_gain=14159.6 2049.55 1606.48 367.254 229.705 209.089 173.141 47.1692 44.5437 38.5498 33.5875 26.6424 21.236 20.9798 16.7251 9.62226 9.59967 7.67098 7.0747 6.90159 6.19949 9.11567 6.19735 5.93296 5.86586 5.7603 5.65452 5.40959 5.29515 5.25162
threshold=12.350000000000003 3.8500000000000001 35.95000000000001 6.4500000000000011 2.3500000000000001 20.650000000000002 90.550000000000011 8.2500000000000018 5.2500000000000009 3.0500000000000003 15.850000000000003 51.95000000000001 1.9500000000000002 26.550000000000004 148.15000000000001 1.5000000000000002 3.5000000000000004 6.3500000000000005 9.4500000000000011 14.350000000000003 0.29679679679679688 118.50000000000001 1.5000000000000002 8.5000000000000018 15.050000000000002 118.50000000000001 63.500000000000007 40.500000000000007 8.5000000000000018 0.28708791208791212
decision_type=2 2 2 2 2 2 2 2 2 2 2 2 2 2 2 2 2 2 2 2 2 2 2 2 2 2 2 2 2 2
left_child=1 4 5 8 12 10 11 20 15 22 19 -4 -1 -7 -8 -3 25 -11 -18 24 -5 -22 -6 -19 -2 -9 -10 28 -12 -17
right_child=2 3 6 7 9 13 14 16 26 17 27 -13 -14 -15 -16 29 18 23 -20 -21 21 -23 -24 -25 -26 -27 -28 -29 -30 -31
leaf_value=0.010238488463390859 -0.0051439127605852012 -3.4632784286301345e-06 -0.0095742417558477115 -0.0010060477438539007 0.0042499532545363147 -0.0074904334435575946 -0.011393694616458651 -0.0035416647696410205 0.00014120398482912351 0.0032847201336233104 -0.0055233511402616011 -0.010573356551908346 0.0079766488514348699 -0.0085570794542475636 -0.012125405259405123 0.0022907228057872618 -0.0021614944222723212 0.0050257948090086926 -0.0030913130055081213 -0.00549743858265317 -0.0016586835118926806 -0.0040495121403585502 0.0061706533219993767 0.0032434295022089254 -0.0040708884974033684 -0.0056669476083704325 -0.00084997556462193167 -0.0067070259724757442 -0.0066249680078682522 0.0014264573919768582
leaf_weight=8602 8818 3242 41275 12789 1716 30847 44925 10678 15824 9650 10281 57461 6604 35923 75135 9627 11107 6006 21858 12608 15669 1580 12713 2334 9552 1286 7701 16827 6354 18463
leaf_count=8602 8818 3242 41275 12789 1716 30847 44925 10678 15824 9650 10281 57461 6604 35923 75135 9627 11107 6006 21858 12608 15669 1580 12713 2334 9552 1286 7701 16827 6354 18463
internal_value=-0.00601248 0.0008908 -0.00951237 -0.00106198 0.00621401 -0.00688781 -0.0110863 -0.0024269 0.000803307 0.0047871 -0.00566877 -0.0101557 0.00925617 -0.0080643 -0.0118516 0.00154405 -0.00304221 0.00386062 -0.00277803 -0.00495693 -0.00150657 -0.00187768 0.00594223 0.00452699 -0.00458596 -0.00377011 -0.000183262 -0.00632777 -0.00594413 0.00172266
internal_weight=527455 177449 350006 129824 47625 131210 218796 74967 54857 32419 64440 98736 15206 66770 120060 31332 44929 17990 32965 30978 30038 17249 14429 8340 18370 11964 23525 33462 16635 28090
internal_count=527455 177449 350006 129824 47625 131210 218796 74967 54857 32419 64440 98736 15206 66770 120060 31332 44929 17990 32965 30978 30038 17249 14429 8340 18370 11964 23525 33462 16635 28090
is_linear=0
shrinkage=0.03


Tree=10
num_leaves=31
num_cat=0
split_feature=3 3 3 3 3 3 3 3 3 3 3 3 4 4 4 3 3 3 4 3 3 4 10 4 6 4 1 11 3 3
split_gain=13402.3 1955.42 1496.42 349.418 217.384 197.261 159.841 45.1992 42.3641 38.9168 37.3041 24.6905 22.8835 19.7718 19.2057 18.884 17.0901 15.4503 13.1698 11.1995 10.5954 8.96512 8.44205 8.33073 8.24306 7.38205 7.2369 6.74073 6.53006 6.16702
threshold=12.350000000000003 3.8500000000000001 35.95000000000001 6.4500000000000011 2.3500000000000001 18.250000000000004 90.550000000000011 8.2500000000000018 5.2500000000000009 24.150000000000002 3.1500000000000008 51.95000000000001 1.5000000000000002 1.5000000000000002 3.5000000000000004 1.9500000000000002 14.350000000000003 165.75000000000003 1.5000000000000002 4.4500000000000011 2.7500000000000004 5.5000000000000009 3.5000000000000004 6.5000000000000009 0.33602150537634412 6.5000000000000009 9.5000000000000018 106.50000000000001 9.4500000000000011 7.4500000000000011
decision_type=2 2 2 2 2 2 2 2 2 2 2 2 2 2 2 2 2 2 2 2 2 2 2 2 2 2 2 2 2 2
left_child=1 4 5 8 15 16 11 29 13 21 12 -4 20 -3 27 -1 -2 -8 -12 -15 -6 -7 -16 -18 -21 -11 -22 -9 -24 -5
right_child=2 3 6 7 10 9 17 14 -10 25 18 -13 -14 19 22 -17 23 -19 -20 24 26 -23 28 -25 -26 -27 -28 -29 -30 -31
leaf_value=0.0099569363420635576 -0.0044824761492146961 -0.00070882341066751792 -0.0093146829508204375 -0.0011007971460665002 0.0058911849386226369 -0.0054706669921293829 -0.011132441033250754 -0.00050485218623700485 -0.00017847787001181104 -0.0071833218663474403 0.0026103344391923172 -0.010276503577983744 0.0077890235560007627 0.0024875668656739172 -0.0038925680799460423 0.007824024800357857 -0.0052200075605914505 -0.011815696658005201 0.0043671624048819049 0.0020422527783353563 0.003391804845182506 -0.007020056832936542 -0.0022556723072001262 -0.0062260000446983203 0.00069367965932781619 -0.0083140969964340117 0.0055536933507120941 -0.0034194774188142912 -0.0032142560896106405 -0.0019718633180874677
leaf_weight=8602 18370 3251 41275 17436 6917 3766 54787 3534 23525 5941 6538 57461 3614 11393 10806 6604 17696 65273 9307 7100 3863 31259 9323 12744 9588 41434 2180 895 20371 12602
leaf_count=8602 18370 3251 41275 17436 6917 3766 54787 3534 23525 5941 6538 57461 3614 11393 10806 6604 17696 65273 9307 7100 3863 31259 9323 12744 9588 41434 2180 895 20371 12602
internal_value=-0.00584451 0.000871633 -0.00924952 -0.00103578 0.00607117 -0.00671645 -0.0107686 -0.00236715 0.000783651 -0.00761171 0.00468306 -0.00987443 0.00567808 0.00150605 -0.00296946 0.00903061 -0.00520509 -0.0115039 0.00364226 0.00176247 0.00508942 -0.00685346 -0.00317458 -0.00564118 0.00126744 -0.00817229 0.0041717 -0.00109383 -0.00291329 -0.00146624
internal_weight=527455 177449 350006 129824 47625 131210 218796 74967 54857 82400 32419 98736 16574 31332 44929 15206 48810 120060 15845 28081 12960 35025 40500 30440 16688 47375 6043 4429 29694 30038
internal_count=527455 177449 350006 129824 47625 131210 218796 74967 54857 82400 32419 98736 16574 31332 44929 15206 48810 120060 15845 28081 12960 35025 40500 30440 16688 47375 6043 4429 29694 30038
is_linear=0
shrinkage=0.03


Tree=11
num_leaves=31
num_cat=0
split_feature=3 3 3 3 3 3 3 3 3 3 3 3 3 4 4 3 3 4 4 3 4 10 4 6 4 4 9 11 10 9
split_gain=12686.6 1832.88 1433.22 318.665 205.955 196.526 147.842 40.3015 39.5031 36.4224 30.8331 23.1804 22.87 22.1864 18.8079 18.0911 17.2994 17.2097 12.5791 10.6761 8.44136 8.34565 7.85518 7.84594 7.38844 6.90473 6.25354 6.1478 6.0764 5.72875
threshold=12.15 3.8500000000000001 35.95000000000001 6.4500000000000011 2.5500000000000003 18.250000000000004 78.550000000000011 5.2500000000000009 8.2500000000000018 24.150000000000002 1.9500000000000002 3.1500000000000008 124.35000000000001 1.5000000000000002 1.5000000000000002 14.350000000000003 46.150000000000013 3.5000000000000004 1.5000000000000002 4.4500000000000011 5.5000000000000009 1.5000000000000002 6.5000000000000009 0.33602150537634412 1.5000000000000002 6.5000000000000009 12.350000000000003 106.50000000000001 2.5000000000000004 6.3500000000000005
decision_type=2 2 2 2 2 2 2 2 2 2 2 2 2 2 2 2 2 2 2 2 2 2 2 2 2 2 2 2 2 2
left_child=1 4 5 7 10 15 16 14 28 20 -1 13 -8 -6 -3 26 -4 27 -13 -16 -7 -19 -17 -21 -12 -11 -2 -10 -5 -20
right_child=2 3 6 8 11 9 12 -9 17 25 24 18 -14 -15 19 22 -18 21 29 23 -22 -23 -24 -25 -26 -27 -28 -29 -30 -31
leaf_value=0.0096831260330089847 -0.0049739507548612035 -0.00069103852230671626 -0.0088726545488404928 -0.0022785499206878107 0.0045377769419518224 -0.0053420641399480788 -0.010513750143682749 -0.00017383680964377682 -0.00049072203551828088 -0.0070032611198847464 0.0070778537182756866 0.002550050882060216 -0.011352022765759718 0.0073912925869992459 0.0024272133275914901 -0.005098637135978956 -0.0097822802377474198 -0.004514606037573787 0.0035750430197311707 0.0019918577386459834 -0.0068455132481678805 -0.0029143340002379787 -0.0060754943507848038 0.00067617051443259908 0.010881464225375306 -0.0080968677847117372 -0.0039071336839468082 -0.003291315098940316 -0.0012131216874707868 0.005067591424681773
leaf_weight=8602 8483 3251 28148 6027 9488 3766 43286 23525 3477 5941 9901 6538 90599 3307 11393 17696 56763 3198 4992 7100 31259 35398 12744 9588 482 41434 11858 885 24011 4315
leaf_count=8602 8483 3251 28148 6027 9488 3766 43286 23525 3477 5941 9901 6538 90599 3307 11393 17696 56763 3198 4992 7100 31259 35398 12744 9588 482 41434 11858 885 24011 4315
internal_value=-0.00568126 0.000908165 -0.00896641 -0.000963114 0.00593176 -0.00651272 -0.01046 0.000764578 -0.00226149 -0.0074174 0.00835486 0.00432552 -0.011081 0.0052753 0.00146917 -0.00504473 -0.00948074 -0.00284507 0.00355857 0.00171926 -0.00668386 -0.00304693 -0.00550761 0.00123594 0.00725443 -0.00795973 -0.00435204 -0.00105893 -0.0014269 0.00426703
internal_weight=527455 175478 351977 127853 47625 133181 218796 54857 72996 82400 18985 28640 133885 12795 31332 50781 84911 42958 15845 28081 35025 38596 30440 16688 10383 47375 20341 4362 30038 9307
internal_count=527455 175478 351977 127853 47625 133181 218796 54857 72996 82400 18985 28640 133885 12795 31332 50781 84911 42958 15845 28081 35025 38596 30440 16688 10383 47375 20341 4362 30038 9307
is_linear=0
shrinkage=0.03


Tree=12
num_leaves=31
num_cat=0
split_feature=3 3 3 3 3 3 3 3 3 3 3 3 3 4 3 4 4 3 4 3 3 4 4 6 4 11 11 10 10 11
split_gain=12008.1 1747.94 1335.79 303.215 195.238 166.235 156.085 38.3393 38.0029 27.4961 25.0445 24.8522 22.3449 21.2844 21.0528 17.891 17.4083 17.0934 12.0203 10.1771 8.41743 7.94769 7.60503 7.49173 7.14878 6.63999 5.97475 5.84208 5.77902 7.08052
threshold=12.15 3.8500000000000001 33.050000000000004 6.4500000000000011 2.5500000000000003 78.550000000000011 18.250000000000004 5.2500000000000009 7.6500000000000012 1.9500000000000002 24.150000000000002 44.550000000000004 3.1500000000000008 1.5000000000000002 121.95000000000002 1.5000000000000002 3.5000000000000004 14.350000000000003 1.5000000000000002 4.4500000000000011 9.4500000000000011 5.5000000000000009 4.5000000000000009 0.6858552631578948 1.5000000000000002 98.500000000000014 84.500000000000014 1.5000000000000002 3.5000000000000004 76.500000000000014
decision_type=2 2 2 2 2 2 2 2 2 2 2 2 2 2 2 2 2 2 2 2 2 2 2 2 2 2 2 2 2 2
left_child=1 4 6 7 9 11 17 15 27 -1 21 -4 13 -6 -7 -3 25 -2 -14 -17 28 -8 -19 -21 -11 -10 -24 -5 29 -18
right_child=2 3 5 8 12 14 10 -9 16 24 -12 -13 18 -15 -16 19 20 22 -20 23 -22 -23 26 -25 -26 -27 -28 -29 -30 -31
leaf_value=0.0094074511975725562 -0.0042539518306045649 -0.00067369985859124925 -0.0084656083542922686 -0.002681370760255512 0.0044401535597860704 -0.010196523251410884 -0.0052164845254847932 -0.00016931685537384877 -0.00071992268183752948 0.0069402570280086241 -0.0076335843556419366 -0.0094784991933692317 0.0024911596155396364 0.0072350629820793384 -0.01100946976089716 0.0023683234732992079 -0.0025631291577027783 -0.003646278964351205 0.0041695679923229494 0.0014712864693201763 -0.0032061142792042777 -0.0066753092655301447 -0.0052570164677122949 -0.00031333144406797036 0.010681669842529098 -0.0030018856355064076 -0.0062664686261290582 -0.00095744919299394437 -0.0020597154949145388 -0.0049849851335253869
leaf_weight=8602 20341 3251 34021 1953 9488 41589 3766 23525 5284 9901 37568 60697 6538 3307 92296 11393 4156 2125 9307 14200 25711 31259 21300 2488 482 1466 7015 18798 14157 1471
leaf_count=8602 20341 3251 34021 1953 9488 41589 3766 23525 5284 9901 37568 60697 6538 3307 92296 11393 4156 2125 9307 14200 25711 31259 21300 2488 482 1466 7015 18798 14157 1471
internal_value=-0.0055227 0.000888087 -0.0087188 -0.000939322 0.00579391 -0.0100765 -0.00620308 0.000745969 -0.00220583 0.00815312 -0.00709555 -0.00911469 0.00423002 0.00516253 -0.0107569 0.00143319 -0.00263723 -0.00492727 0.00347702 0.00167711 -0.00284816 -0.00651845 -0.0053772 0.00120522 0.00711394 -0.00121553 -0.00550711 -0.0011197 -0.00238297 -0.00319625
internal_weight=527455 175478 351977 127853 47625 228603 123374 54857 72996 18985 72593 94718 28640 12795 133885 31332 52245 50781 15845 28081 45495 35025 30440 16688 10383 6750 28315 20751 19784 5627
internal_count=527455 175478 351977 127853 47625 228603 123374 54857 72996 18985 72593 94718 28640 12795 133885 31332 52245 50781 15845 28081 45495 35025 30440 16688 10383 6750 28315 20751 19784 5627
is_linear=0
shrinkage=0.03


Tree=13
num_leaves=31
num_cat=0
split_feature=4 4 4 4 4 4 4 4 4 9 4 5 10 4 11 1 10 5 11 11 5 10 0 9 0 10 7 6 1 0
split_gain=10976.3 1586.44 878.311 220.85 192.6 110.047 109.892 68.5501 21.3576 17.2042 16.3868 16.34 12.8927 12.6594 11.1945 8.76426 8.32213 7.69608 8.23801 7.68286 7.63776 7.55026 7.48326 7.37573 6.90705 6.53006 8.64782 5.80266 5.78364 7.36325
threshold=5.5000000000000009 2.5000000000000004 8.5000000000000018 3.5000000000000004 1.5000000000000002 6.5000000000000009 11.500000000000002 4.5000000000000009 7.5000000000000009 2.5500000000000003 9.5000000000000018 8.5000000000000018 1.5000000000000002 13.500000000000002 63.500000000000007 9.5000000000000018 15.500000000000002 8.5000000000000018 64.500000000000014 62.500000000000007 5.5000000000000009 10.500000000000002 5.5000000000000009 7.5500000000000007 3.5000000000000004 11.500000000000002 11.500000000000002 0.072299651567944254 11.500000000000002 5.5000000000000009
decision_type=2 2 2 2 2 2 2 2 2 2 2 2 2 2 2 2 2 2 2 2 2 2 2 2 2 2 2 2 2 2
left_child=1 4 5 14 9 16 10 15 21 -1 -4 24 -6 -8 28 22 -2 18 -14 -13 -10 -7 -5 -16 -11 26 -9 -12 29 -3
right_child=2 3 6 7 12 8 13 25 20 11 27 19 17 -15 23 -17 -18 -19 -20 -21 -22 -23 -24 -25 -26 -27 -28 -29 -30 -31
leaf_value=0.0065955215856889158 -0.0048899196135281332 0.00029040233597389626 -0.0084498400739501413 -0.0017791345209147776 0.00062322514277905955 -0.00629061695423766 -0.0099670677499271894 -0.0032565056359809136 -0.008057178299373996 0.0046401029554092822 -0.0095275232122756376 0.0043665377528725006 0.0031736590330376574 -0.010578373972383719 -0.0016342060674320567 -0.0025131706970399539 -0.0059697803104707091 0.0017915371044733615 0.0019857906215737945 0.0022459527106610429 -0.0071968275133515031 -0.0071785972161477725 -0.00042369867964904908 -0.00012673382847197401 0.0057933223887543161 -0.0042977313749069483 -0.0051604241712296254 -0.0089685297091192089 -0.00047271922230720517 0.0015912453552679728
leaf_weight=7316 29601 14756 36067 20958 3872 24236 56880 24868 18296 6862 32861 7083 15071 65711 4697 12470 8203 10863 8067 1964 18859 13373 4443 7726 14661 10629 2350 34011 5370 5331
leaf_count=7316 29601 14756 36067 20958 3872 24236 56880 24868 18296 6862 32861 7083 15071 65711 4697 12470 8203 10863 8067 1964 18859 13373 4443 7726 14661 10629 2350 34011 5370 5331
internal_value=-0.00536892 0.000413863 -0.00860765 -0.00182859 0.00377635 -0.00644335 -0.00968791 -0.00276419 -0.00711035 0.00528872 -0.00896524 0.00497597 0.00226346 -0.0102947 4.15679e-05 -0.00186182 -0.00512424 0.00245025 0.00275951 0.00390618 -0.00762048 -0.00660636 -0.00154205 -0.000696693 0.00542565 -0.00366714 -0.00342089 -0.00924322 0.000401839 0.00063564
internal_weight=527455 189357 338098 113598 75759 112568 225530 75718 74764 37886 102939 30570 37873 122591 37880 37871 37804 34001 23138 9047 37155 37609 25401 12423 21523 37847 27218 66872 25457 20087
internal_count=527455 189357 338098 113598 75759 112568 225530 75718 74764 37886 102939 30570 37873 122591 37880 37871 37804 34001 23138 9047 37155 37609 25401 12423 21523 37847 27218 66872 25457 20087
is_linear=0
shrinkage=0.03


Tree=14
num_leaves=31
num_cat=0
split_feature=3 3 3 3 3 3 3 3 3 3 3 3 3 4 4 3 3 4 4 3 10 4 4 6 4 4 6 11 11 11
split_gain=10780.6 1603.18 1167.33 272.319 179.99 143.59 138.274 34.6104 34.5382 22.6595 22.034 21.6773 21.0518 21.3574 18.3301 18.2349 15.3066 14.4203 12.4463 9.48495 7.81941 7.13876 6.72187 7.40938 6.54501 6.42878 5.69879 8.41254 5.52311 5.52104
threshold=12.15 3.8500000000000001 33.050000000000004 6.4500000000000011 2.5500000000000003 78.550000000000011 18.250000000000004 5.2500000000000009 8.2500000000000018 1.9500000000000002 24.150000000000002 44.550000000000004 3.1500000000000008 1.5000000000000002 1.5000000000000002 131.85000000000005 14.350000000000003 3.5000000000000004 1.5000000000000002 4.2500000000000009 1.5000000000000002 1.5000000000000002 2.5000000000000004 0.63245614035087727 5.5000000000000009 4.5000000000000009 0.29679679679679688 118.50000000000001 106.50000000000001 84.500000000000014
decision_type=2 2 2 2 2 2 2 2 2 2 2 2 2 2 2 2 2 2 2 2 2 2 2 2 2 2 2 2 2 2
left_child=1 4 6 7 9 11 16 14 26 -1 24 -4 13 -6 -3 -7 -2 28 -14 -16 -19 -11 -21 -24 -8 -18 -5 -28 -10 -27
right_child=2 3 5 8 12 15 10 -9 17 21 -12 -13 18 -15 19 -17 25 20 -20 22 -22 -23 23 -25 -26 29 27 -29 -30 -31
leaf_value=0.0089566581846374851 -0.0040584471538574274 -0.00077814672386341925 -0.0080172550217303112 -0.00083560592463227353 0.0042326907960550378 -0.0096853623336832558 -0.0050136218491033608 -0.00016814157671426737 -0.00046800102006782219 0.0067010467699134893 -0.0072410886153401058 -0.0089632370044999028 0.0023171128013532217 0.0070323859251154698 0.0025271429629820088 -0.010413713446933214 -0.0035299268270941341 -0.0042469867191663596 0.0040250069989455663 0.00080733251423307714 -0.0026979889665658787 0.010439836114521343 0.0023457131703899224 0.00020752623523633503 -0.0063374685094400697 -0.0050004023364731967 -0.0014609178914413035 -0.0037576883908691286 -0.0031224954229290202 -0.0059707697799013752
leaf_weight=8602 20341 3251 34021 12789 9488 48519 3766 23525 3477 9901 37568 60697 6538 3307 7352 85366 2125 3198 9307 11893 35398 482 6993 1843 31259 21300 15669 1580 885 7015
leaf_count=8602 20341 3251 34021 12789 9488 48519 3766 23525 3477 9901 37568 60697 6538 3307 7352 85366 2125 3198 9307 11893 35398 482 6993 1843 31259 21300 15669 1580 885 7015
internal_value=-0.00521982 0.000854473 -0.00824816 -0.000895629 0.00555276 -0.00951736 -0.00589642 0.000701495 -0.00209588 0.00781797 -0.00673643 -0.00862346 0.00405118 0.0049563 0.00135444 -0.0101498 -0.0046956 -0.00264156 0.00332029 0.00160134 -0.00282634 0.00687461 0.00127298 0.00189973 -0.00619512 -0.00512137 -0.00131549 -0.0016713 -0.00100657 -0.00524081
internal_weight=527455 175478 351977 127853 47625 228603 123374 54857 72996 18985 72593 94718 28640 12795 31332 133885 50781 42958 15845 28081 38596 10383 20729 8836 35025 30440 30038 17249 4362 28315
internal_count=527455 175478 351977 127853 47625 228603 123374 54857 72996 18985 72593 94718 28640 12795 31332 133885 50781 42958 15845 28081 38596 10383 20729 8836 35025 30440 30038 17249 4362 28315
is_linear=0
shrinkage=0.03


Tree=15
num_leaves=31
num_cat=0
split_feature=3 3 3 3 3 3 3 3 3 3 3 3 4 3 4 3 4 3 4 3 3 6 4 9 4 4 9 3 7 10
split_gain=10202.5 1527.89 1087.24 259.216 170.094 132.625 130.05 33.3867 32.926 25.6783 20.6221 20.4524 20.5457 20.451 17.436 14.4519 14.2979 13.3383 10.9272 9.17761 8.26194 7.19457 7.19346 6.96966 6.20085 6.08229 5.83207 5.66725 5.59596 5.43279
threshold=12.15 3.8500000000000001 33.050000000000004 6.4500000000000011 2.5500000000000003 67.050000000000011 18.250000000000004 7.6500000000000012 5.2500000000000009 121.95000000000002 24.150000000000002 3.2500000000000004 1.5000000000000002 2.1500000000000008 1.5000000000000002 14.350000000000003 3.5000000000000004 43.750000000000007 1.5000000000000002 4.4500000000000011 9.4500000000000011 0.33602150537634412 1.5000000000000002 9.1500000000000004 6.5000000000000009 4.5000000000000009 12.350000000000003 1.7500000000000002 2.5000000000000004 1.5000000000000002
decision_type=2 2 2 2 2 2 2 2 2 2 2 2 2 2 2 2 2 2 2 2 2 2 2 2 2 2 2 2 2 2
left_child=1 4 6 8 13 17 15 29 14 -7 24 12 -6 27 -3 26 -9 -4 -13 -16 -18 -21 28 -22 -8 -17 -2 -1 -15 -5
right_child=2 3 5 7 11 9 10 16 -10 -11 -12 18 -14 22 19 25 20 -19 -20 21 23 -23 -24 -25 -26 -27 -28 -29 -30 -31
leaf_value=0.0091311103547945614 -0.004567767901935204 -0.00075862245004531311 -0.0077755676665344463 -0.0025327461989977022 0.004028595356485672 -0.0092721076986078087 -0.0054586365746698588 -0.0011607088165813022 -0.00016376947933505117 -0.010078549669231952 -0.0070537220440436863 0.0020603641911909605 0.0064951456779865132 0.005241811812442437 0.0022184932353278282 -0.0034520360099568087 -0.0021794395598108787 -0.0085710953222352237 0.0037994003839603887 0.0018378426906088706 -0.0036521332102556086 0.00057795244813412991 0.010020431633421917 -0.0026237133806860454 -0.0063150401243318435 -0.0051161736904069685 -0.0035375276982010186 0.0078072203321550189 0.0069721509033871679 -0.00087030827827891941
leaf_weight=5209 8483 3251 32049 1953 10708 57783 11174 6750 23525 92296 37568 5318 4244 3334 11393 2125 19784 46475 8370 7100 9281 9588 453 16430 23851 28315 11858 6594 3395 18798
leaf_count=5209 8483 3251 32049 1953 10708 57783 11174 6750 23525 92296 37568 5318 4244 3334 11393 2125 19784 46475 8370 7100 9281 9588 453 16430 23851 28315 11858 6594 3395 18798
internal_value=-0.00507446 0.000834727 -0.00802049 -0.000873784 0.00542136 -0.00924538 -0.00575085 -0.0020448 0.000684442 -0.00976806 -0.0065655 0.00396165 0.00472871 0.00762342 0.0013213 -0.00458629 -0.00244915 -0.00824641 0.00312376 0.0015621 -0.00264031 0.00111398 0.00636117 -0.00299495 -0.00604182 -0.005 -0.00396718 0.00839149 0.00611482 -0.00102677
internal_weight=527455 175478 351977 127853 47625 228603 123374 72996 54857 150079 72593 28640 14952 18985 31332 50781 52245 78524 13688 28081 45495 16688 7182 25711 35025 30440 20341 11803 6729 20751
internal_count=527455 175478 351977 127853 47625 228603 123374 72996 54857 150079 72593 28640 14952 18985 31332 50781 52245 78524 13688 28081 45495 16688 7182 25711 35025 30440 20341 11803 6729 20751
is_linear=0
shrinkage=0.03


Tree=16
num_leaves=31
num_cat=0
split_feature=4 4 4 4 4 4 4 4 4 5 4 10 11 4 11 1 10 9 5 11 9 0 9 0 5 10 10 10 1 11
split_gain=9297.75 1368.26 711.665 190.975 166.251 91.9672 86.2893 60.3642 17.5442 14.8516 12.9674 12.2787 10.4243 10.0077 8.61859 8.26009 7.29492 7.23218 7.10147 7.71579 7.06684 7.04957 7.03847 7.02254 6.5619 6.50111 5.97532 5.84004 5.82488 5.48577
threshold=5.5000000000000009 2.5000000000000004 8.5000000000000018 3.5000000000000004 1.5000000000000002 6.5000000000000009 11.500000000000002 4.5000000000000009 7.5000000000000009 8.5000000000000018 9.5000000000000018 1.5000000000000002 63.500000000000007 13.500000000000002 62.500000000000007 9.5000000000000018 15.500000000000002 2.1500000000000008 8.5000000000000018 64.500000000000014 2.6500000000000008 5.5000000000000009 7.5500000000000007 4.5000000000000009 2.5000000000000004 10.500000000000002 11.500000000000002 1.5000000000000002 7.5000000000000009 47.500000000000007
decision_type=2 2 2 2 2 2 2 2 2 2 2 2 2 2 2 2 2 2 2 2 2 2 2 2 2 2 2 2 2 2
left_child=1 4 5 12 9 16 10 15 25 20 -4 -6 -3 -8 17 21 -2 -11 19 -13 -1 29 -14 -22 -10 -7 -9 -25 -29 -5
right_child=2 3 6 7 11 8 13 26 24 14 -12 18 22 -15 -16 -17 -18 -19 -20 -21 23 -23 -24 27 -26 -27 -28 28 -30 -31
leaf_value=0.0062071764704375422 -0.0045405639036153363 0.0003932582439291565 -0.0077875619314466977 -0.0012053504972070457 0.00050550689120307441 -0.0058258169519072971 -0.0091328080287242496 -0.0031752573443690705 -0.007649428275860271 0.0071500179517082867 -0.0084933265518227288 0.0029863765206138279 -0.0015826353565261341 -0.0096763332337592295 0.0024168280633086832 -0.0023490524057301885 -0.0055515862948848282 0.0041512252832772087 0.0016557412366780151 0.0018367752135797432 0.0044259311416609938 -0.00032081648234496798 -0.00011003146552218694 0.0036511395101820952 -0.0067780056388333692 -0.0066497957870026558 -0.0040140279432726612 0.0073219719054192986 0.0054415208221620078 -0.0021829194205881339
leaf_weight=5942 29601 25457 36067 11717 3872 24236 56880 27218 11083 800 66872 15071 4697 65711 2457 12470 8203 7599 10863 8067 9409 4443 7726 1324 26072 13373 10629 1793 8562 9241
leaf_count=5942 29601 25457 36067 11717 3872 24236 56880 27218 11083 800 66872 15071 4697 65711 2457 12470 8203 7599 10863 8067 9409 4443 7726 1324 26072 13373 10629 1793 8562 9241
internal_value=-0.0049332 0.000389085 -0.00791403 -0.00169347 0.00351181 -0.00596583 -0.00888642 -0.0025635 -0.00657558 0.00491693 -0.00824605 0.00210621 4.56028e-05 -0.00942415 0.00397967 -0.00171671 -0.00475994 0.00443686 0.0022885 0.00258557 0.00529335 -0.00140628 -0.000666807 0.00503586 -0.00703794 -0.00611881 -0.00341082 0.00552725 0.00576713 -0.00163639
internal_weight=527455 189357 338098 113598 75759 112568 225530 75718 74764 37886 102939 37873 37880 122591 10856 37871 37804 8399 34001 23138 27030 25401 12423 21088 37155 37609 37847 11679 10355 20958
internal_count=527455 189357 338098 113598 75759 112568 225530 75718 74764 37886 102939 37873 37880 122591 10856 37871 37804 8399 34001 23138 27030 25401 12423 21088 37155 37609 37847 11679 10355 20958
is_linear=0
shrinkage=0.03


Tree=17
num_leaves=31
num_cat=0
split_feature=3 3 3 3 3 3 3 3 3 3 3 3 3 3 3 3 10 8 9 9 10 6 3 7 7 6 7 2 3 9
split_gain=9160.32 1402.16 949.585 232.916 156.842 115.103 114.759 30.3046 29.7454 19.3031 18.1142 17.5369 17.516 14.4239 12.9462 8.97464 8.35809 7.16198 7.07307 5.51485 5.36042 5.21681 5.01218 4.93937 4.8635 4.83856 4.76131 4.6427 4.39788 4.20933
threshold=12.15 3.8500000000000001 33.050000000000004 6.4500000000000011 2.5500000000000003 18.250000000000004 78.550000000000011 7.6500000000000012 5.2500000000000009 3.1500000000000008 24.150000000000002 2.1500000000000008 44.550000000000004 131.85000000000005 14.350000000000003 9.2500000000000018 1.5000000000000002 1.5000000000000002 7.7500000000000009 12.350000000000003 1.5000000000000002 0.29478609625668456 1.5500000000000003 9.5000000000000018 2.5000000000000004 0.30079365079365084 2.5000000000000004 59.250000000000007 4.4500000000000011 6.0500000000000007
decision_type=2 2 2 2 2 2 2 2 2 2 2 2 2 2 2 2 2 2 2 2 2 2 2 2 2 2 2 2 2 2
left_child=1 4 5 8 11 14 12 21 16 20 27 22 -4 -8 19 -9 -3 -17 -11 -2 -6 -5 -1 -19 -13 29 28 -7 -18 -25
right_child=2 3 6 7 9 10 13 15 -10 18 -12 24 -14 -15 -16 17 26 23 -20 -21 -22 -23 -24 25 -26 -27 -28 -29 -30 -31
leaf_value=0.0091851153058629138 -0.0043691653105626055 -0.00019365497958432148 -0.0073884668752495454 -0.00041104382375807173 0.0029837868422328993 -0.0057967480095208026 -0.0088848571356503186 -0.001872770560981128 -0.00016289785729204558 0.0025910716249364237 -0.006690685223800715 0.005355246245810838 -0.008238817799903847 -0.009532641075743347 -0.004762677990849791 -0.0043595387910032616 0.0015395145597607886 -0.0023110846262104235 0.0038921083057062633 -0.0033673354501536448 0.004886516980438611 -0.0013758789673170636 0.0076938333527774416 -0.0071185907817141892 0.0069166608701684597 -0.0044229630286297134 0.0016736669544067616 -0.0035508964202850529 0.00017786703789799549 -0.0025272521801249269
leaf_weight=2602 8483 3242 34021 8646 1511 34176 48519 22266 23525 9705 37568 3561 60697 85366 30440 2095 4069 20951 6140 11858 11284 12105 9201 187 3621 2135 19530 849 4491 4611
leaf_count=2602 8483 3242 34021 8646 1511 34176 48519 22266 23525 9705 37568 3561 60697 85366 30440 2095 4069 20951 6140 11858 11284 12105 9201 187 3621 2135 19530 849 4491 4611
internal_value=-0.0047963 0.000802946 -0.0075878 -0.000833757 0.0051968 -0.00546671 -0.00873253 -0.00194378 0.000643305 0.00379511 -0.00623311 0.00731135 -0.00793339 -0.00929789 -0.00437111 -0.00232901 0.00124863 -0.00266787 0.00309523 -0.00378514 0.00466182 -0.000973876 0.00802259 -0.00254077 0.00614248 -0.00323487 0.00141509 -0.00574231 0.000825127 -0.0027062
internal_weight=527455 175478 351977 127853 47625 123374 228603 72996 54857 28640 72593 18985 94718 133885 50781 52245 31332 29979 15845 20341 12795 20751 11803 27884 7182 6933 28090 35025 8560 4798
internal_count=527455 175478 351977 127853 47625 123374 228603 72996 54857 28640 72593 18985 94718 133885 50781 52245 31332 29979 15845 20341 12795 20751 11803 27884 7182 6933 28090 35025 8560 4798
is_linear=0
shrinkage=0.03


Tree=18
num_leaves=31
num_cat=0
split_feature=3 3 3 3 3 3 3 3 3 3 3 4 4 3 3 3 4 4 3 3 10 4 4 8 4 7 9 11 9 11
split_gain=8669.38 1336.69 884.08 221.777 148.322 108.229 106.314 29.1825 28.2944 20.2433 18.6235 20.7216 17.8155 16.9458 15.7796 12.2344 12.079 11.211 10.7436 8.45729 7.35215 7.18461 7.09398 7.00539 5.54055 5.28538 5.25145 5.58439 5.23432 5.17758
threshold=12.15 3.8500000000000001 33.050000000000004 6.4500000000000011 2.5500000000000003 18.250000000000004 67.050000000000011 8.2500000000000018 5.2500000000000009 121.95000000000002 3.2500000000000004 1.5000000000000002 1.5000000000000002 24.150000000000002 2.1500000000000008 14.350000000000003 3.5000000000000004 1.5000000000000002 43.750000000000007 4.2500000000000009 1.5000000000000002 1.5000000000000002 2.5000000000000004 2.5000000000000004 3.5000000000000004 2.5000000000000004 7.1500000000000012 117.50000000000001 12.350000000000003 106.50000000000001
decision_type=2 2 2 2 2 2 2 2 2 2 2 2 2 2 2 2 2 2 2 2 2 2 2 2 2 2 2 2 2 2
left_child=1 4 5 8 14 15 18 26 12 -8 11 -6 -3 -7 -1 28 29 -12 -4 -14 -18 25 -21 -24 -17 -16 27 -5 -2 -9
right_child=2 3 6 7 10 13 9 16 -10 -11 17 -13 19 -15 21 24 20 -19 -20 22 -22 -23 23 -25 -26 -27 -28 -29 -30 -31
leaf_value=0.0078053791805979328 -0.0042687923812604828 -0.00088443918874981731 -0.0071660190651080449 -0.0014816531425731676 0.003740172177681203 -0.0056002804804665112 -0.0085106144661280993 -0.00038059337011589071 -0.00015866213987534913 -0.0092266428583045144 0.0018346498361338614 0.0062172577589834554 0.0023356200544664206 -0.0065175605391182348 0.0049273194284158769 8.9507314719651882e-06 -0.0039450912658425697 0.0035961258350521007 -0.0078799882952214056 0.0006729837680979592 -0.0024430872060375785 0.0096789635806683681 0.0005757449166312892 0.0023803381591640991 -0.0046852613581196767 0.0066089550798350116 -0.00088247176970127875 -0.0037556709961758714 -0.0032927758767786184 -0.0029507143083265272
leaf_weight=11803 8483 3251 32049 9712 10708 35025 57783 3477 23525 92296 5318 4244 7352 37568 3334 228 3198 8370 46475 11893 35398 453 2865 5971 30212 3395 19246 1080 11858 885
leaf_count=11803 8483 3251 32049 9712 10708 35025 57783 3477 23525 92296 5318 4244 7352 37568 3334 228 3198 8370 46475 11893 35398 453 2865 5971 30212 3395 19246 1080 11858 885
internal_value=-0.00466278 0.000784355 -0.00737845 -0.000813681 0.00507441 -0.00533182 -0.00848299 -0.00189684 0.000627631 -0.00895096 0.00371131 0.00444327 0.001218 -0.00607499 0.00713071 -0.00426945 -0.00239842 0.00291177 -0.00758859 0.00146141 -0.00256754 0.00602195 0.00115135 0.00179521 -0.0046501 0.00577576 -0.00117951 -0.00170922 -0.00369981 -0.000902042
internal_weight=527455 175478 351977 127853 47625 123374 228603 72996 54857 150079 28640 14952 31332 72593 18985 50781 42958 13688 78524 28081 38596 7182 20729 8836 30440 6729 30038 10792 20341 4362
internal_count=527455 175478 351977 127853 47625 123374 228603 72996 54857 150079 28640 14952 31332 72593 18985 50781 42958 13688 78524 28081 38596 7182 20729 8836 30440 6729 30038 10792 20341 4362
is_linear=0
shrinkage=0.03


Tree=19
num_leaves=31
num_cat=0
split_feature=3 3 3 3 3 3 3 3 3 3 3 4 3 4 4 3 4 3 3 3 3 4 9 7 3 11 10 11 10 2
split_gain=8204.99 1274.38 822.975 211.176 140.342 101.772 98.1084 28.1348 26.9157 18.5998 18.1523 16.9447 15.8477 15.7221 14.9579 14.1846 11.6994 11.5577 9.95736 8.16877 7.96801 6.94686 6.44661 6.06739 5.82477 5.62707 5.30795 6.54462 5.52591 5.36076
threshold=12.15 3.8500000000000001 33.050000000000004 6.4500000000000011 2.5500000000000003 18.250000000000004 67.050000000000011 7.6500000000000012 5.2500000000000009 121.95000000000002 3.0500000000000003 1.5000000000000002 24.150000000000002 1.5000000000000002 1.5000000000000002 2.1500000000000008 3.5000000000000004 14.350000000000003 43.750000000000007 4.4500000000000011 9.4500000000000011 1.5000000000000002 9.1500000000000004 3.5000000000000004 3.5500000000000003 98.500000000000014 3.5000000000000004 76.500000000000014 12.500000000000002 51.750000000000007
decision_type=2 2 2 2 2 2 2 2 2 2 2 2 2 2 2 2 2 2 2 2 2 2 2 2 2 2 2 2 2 2
left_child=1 4 5 8 15 17 18 -5 11 -8 13 -3 -7 -6 -12 -1 25 -2 -4 -13 26 -17 -22 -21 -16 -9 27 29 -28 -18
right_child=2 3 6 7 10 12 9 16 -10 -11 14 19 -14 -15 24 21 20 -19 -20 23 22 -23 -24 -25 -26 -27 28 -29 -30 -31
leaf_value=0.0075950248055504065 -0.0036164125902106185 -0.00086224797027949294 -0.0069745762758204564 -0.00091649375581251879 0.0039759449470569853 -0.0054618540191803547 -0.008268039188870981 -0.00060047576524018334 -0.00015453666457460993 -0.0089543873159757485 0.002065507675188503 0.0020448161394154753 -0.0063489155676549067 0.0067035099683677348 0.0044976812839305318 0.0056620473064219797 -0.0091577929917134732 -0.0045400433764253281 -0.0076619258677273301 0.00037905668544681726 -0.0033754517413357083 0.0095001270992076947 -0.0023863741077088177 0.0015274033367975769 0.00305787123101274 -0.0027011841836437523 -0.0012335347997688123 -0.0044416768979572419 -0.0025127351331921278 -0.0019484817222168045
leaf_weight=11803 20341 3251 32049 20751 8171 35025 57783 5284 23525 92296 7855 11393 37568 2479 5292 6729 95 30440 46475 7624 9281 453 16430 9064 4843 1466 9739 1471 4418 4061
leaf_count=11803 20341 3251 32049 20751 8171 35025 57783 5284 23525 92296 7855 11393 37568 2479 5292 6729 95 30440 46475 7624 9281 453 16430 9064 4843 1466 9739 1471 4418 4061
internal_value=-0.00453297 0.000766267 -0.0071749 -0.000794081 0.00495514 -0.00520027 -0.00824058 -0.00185103 0.00061236 -0.00869013 0.00362923 0.00118817 -0.00592092 0.00461084 0.00304811 0.00695536 -0.00222222 -0.00417007 -0.00738139 0.00142555 -0.00239514 0.00590413 -0.00274341 0.00100278 0.00380967 -0.00105672 -0.00194254 -0.00272196 -0.00163274 -0.00211328
internal_weight=527455 175478 351977 127853 47625 123374 228603 72996 54857 150079 28640 31332 72593 10650 17990 18985 52245 50781 78524 28081 45495 7182 25711 16688 10135 6750 19784 5627 14157 4156
internal_count=527455 175478 351977 127853 47625 123374 228603 72996 54857 150079 28640 31332 72593 10650 17990 18985 52245 50781 78524 28081 45495 7182 25711 16688 10135 6750 19784 5627 14157 4156
is_linear=0
shrinkage=0.03


Tree=20
num_leaves=31
num_cat=0
split_feature=3 3 3 3 3 3 3 3 3 3 4 3 4 3 3 4 3 3 4 3 3 9 4 6 4 4 11 9 6 11
split_gain=7765.32 1215.11 766.099 201.153 132.769 94.0651 92.4115 27.213 25.606 17.5638 19.118 17.0841 16.1173 14.066 12.7336 11.1856 10.9165 9.92615 9.20987 8.55213 7.79431 7.20032 6.78354 6.73165 6.71826 6.48337 5.75965 5.52692 5.28581 6.55843
threshold=12.15 3.8500000000000001 32.550000000000004 6.4500000000000011 2.5500000000000003 67.050000000000011 18.250000000000004 9.2500000000000018 5.2500000000000009 3.1500000000000008 1.5000000000000002 121.95000000000002 1.5000000000000002 22.550000000000004 2.1500000000000008 1.5000000000000002 14.350000000000003 43.750000000000007 3.5000000000000004 7.4500000000000011 4.2500000000000009 9.1500000000000004 2.5000000000000004 0.63245614035087727 1.5000000000000002 6.5000000000000009 111.50000000000001 6.3500000000000005 0.40161290322580651 169.50000000000003
decision_type=2 2 2 2 2 2 2 2 2 2 2 2 2 2 2 2 2 2 2 2 2 2 2 2 2 2 2 2 2 2
left_child=1 4 6 8 14 17 16 19 12 10 -6 -7 -3 -8 -1 -11 -2 -4 -9 -5 -14 -20 -22 -24 -16 -15 -23 -17 -21 -30
right_child=2 3 5 7 9 11 13 18 -10 15 -12 -13 20 25 24 27 -18 -19 21 28 22 26 23 -25 -26 -27 -28 -29 29 -31
leaf_value=0.0073903393730430297 -0.0035350846038456128 -0.00084061347202534528 -0.0067748236789628262 -0.00081081913295730755 0.0036912310350541823 -0.0080323779617017636 -0.0052045253193802998 -0.0006366919860311223 -0.0001505182306774111 0.0019304970237285436 0.0063400859743726187 -0.0086901650618824086 0.0022298745806121202 -0.0052479402127860713 0.0055501947246701169 0.0028698934847488995 -0.0044327288687562028 -0.0074498977136329778 -0.0032910212316788132 -0.0013476846920951037 0.00062518767309000401 -0.0020080377374679897 0.0021476822511058463 0.00010962868086100271 0.0093245950400434579 -0.0062372644765544575 -0.0033391368563299053 0.0043359139620359911 -0.0020667066154308519 -0.0058196379596536811
leaf_weight=11803 20341 3251 33903 17436 9488 57783 26535 2210 23525 6538 3307 92296 7352 7103 6729 4992 30440 46475 10037 16325 11893 14036 6993 1843 453 37101 3696 4315 8816 440
leaf_count=11803 20341 3251 33903 17436 9488 57783 26535 2210 23525 6538 3307 92296 7352 7103 6729 4992 30440 46475 10037 16325 11893 14036 6993 1843 453 37101 3696 4315 8816 440
internal_value=-0.00440684 0.000748459 -0.00697702 -0.000775172 0.00483876 -0.00799335 -0.00504959 -0.00180674 0.000597488 0.00354911 0.00437585 -0.00843691 0.00115911 -0.00575053 0.00678428 0.00288151 -0.00407317 -0.00716516 -0.00250059 -0.00132318 0.00139063 -0.00264893 0.00109297 0.00172259 0.00578826 -0.00607829 -0.00228549 0.00354958 -0.0016724 -0.00224511
internal_weight=527455 175478 351977 127853 47625 230457 121520 72996 54857 28640 12795 150079 31332 70739 18985 15845 50781 80378 29979 43017 28081 27769 20729 8836 7182 44204 17732 9307 25581 9256
internal_count=527455 175478 351977 127853 47625 230457 121520 72996 54857 28640 12795 150079 31332 70739 18985 15845 50781 80378 29979 43017 28081 27769 20729 8836 7182 44204 17732 9307 25581 9256
is_linear=0
shrinkage=0.03


Tree=21
num_leaves=31
num_cat=0
split_feature=3 3 3 3 3 3 3 3 3 3 3 4 4 4 3 3 3 3 4 3 3 9 4 6 4 3 11 11 4 10
split_gain=7349.3 1158.62 712.991 191.608 125.602 86.8645 86.762 26.354 24.3605 17.0274 15.6864 15.3304 14.5089 13.7055 13.1598 11.4091 10.3103 9.19537 8.81857 8.08836 7.56911 6.8659 6.4971 6.40709 6.07199 5.53138 5.49332 5.2564 5.19779 5.08037
threshold=12.15 3.8500000000000001 32.550000000000004 6.4500000000000011 2.5500000000000003 18.250000000000004 67.050000000000011 9.2500000000000018 5.2500000000000009 3.0500000000000003 121.95000000000002 1.5000000000000002 1.5000000000000002 1.5000000000000002 22.550000000000004 2.1500000000000008 14.350000000000003 43.750000000000007 3.5000000000000004 7.4500000000000011 4.4500000000000011 9.1500000000000004 1.5000000000000002 0.33602150537634412 6.5000000000000009 3.5500000000000003 111.50000000000001 68.500000000000014 3.5000000000000004 1.5000000000000002
decision_type=2 2 2 2 2 2 2 2 2 2 2 2 2 2 2 2 2 2 2 2 2 2 2 2 2 2 2 2 2 2
left_child=1 4 5 8 15 16 17 19 11 12 -8 -3 -6 -11 -7 -1 -2 -4 -9 29 -13 -20 -17 -22 -16 -15 -23 -25 -18 -5
right_child=2 3 6 7 9 14 10 18 -10 13 -12 20 -14 25 24 22 28 -19 21 -21 23 26 -24 27 -26 -27 -28 -29 -30 -31
leaf_value=0.0071911333053660256 -0.0034555855414947221 -0.00081952181789406403 -0.0065939880094637061 -0.0023829265327795462 0.00381163226684236 -0.0050766335437026919 -0.0078034337412611005 -0.0006224428461148189 -0.00014660454868130172 0.0019674351408480082 -0.0084337396121939804 0.0019526721003350011 0.0064318517274845029 0.0043074455063224102 -0.0051182081550254829 0.0054405517549956954 0.00018468883084623436 -0.0072437371774858646 -0.00321847381113867 -0.0016272587369429738 0.0016327079825837847 -0.0019656097003752163 0.0091523061347323527 0.00086962766636116762 -0.0060756311922352127 0.0029043650545292148 -0.0032655697826344471 -0.00071483568831567012 -0.0043620064393461227 -0.00062480500048548316
leaf_weight=11803 20341 3251 33903 1632 8171 26535 57783 2210 23525 7855 92296 11393 2479 5292 7103 6729 228 46475 10037 25581 7100 14036 453 7011 37101 4843 3696 2577 30212 15804
leaf_count=11803 20341 3251 33903 1632 8171 26535 57783 2210 23525 7855 92296 11393 2479 5292 7103 6729 228 46475 10037 25581 7100 14036 453 7011 37101 4843 3696 2577 30212 15804
internal_value=-0.00428422 0.000731083 -0.0067846 -0.000756711 0.00472518 -0.00492518 -0.00776507 -0.0017635 0.000582983 0.00347083 -0.00819106 0.00113078 0.00442154 0.00290801 -0.00560476 0.00661746 -0.00397851 -0.00696968 -0.00244632 -0.00128764 0.00135657 -0.00259147 0.00567467 0.000949608 -0.00592179 0.00363698 -0.00223657 0.000443766 -0.00432795 -0.000789364
internal_weight=527455 175478 351977 127853 47625 121520 230457 72996 54857 28640 150079 31332 10650 17990 70739 18985 50781 80378 29979 43017 28081 27769 7182 16688 44204 10135 17732 9588 30440 17436
internal_count=527455 175478 351977 127853 47625 121520 230457 72996 54857 28640 150079 31332 10650 17990 70739 18985 50781 80378 29979 43017 28081 27769 7182 16688 44204 10135 17732 9588 30440 17436
is_linear=0
shrinkage=0.03


Tree=22
num_leaves=31
num_cat=0
split_feature=3 3 3 3 3 3 3 3 3 3 4 4 3 3 3 4 4 3 4 3 3 3 9 6 4 4 11 6 6 11
split_gain=6954.89 1104.25 663.479 182.531 118.574 81.6527 80.0035 25.5211 23.1764 16.5286 17.667 14.5823 14.4016 12.3105 10.127 10.0194 9.3985 8.51645 8.44442 7.65307 7.40458 7.21332 6.54651 6.31416 6.28314 5.68613 5.24011 5.02124 5.0004 6.20695
threshold=12.15 3.8500000000000001 32.550000000000004 6.4500000000000011 2.5500000000000003 18.250000000000004 67.050000000000011 9.2500000000000018 5.2500000000000009 3.2500000000000004 1.5000000000000002 1.5000000000000002 124.35000000000001 22.550000000000004 2.1500000000000008 4.5000000000000009 1.5000000000000002 43.750000000000007 3.5000000000000004 7.4500000000000011 14.350000000000003 4.4500000000000011 9.1500000000000004 0.8047619047619049 1.5000000000000002 6.5000000000000009 111.50000000000001 0.059714795008912663 0.40161290322580651 118.50000000000001
decision_type=2 2 2 2 2 2 2 2 2 2 2 2 2 2 2 2 2 2 2 2 2 2 2 2 2 2 2 2 2 2
left_child=1 4 5 8 14 15 17 19 11 10 -6 -3 -8 -7 -1 27 -11 -4 -9 -5 -17 -13 -20 -23 -16 -15 -24 -2 -21 -30
right_child=2 3 6 7 9 13 12 18 -10 16 -12 21 -14 25 24 20 -18 -19 22 28 -22 23 26 -25 -26 -27 -28 -29 29 -31
leaf_value=0.0069920267003023735 -0.0015360841790410568 -0.00079895948270987231 -0.0064179790187183705 -0.00076842707683731583 0.0034345704702842044 -0.0049518844222806811 -0.007589685137205141 -0.00060856867942335371 -0.00014279231107957051 0.0016547717326070275 0.0057218046447755477 0.001905295905924174 -0.0081904991382223541 -0.0049916834878146136 0.0053330747852939819 -0.0035381371525390498 0.003267583651034208 -0.007043281648279583 -0.0031476183763428775 -0.0012676360595828722 -0.0043280326076432125 0.0011138124613505559 -0.0019241830595973619 -0.00088791569696066851 0.0089832006049471967 -0.0059181865373087303 -0.0031938287444025662 -0.0034143096935963877 -0.0018730099089556229 -0.0043968016838808665
leaf_weight=11803 2153 3251 33903 17436 10708 26535 59480 2210 23525 5318 4244 11393 90599 7103 6729 17150 8370 46475 10037 16325 28315 15123 14036 1565 453 37101 3696 3163 8275 981
leaf_count=11803 2153 3251 33903 17436 10708 26535 59480 2210 23525 5318 4244 11393 90599 7103 6729 17150 8370 46475 10037 16325 28315 15123 14036 1565 453 37101 3696 3163 8275 981
internal_value=-0.00416514 0.000713727 -0.0065975 -0.000738736 0.00461298 -0.00480381 -0.00754332 -0.00172139 0.000568843 0.00339422 0.00408378 0.00110316 -0.00795238 -0.00546268 0.00645154 -0.00388598 0.00264098 -0.00677953 -0.00239334 -0.00125311 -0.00403007 0.00132337 -0.00253538 0.00092609 0.0055633 -0.00576931 -0.00218882 -0.00265362 -0.00158346 -0.00214049
internal_weight=527455 175478 351977 127853 47625 121520 230457 72996 54857 28640 14952 31332 150079 70739 18985 50781 13688 80378 29979 43017 45465 28081 27769 16688 7182 44204 17732 5316 25581 9256
internal_count=527455 175478 351977 127853 47625 121520 230457 72996 54857 28640 14952 31332 150079 70739 18985 50781 13688 80378 29979 43017 45465 28081 27769 16688 7182 44204 17732 5316 25581 9256
is_linear=0
shrinkage=0.03


Tree=23
num_leaves=31
num_cat=0
split_feature=4 4 4 4 4 4 4 4 4 4 10 5 11 11 1 9 0 5 11 7 9 8 0 9 1 2 11 10 7 9
split_gain=6369.38 825.027 554.925 115.7 101.503 79.5546 45.9723 25.8807 16.2521 13.5767 11.437 10.9278 9.41267 7.89605 7.71072 6.71431 6.54577 6.17965 7.02729 5.75359 5.62917 5.50752 5.3774 6.96979 6.89663 5.12476 5.04408 4.95341 7.57604 5.43492
threshold=4.5000000000000009 7.5000000000000009 2.5000000000000004 1.5000000000000002 10.500000000000002 5.5000000000000009 3.5000000000000004 6.5000000000000009 8.5000000000000018 12.500000000000002 1.5000000000000002 8.5000000000000018 63.500000000000007 62.500000000000007 9.5000000000000018 7.5500000000000007 5.5000000000000009 8.5000000000000018 64.500000000000014 7.5000000000000009 2.1500000000000008 1.5000000000000002 4.5000000000000009 2.8500000000000001 7.5000000000000009 58.750000000000007 35.500000000000007 11.500000000000002 11.500000000000002 2.6500000000000008
decision_type=2 2 2 2 2 2 2 2 2 2 2 2 2 2 2 2 2 2 2 2 2 2 2 2 2 2 2 2 2 2
left_child=2 5 3 11 8 27 12 19 -3 -6 -5 22 21 20 16 -14 26 18 -12 25 -13 -4 23 -1 -24 -7 -8 28 29 -2
right_child=1 4 6 10 9 7 14 -9 -10 -11 17 13 15 -15 -16 -17 -18 -19 -20 -21 -22 -23 24 -25 -26 -27 -28 -29 -30 -31
leaf_value=0.0052267377398562227 -0.0047010367603934544 -0.0058499620449028039 -0.00074726137776657002 0.00024153394043476375 -0.007214448864720625 -0.0037726133362660686 -0.0008701211616409637 -0.0051225187472263923 -0.0066252026439346714 -0.0077870902566641491 0.0026219510048614007 0.006158469445863738 -0.0015046822774757952 0.0018313042511983707 -0.0020222884061915831 -6.6388894664232132e-05 -6.5448634291242536e-05 0.0013720623011402712 0.0015248388649363109 -0.0044395277120367182 0.0035128088319285131 0.00056726933070258014 0.0061882525447738172 0.0035656518663644944 0.0045277485941208964 -0.0010699221381943347 -0.0018009574021366859 -0.003428936645182519 -0.0042934244970057869 -0.0024215602088153202
leaf_weight=3037 980 37155 3295 3872 62332 21002 10533 37609 70550 92648 15071 800 4697 2457 12470 7726 4443 10863 8067 16151 7599 22162 2761 9042 12190 651 10425 10629 2350 23888
leaf_count=3037 980 37155 3295 3872 62332 21002 10533 37609 70550 92648 15071 800 4697 2457 12470 7726 4443 10863 8067 16151 7599 22162 2761 9042 12190 651 10425 10629 2350 23888
internal_value=-0.00404951 -0.00614235 0.00114349 0.00295898 -0.00706516 -0.00400206 -0.000672196 -0.00456532 -0.00635777 -0.00755678 0.0017864 0.00413117 6.67683e-05 0.0033272 -0.00141134 -0.000610192 -0.0011114 0.00196232 0.00223945 -0.004011 0.00376481 0.000397124 0.00445406 0.0039833 0.00483439 -0.00369136 -0.00133314 -0.00287973 -0.00266525 -0.00251139
internal_weight=527455 375945 151510 75759 262685 113260 75751 75413 107705 154980 37873 37886 37880 10856 37871 12423 25401 34001 23138 37804 8399 25457 27030 12079 14951 21653 20958 37847 27218 24868
internal_count=527455 375945 151510 75759 262685 113260 75751 75413 107705 154980 37873 37886 37880 10856 37871 12423 25401 34001 23138 37804 8399 25457 27030 12079 14951 21653 20958 37847 27218 24868
is_linear=0
shrinkage=0.03


Tree=24
num_leaves=31
num_cat=0
split_feature=3 3 3 3 3 3 3 3 3 3 4 4 3 3 3 3 3 4 4 3 3 4 6 3 0 8 8 8 3 11
split_gain=6242.96 1012.67 578.507 164.187 109.337 72.1938 69.0233 23.6816 20.9539 16.1264 15.7116 14.7807 13.1864 11.2241 10.9114 8.91881 8.73466 8.60453 7.51247 6.81914 6.79379 7.08854 6.69501 6.7566 6.48411 6.36582 5.82698 4.98231 4.92072 4.8727
threshold=12.15 3.8500000000000001 32.550000000000004 6.4500000000000011 2.7500000000000004 18.250000000000004 78.550000000000011 9.2500000000000018 5.2500000000000009 2.3500000000000001 1.5000000000000002 1.5000000000000002 3.1500000000000008 46.150000000000013 24.150000000000002 199.55000000000004 14.350000000000003 1.5000000000000002 3.5000000000000004 7.4500000000000011 4.2500000000000009 2.5000000000000004 0.82085561497326209 3.2500000000000004 5.5000000000000009 2.5000000000000004 1.5000000000000002 3.5000000000000004 1.5500000000000003 92.500000000000014
decision_type=2 2 2 2 2 2 2 2 2 2 2 2 2 2 2 2 2 2 2 2 2 2 2 2 2 2 2 2 2 2
left_child=1 4 5 8 9 16 13 19 11 28 22 -3 -12 -4 -7 -8 -2 -11 -9 -5 -13 -22 23 24 -6 -23 -20 -14 -1 -18
right_child=2 3 6 7 10 14 15 18 -10 17 12 20 27 -15 -16 -17 29 -19 26 -21 21 25 -24 -25 -26 -27 -28 -29 -30 -31
leaf_value=0.0076618089611800617 -0.0032226925269175839 -0.00087277653858281031 -0.0061276013295785059 -0.0007293125625035718 0.0023559769716897964 -0.0048103390716638505 -0.0073778652017011592 -0.00060178927841229672 -0.00014247083015320278 0.0044378434006354705 0.0056461221405438014 0.0020474759483622776 0.002666989451232261 -0.0067846512422142791 -0.0055555566854450763 -0.0078846333906270275 -0.0038232638948492415 0.0075485600565678495 -0.0040083714287658659 -0.0014986627113711475 0.00050786370917544536 0.00046719310233730294 0.00050161305935152113 0.0017018847607538877 0.0043123670693368185 0.002187438439412485 -0.0023003301706255768 0.0040696823224705622 0.006228844650427866 -0.0047375254484286608
leaf_weight=2602 20341 3251 39809 17436 3506 35025 84165 2210 23525 6917 2709 7352 5320 56763 35714 49720 23702 905 1932 25581 11893 2865 1643 4734 2698 5971 25837 3987 12604 6738
leaf_count=2602 20341 3251 39809 17436 3506 35025 84165 2210 23525 6917 2709 7352 5320 56763 35714 49720 23702 905 1932 25581 11893 2865 1643 4734 2698 5971 25837 3987 12604 6738
internal_value=-0.00393743 0.000684986 -0.00624194 -0.000705948 0.00441906 -0.00456704 -0.00712512 -0.00163792 0.000534184 0.00590465 0.00302822 0.00104224 0.00380406 -0.0065138 -0.00518658 -0.00756606 -0.00370401 0.00479775 -0.00228519 -0.00118682 0.00126394 0.000986045 0.00228723 0.00255545 0.00320677 0.00162966 -0.00241917 0.00326789 0.00647405 -0.00402564
internal_weight=527455 175478 351977 127853 47625 121520 230457 72996 54857 23028 24597 31332 12016 96572 70739 133885 50781 7822 29979 43017 28081 20729 12581 10938 6204 8836 27769 9307 15206 30440
internal_count=527455 175478 351977 127853 47625 121520 230457 72996 54857 23028 24597 31332 12016 96572 70739 133885 50781 7822 29979 43017 28081 20729 12581 10938 6204 8836 27769 9307 15206 30440
is_linear=0
shrinkage=0.03


Tree=25
num_leaves=31
num_cat=0
split_feature=3 3 3 3 3 3 3 3 3 4 3 4 3 3 3 4 4 3 4 10 3 3 6 3 3 9 6 9 4 9
split_gain=5907.49 964.829 538.097 156.442 103.345 72.4204 59.0706 22.9246 19.9332 15.0068 14.7233 14.0579 12.683 11.7273 8.98817 8.37239 8.29188 8.20754 7.19534 6.62959 7.01012 6.52398 6.40635 6.48757 6.26771 6.10702 5.98431 5.33843 5.41916 5.19708
threshold=12.15 3.8500000000000001 33.550000000000004 6.4500000000000011 2.7500000000000004 18.250000000000004 78.550000000000011 9.2500000000000018 5.2500000000000009 1.5000000000000002 2.3500000000000001 1.5000000000000002 3.1500000000000008 26.550000000000004 46.150000000000013 4.5000000000000009 1.5000000000000002 195.05000000000004 3.5000000000000004 1.5000000000000002 7.4500000000000011 4.4500000000000011 0.82085561497326209 3.2500000000000004 14.350000000000003 9.1500000000000004 0.8047619047619049 10.750000000000002 4.5000000000000009 6.3500000000000005
decision_type=2 2 2 2 2 2 2 2 2 2 2 2 2 2 2 2 2 2 2 2 2 2 2 2 2 2 2 2 2 2
left_child=1 4 5 8 10 15 14 19 11 22 -1 -3 -11 27 -4 -2 -12 -8 -9 -5 -21 -13 23 -6 -17 -20 -23 -7 -29 -14
right_child=2 3 6 7 9 13 17 18 -10 12 16 21 29 -15 -16 24 -18 -19 25 20 -22 26 -24 -25 -26 -27 -28 28 -30 -31
leaf_value=0.006301517292003264 -0.0024913389610786737 -0.00085087801888699679 -0.0059902073844717721 -0.0023419249555376607 0.0031373803307459015 -0.0053369968030623277 -0.0071590489492858031 -0.00058840738810025733 -0.00013876620289116434 0.0055257591931922884 0.004346494430645673 0.0017863616447499791 0.0025342611508229031 -0.0055728309608768043 -0.0065955946097495683 -0.0032969862944530674 0.007400174636537857 -0.0076418178482976339 -0.0029583448617596353 -0.00055038936690751943 -0.00136852013073845 0.0010378721834671588 0.00049008178134118355 0.00166275656986297 -0.0040237178689869766 -0.0020322935620670306 -0.00091086951726541726 -0.0015621403652119499 -0.0046510668302292271 0.0039558631544317595
leaf_weight=15206 5316 3251 36116 3857 6204 12106 82368 2210 23525 2709 6917 11393 4992 27955 56763 17150 905 51517 10037 15804 23356 15123 1643 4734 28315 17732 1565 519 33852 4315
leaf_count=15206 5316 3251 36116 3857 6204 12106 82368 2210 23525 2709 6917 11393 4992 27955 56763 17150 905 51517 10037 15804 23356 15123 1643 4734 28315 17732 1565 519 33852 4315
internal_value=-0.00382816 0.000668351 -0.0060699 -0.000689328 0.00431315 -0.00449135 -0.00694153 -0.00159905 0.000521202 0.00296097 0.00575746 0.00101673 0.0037192 -0.00508729 -0.00636019 -0.00361787 0.0046998 -0.00734481 -0.0022359 -0.00115523 -0.00103834 0.00123294 0.00223679 0.00249916 -0.00374959 -0.00236701 0.000855119 -0.00479524 -0.00460442 0.00319336
internal_weight=527455 175478 351977 127853 47625 125213 226764 72996 54857 24597 23028 31332 12016 74432 92879 50781 7822 133885 29979 43017 39160 28081 12581 10938 45465 27769 16688 46477 34371 9307
internal_count=527455 175478 351977 127853 47625 125213 226764 72996 54857 24597 23028 31332 12016 74432 92879 50781 7822 133885 29979 43017 39160 28081 12581 10938 45465 27769 16688 46477 34371 9307
is_linear=0
shrinkage=0.03


Tree=26
num_leaves=31
num_cat=0
split_feature=3 3 3 3 3 3 3 3 3 4 4 3 3 3 3 4 3 4 3 11 7 10 11 3 4 6 3 9 4 6
split_gain=5590.13 919.75 500.521 160.9 85.2091 63.7515 58.9129 22.187 21.8055 13.9458 13.056 14.2888 11.0748 10.6524 9.79528 7.93336 6.92083 6.89148 6.79289 6.59261 6.55912 6.4841 6.3618 6.35462 6.12657 6.07713 5.91253 5.89643 5.88777 5.76739
threshold=12.15 3.7500000000000004 32.550000000000004 6.4500000000000011 2.5500000000000003 18.250000000000004 67.050000000000011 9.2500000000000018 5.0500000000000007 1.5000000000000002 1.5000000000000002 3.1500000000000008 3.0500000000000003 121.95000000000002 22.550000000000004 4.5000000000000009 1.7500000000000002 3.5000000000000004 4.1500000000000012 28.500000000000004 13.500000000000002 3.5000000000000004 64.500000000000014 43.050000000000004 2.5000000000000004 0.35781671159029654 14.350000000000003 4.7500000000000009 1.5000000000000002 0.34400614754098363
decision_type=2 2 2 2 2 2 2 2 2 2 2 2 2 2 2 2 2 2 2 2 2 2 2 2 2 2 2 2 2 2
left_child=1 4 5 8 16 15 23 19 9 -3 12 -12 -6 -8 -7 -2 -1 -9 -11 20 -5 -21 -10 -4 -20 -26 -17 -19 -18 -24
right_child=2 3 6 7 10 14 13 17 22 18 11 -13 -14 -15 -16 26 28 27 24 21 -22 -23 29 -25 25 -27 -28 -29 -30 -31
leaf_value=0.0068014680795023957 -0.0024370693755136385 -0.00055636203284360774 -0.0057420253624292277 -0.00063106523973769269 0.0034231040980281626 -0.0044712117708895147 -0.0067556755242333608 -0.00057533192135629605 0.00027077473623204098 0.0021676196632229895 0.0056714483820710761 0.0033071364458235881 0.0018082220889934007 -0.007275090205310468 -0.0052003651334938767 -0.0032222937086059467 0.0053989033753804811 -0.0033968152023363305 0.00065857847954364529 -0.0021483618413529744 -0.0055626387312644864 -0.0011077727449325242 8.8332381284628576e-06 -0.0062864958164717587 0.0028398953018089132 0.0010299925751029589 -0.0039281333851325893 -0.002139163630365351 0.0087541028359507927 -0.0015269479457777574
leaf_weight=5209 5316 3828 32159 18240 8171 26535 57783 2210 19004 7182 3307 7559 7181 92296 44204 17150 13288 3904 11562 7995 246 16536 4748 48219 2880 3973 28315 23865 488 4102
leaf_count=5209 5316 3828 32159 18240 8171 26535 57783 2210 19004 7182 3307 7559 7181 92296 44204 17150 13288 3904 11562 7995 246 16536 4748 48219 2880 3973 28315 23865 488 4102
internal_value=-0.0037219 0.000652169 -0.00590259 -0.000627206 0.00433933 -0.00434466 -0.00672408 -0.00156114 0.000562996 0.00113249 0.00323095 0.0040267 0.00266773 -0.00707511 -0.00492685 -0.00353366 0.00586998 -0.00218766 0.00138506 -0.00112452 -0.000696692 -0.00144692 -3.86227e-05 -0.00606865 0.00107986 0.00179061 -0.00366188 -0.00231597 0.00551776 -0.000703006
internal_weight=527455 175478 351977 130275 45203 121520 230457 72996 57279 29425 26218 10866 15352 150079 70739 50781 18985 29979 25597 43017 18486 24531 27854 80378 18415 6853 45465 27769 13776 8850
internal_count=527455 175478 351977 130275 45203 121520 230457 72996 57279 29425 26218 10866 15352 150079 70739 50781 18985 29979 25597 43017 18486 24531 27854 80378 18415 6853 45465 27769 13776 8850
is_linear=0
shrinkage=0.03


Tree=27
num_leaves=31
num_cat=0
split_feature=7 9 9 7 9 7 9 7 11 7 9 6 7 5 9 7 5 7 2 7 9 9 11 7 5 9 6 7 6 2
split_gain=1801.29 384.4 337.593 135.144 120.326 65.3765 62.0608 45.9433 43.186 40.4717 38.9727 36.5418 27.4833 37.2547 27.9922 25.956 24.4846 23.5949 23.1741 21.4942 18.7045 17.8615 13.6581 13.2725 13.8423 12.2035 12.1479 11.6377 11.2039 10.2429
threshold=5.5000000000000009 50.050000000000004 9.5500000000000025 1.5000000000000002 7.5500000000000007 3.5000000000000004 30.550000000000004 1.5000000000000002 134.50000000000003 3.5000000000000004 4.6500000000000012 0.67006802721088443 6.5000000000000009 1.0000000180025095e-35 18.350000000000005 10.500000000000002 7.5000000000000009 9.5000000000000018 53.500000000000007 4.5000000000000009 3.7500000000000004 2.9500000000000006 84.500000000000014 1.5000000000000002 7.5000000000000009 3.0500000000000003 0.15849282296650721 11.500000000000002 0.28416149068322988 59.250000000000007
decision_type=2 2 2 2 2 2 2 2 2 2 2 2 2 2 2 2 2 2 2 2 2 2 2 2 2 2 2 2 2 2
left_child=2 4 3 11 15 8 7 -4 10 16 -5 22 -6 18 -15 20 -9 -3 -14 23 -2 -13 -1 -8 -25 -7 -19 -16 -22 -18
right_child=1 17 6 5 12 25 19 9 -10 -11 -12 21 13 14 27 -17 29 26 -20 -21 28 -23 -24 24 -26 -27 -28 -29 -30 -31
leaf_value=-0.0021638309560942886 -0.00053387296860458403 -0.005655344804241646 -0.0042544059346591584 0.0025959854079406226 -0.0033538485706861095 0.001087229913607756 -0.0053033668133599752 0.00032951500127074903 -0.0029521751093108898 -0.0024326891358590979 0.00072435163845085753 0.00080144536412292086 -0.0055126821728505113 -0.0042838067715014159 -0.0050037828215783687 -0.0039509271261740711 -0.0019056470891342663 -0.0067433568202585779 -0.0037208310484862176 -0.004695479968093122 -0.0033689643169023606 -0.0016714337059679243 -0.0041614450583245081 -0.0020673214540159563 -0.0036954010598513752 -0.00069747272721422903 -0.0059437857406298873 -0.0058673601662810439 -0.0018665740522130479 0.0024726535106944563
leaf_weight=13169 6078 45284 6882 19912 19177 4040 2142 10892 1919 25751 20141 5470 7439 41495 43291 7937 10077 58081 51240 11114 7287 5061 4021 10277 8661 23540 24238 20789 11545 505
leaf_count=13169 6078 45284 6882 19912 19177 4040 2142 10892 1919 25751 20141 5470 7439 41495 43291 7937 10077 58081 51240 11114 7287 5061 4021 10277 8661 23540 24238 20789 11545 505
internal_value=-0.00361862 -0.00489954 -0.00121913 -7.34814e-06 -0.00412911 0.000698601 -0.00258497 -0.00196441 0.00144418 -0.0016307 0.00165482 -0.00177858 -0.00442855 -0.00455402 -0.00489085 -0.00245693 -0.000668969 -0.00620536 -0.00394799 -0.00362792 -0.0019809 -0.000386974 -0.0026311 -0.00306506 -0.0028119 -0.000436044 -0.00650793 -0.00528395 -0.00244792 -0.0016967
internal_weight=527455 343881 183574 97273 216278 69552 86301 54107 41972 47225 40053 27721 183431 164254 105575 32847 21474 127603 58679 32194 24910 10531 17190 21080 18938 27580 82319 64080 18832 10582
internal_count=527455 343881 183574 97273 216278 69552 86301 54107 41972 47225 40053 27721 183431 164254 105575 32847 21474 127603 58679 32194 24910 10531 17190 21080 18938 27580 82319 64080 18832 10582
is_linear=0
shrinkage=0.03


Tree=28
num_leaves=31
num_cat=0
split_feature=3 3 3 3 3 3 3 3 3 4 4 3 3 3 4 4 6 3 6 0 4 3 10 9 3 3 11 9 3 11
split_gain=5143.85 859.016 442.82 149.835 79.2727 68.4248 41.1133 21.5308 20.1845 14.5636 13.2582 12.129 10.8697 9.29566 8.68687 7.75135 7.09182 7.00003 6.62367 6.95968 6.57732 6.29402 6.26328 6.22861 6.1728 5.68001 5.61103 6.00239 5.49635 5.26808
threshold=12.15 3.7500000000000004 28.450000000000003 6.4500000000000011 2.7500000000000004 61.45000000000001 17.350000000000005 9.2500000000000018 5.0500000000000007 1.5000000000000002 1.5000000000000002 2.3500000000000001 117.35000000000001 3.1500000000000008 4.5000000000000009 1.5000000000000002 0.31072796934865904 43.050000000000004 0.82085561497326209 5.5000000000000009 3.5000000000000004 4.5500000000000007 2.5000000000000004 9.1500000000000004 2.9500000000000006 7.6500000000000012 64.500000000000014 12.350000000000003 22.550000000000004 69.500000000000014
decision_type=2 2 2 2 2 2 2 2 2 2 2 2 2 2 2 2 2 2 2 2 2 2 2 2 2 2 2 2 2 2
left_child=1 4 6 8 11 17 -2 22 10 18 -3 -1 -7 -11 -8 -13 -12 -4 19 -6 -9 -18 29 -22 -21 -24 -10 -28 -16 -5
right_child=2 3 5 7 9 12 14 20 26 13 16 15 -14 -15 28 -17 21 -19 -20 24 23 -23 25 -25 -26 -27 27 -29 -30 -31
leaf_value=0.0059649193000492311 -0.00329270495487612 -0.00051170261302338124 -0.0053911600537130504 -0.0012459603768984475 0.0018464748911196137 -0.0063746496905310547 -0.0017045583445014375 -0.0005047587094263793 0.00029881916433679404 0.0052937457826842498 0.0020980902458939215 0.0041695498218938965 -0.006880724003419666 0.0032455686692807358 -0.0042696530009804015 0.007122020999371018 0.0014982064793529228 -0.0059319212766189558 0.00043380654583412433 0.0052675871130298162 -0.0028024554472942569 0.00032624466958147116 -0.00045153402482445458 -0.0018672302627325487 0.0027405679692072329 -0.0012204603264789255 -0.0013955765309141257 0.00016700383627444389 -0.0048447516890781509 -0.0028534694703851952
leaf_weight=15206 44456 3828 48133 5625 5904 63549 990 2210 19004 2709 8363 6917 95748 7559 32078 905 10399 39001 1578 1190 10037 6835 16479 17732 3235 18190 4433 4417 28022 2723
leaf_count=15206 44456 3828 48133 5625 5904 63549 990 2210 19004 2709 8363 6917 95748 7559 32078 905 10399 39001 1578 1190 10037 6835 16479 17732 3235 18190 4433 4417 28022 2723
internal_value=-0.0035209 0.00067494 -0.00561273 -0.000561473 0.00423828 -0.00630912 -0.00398679 -0.00146272 0.000587075 0.00295803 0.001135 0.00547111 -0.00667883 0.00378594 -0.00449188 0.00451115 0.00138126 -0.0056332 0.00224408 0.00252065 -0.00207991 0.00103341 -0.0010326 -0.00220526 0.00342015 -0.000854971 8.25104e-06 -0.000615699 -0.0045378 -0.00177031
internal_weight=527455 175478 351977 130275 45203 246431 105546 72996 57279 22175 29425 23028 159297 10268 61090 7822 25597 87134 11907 10329 29979 17234 43017 27769 4425 34669 27854 8850 60100 8348
internal_count=527455 175478 351977 130275 45203 246431 105546 72996 57279 22175 29425 23028 159297 10268 61090 7822 25597 87134 11907 10329 29979 17234 43017 27769 4425 34669 27854 8850 60100 8348
is_linear=0
shrinkage=0.03


Tree=29
num_leaves=31
num_cat=0
split_feature=3 3 3 3 3 3 3 3 4 4 3 3 3 3 4 4 4 6 11 3 10 6 0 1 11 4 3 6 7 10
split_gain=4868.64 779.787 458.294 127.169 74.9086 63.0176 48.6571 33.1741 13.9071 11.0898 11.0506 10.1823 9.97582 8.94922 8.22475 8.14603 7.4695 7.0949 9.87015 6.59161 6.52108 6.33869 6.68425 6.30994 6.12194 6.09927 5.95398 5.76611 5.74645 5.38499
threshold=11.550000000000002 3.7500000000000004 28.450000000000003 5.5500000000000007 2.7500000000000004 61.45000000000001 17.350000000000005 7.6500000000000012 1.5000000000000002 1.5000000000000002 2.3500000000000001 4.4500000000000011 121.95000000000002 3.1500000000000008 4.5000000000000009 4.5000000000000009 1.5000000000000002 0.29478609625668456 98.500000000000014 37.150000000000013 1.5000000000000002 0.82085561497326209 5.5000000000000009 8.5000000000000018 113.50000000000001 3.5000000000000004 2.9500000000000006 0.056079664570230614 5.5000000000000009 2.5000000000000004
decision_type=2 2 2 2 2 2 2 2 2 2 2 2 2 2 2 2 2 2 2 2 2 2 2 2 2 2 2 2 2 2
left_child=1 4 6 9 10 19 15 17 21 -3 -1 -11 -7 -10 -8 27 -12 -5 -19 -4 -9 22 -6 29 25 -22 -24 -2 -26 -13
right_child=2 3 5 7 8 12 14 20 13 11 16 23 -14 -15 -16 -17 -18 18 -20 -21 24 -23 26 -25 28 -27 -28 -29 -30 -31
leaf_value=0.0058066901873097152 -0.00099145061970717279 -0.0005689047758211627 -0.0051345320354468024 3.4705423549511863e-05 0.0018046008527460621 -0.0062059956292303932 -0.0016673679821418992 -0.0028384593795960948 0.005180894565476663 0.0017646702878887581 0.0040837235057889958 9.6049942251927444e-05 -0.0066869094658036279 0.0031712456400202985 -0.0044242166019170335 -0.0032663621215510883 0.0069820202244908766 -0.00056198965909395426 -0.0024282418463567701 -0.0056775830627767291 -0.00039422611910772522 0.00042384381813241503 0.0051612172797948375 0.00011344810050500322 -0.0040587046600017327 -0.0015435750343597949 0.0026793944194475317 -0.002831408032032471 -0.0019323075190006565 0.0014777609152411091
leaf_weight=15206 2483 3982 31515 15261 5904 67001 990 3875 2709 13141 6917 3392 92296 7559 60100 43765 905 19967 2924 55619 4820 1578 1190 9273 1402 30139 3235 4006 6211 10090
leaf_count=15206 2483 3982 31515 15261 5904 67001 990 3875 2709 13141 6917 3392 92296 7559 60100 43765 905 19967 2924 55619 4820 1578 1190 9273 1402 30139 3235 4006 6211 10090
internal_value=-0.00342318 0.000762079 -0.0054081 -0.000463476 0.00413693 -0.00612983 -0.00381074 -0.00112182 0.00289242 0.00093316 0.00533535 0.00109979 -0.00648464 0.00370145 -0.00437954 -0.00311929 0.00441905 -0.00046634 -0.000800377 -0.00548117 -0.00166023 0.00219475 0.0024653 0.000715817 -0.00155299 -0.00138511 0.00334682 -0.00212735 -0.0023239 0.00113013
internal_weight=527455 169680 357775 124477 45203 246431 111344 84599 22175 39878 23028 35896 159297 10268 61090 50254 7822 38152 22891 87134 46447 11907 10329 22755 42572 34959 4425 6489 7613 13482
internal_count=527455 169680 357775 124477 45203 246431 111344 84599 22175 39878 23028 35896 159297 10268 61090 50254 7822 38152 22891 87134 46447 11907 10329 22755 42572 34959 4425 6489 7613 13482
is_linear=0
shrinkage=0.03


Tree=30
num_leaves=31
num_cat=0
split_feature=3 3 3 3 3 3 3 3 4 10 3 3 3 3 4 4 4 6 10 6 4 3 6 9 1 3 4 3 4 3
split_gain=4608.57 742.795 426.97 121.07 70.7314 67.3358 38.1677 31.6985 13.2802 10.7273 10.037 9.1573 8.61552 8.1072 7.83849 7.19786 7.18979 6.72488 6.33625 6.06598 5.64999 8.80548 5.52091 5.57722 5.27456 6.54805 4.92384 4.37893 4.32599 4.4988
threshold=11.550000000000002 3.7500000000000004 26.550000000000004 5.5500000000000007 2.7500000000000004 61.45000000000001 15.850000000000003 7.6500000000000012 1.5000000000000002 2.5000000000000004 2.3500000000000001 142.55000000000004 3.1500000000000008 37.150000000000013 6.5000000000000009 1.5000000000000002 4.5000000000000009 0.29478609625668456 3.5000000000000004 0.82085561497326209 1.5000000000000002 4.1500000000000012 0.056079664570230614 6.7500000000000009 9.5000000000000018 2.9500000000000006 3.5000000000000004 9.4500000000000011 1.5000000000000002 4.8500000000000005
decision_type=2 2 2 2 2 2 2 2 2 2 2 2 2 2 2 2 2 2 2 2 2 2 2 2 2 2 2 2 2 2
left_child=1 4 6 9 10 13 16 17 19 28 -1 -7 -10 -4 -8 -12 22 -5 -9 24 -11 -22 23 -2 -6 -26 -24 -20 -3 -30
right_child=2 3 5 7 8 11 14 18 12 20 15 -13 -14 -15 -16 -17 -18 -19 27 -21 21 -23 26 -25 25 -27 -28 -29 29 -31
leaf_value=0.0056513095741843903 -0.0055458932152161232 -0.0015859686189904408 -0.0049614691871858532 3.3795210591978566e-05 0.0018901970311609238 -0.0060719783072812677 -0.0036307041159142047 -0.0021924781421973731 0.0050704491333179958 -9.2292360259472729e-05 0.0039996638922948479 -0.006526944349494199 0.0030986245562986399 -0.0055222735788418844 -0.004323329456218856 0.0068447713930962486 -0.0030579328693084362 -0.00077921915339963224 -0.0010796580809128769 0.00041410994110451898 0.0024402227431718137 0.0010674148092450941 0.00020312078018900766 -0.00022556198940754669 0.0054091970157258366 0.0025670680381788265 -0.0030507791724809501 -0.0017637483782089632 0.00082886101292083971 -0.00053830808834750708
leaf_weight=15206 195 1233 39803 15261 6494 80831 22762 12692 2709 2749 6917 78466 7559 55619 41547 905 32934 22891 17643 1578 5228 21492 482 1957 980 2855 3179 16112 5671 3505
leaf_count=15206 195 1233 39803 15261 6494 80831 22762 12692 2709 2749 6917 78466 7559 55619 41547 905 32934 22891 17643 1578 5228 21492 482 1957 980 2855 3179 16112 5671 3505
internal_value=-0.00332819 0.000743749 -0.00525936 -0.000452384 0.00403758 -0.00591857 -0.00363003 -0.00109474 0.00282826 0.000910348 0.0052021 -0.00629608 0.00361885 -0.00528835 -0.00407818 0.00432884 -0.00288625 -0.000454009 -0.00162105 0.0021465 0.00120278 0.00133602 -0.00191354 -0.000707655 0.00241117 0.00329335 -0.00262238 -0.00140619 8.2448e-05 0.000306637
internal_weight=527455 169680 357775 124477 45203 254719 103056 84599 22175 39878 23028 159297 10268 95422 64309 7822 38747 38152 46447 11907 29469 26720 5813 2152 10329 3835 3661 33755 10409 9176
internal_count=527455 169680 357775 124477 45203 254719 103056 84599 22175 39878 23028 159297 10268 95422 64309 7822 38747 38152 46447 11907 29469 26720 5813 2152 10329 3835 3661 33755 10409 9176
is_linear=0
shrinkage=0.03


Tree=31
num_leaves=31
num_cat=0
split_feature=3 3 3 3 3 3 3 3 3 4 4 3 3 3 3 4 9 4 4 10 6 0 9 3 3 4 8 9 4 6
split_gain=4361.89 707.349 397.55 115.736 66.6957 61.9926 35.9854 17.4721 15.1289 12.6822 11.4584 9.07078 8.45816 8.29409 7.50826 7.36025 7.02473 6.93605 6.82776 6.38087 5.80471 6.24949 5.70819 5.57073 5.39579 5.9394 5.64877 5.24626 5.20784 5.14855
threshold=11.550000000000002 3.7500000000000004 26.550000000000004 6.4500000000000011 2.7500000000000004 61.45000000000001 15.850000000000003 4.9500000000000011 8.2500000000000018 1.5000000000000002 1.5000000000000002 2.3500000000000001 117.35000000000001 3.1500000000000008 37.150000000000013 6.5000000000000009 19.850000000000005 1.5000000000000002 4.5000000000000009 1.5000000000000002 0.82085561497326209 5.5000000000000009 13.350000000000003 3.1500000000000008 4.0500000000000007 2.5000000000000004 1.5000000000000002 7.1500000000000012 3.5000000000000004 0.8047619047619049
decision_type=2 2 2 2 2 2 2 2 2 2 2 2 2 2 2 2 2 2 2 2 2 2 2 2 2 2 2 2 2 2
left_child=1 4 6 7 11 14 16 10 27 20 -3 -1 -7 -11 -4 -8 28 -13 -18 -10 21 -6 29 -23 -12 -26 -27 -5 -2 -9
right_child=2 3 5 8 9 12 15 22 19 13 24 17 -14 -15 -16 -17 18 -19 -20 -21 -22 23 -24 -25 25 26 -28 -29 -30 -31
leaf_value=0.0054976718382856293 -4.8060281479612307e-05 -0.00044249213684392752 -0.0048315208946056523 -0.001315050458851746 0.0017193265175976889 -0.0058446925684091456 -0.0035440438228917345 -0.00010009590522748197 -0.0030014276912501458 0.0049623581602063821 0.0021804087298997439 0.0039173344784998315 -0.0062911127621980518 0.0030276665127786763 -0.0053712125429336548 -0.0042152072022611786 -0.00096216021858273448 0.0067102205868584015 -0.0026201894868315792 -0.0015730433408347958 0.00040459956393042439 0.0042761924512246079 0.00060357880354197212 0.0021473137074345659 0.00071138199051741491 -0.00010892921036039329 0.0022687532896172704 -0.00048870728588966449 -0.0032402112767807279 -0.0017416461044581148
leaf_weight=15206 470 3769 39803 10792 5904 63549 22762 17247 3068 2709 5313 6917 95748 7559 55619 41547 2658 905 14056 34092 1578 2210 10612 2215 12220 1091 5117 19246 21563 1910
leaf_count=15206 470 3769 39803 10792 5904 63549 22762 17247 3068 2709 5313 6917 95748 7559 55619 41547 2658 905 14056 34092 1578 2210 10612 2215 12220 1091 5117 19246 21563 1910
internal_value=-0.00323592 0.000725542 -0.0051147 -0.000441702 0.00393982 -0.00575079 -0.00354251 0.00054911 -0.00128626 0.00276551 0.00109416 0.00507063 -0.00611302 0.00353809 -0.00514609 -0.00397765 -0.0028203 0.00424047 -0.00235652 -0.00169097 0.00209927 0.00235817 4.54258e-05 0.00321055 0.00133811 0.00109526 0.0018509 -0.000785594 -0.00317212 -0.000263762
internal_weight=527455 169680 357775 124477 45203 254719 103056 57279 67198 22175 27510 23028 159297 10268 95422 64309 38747 7822 16714 37160 11907 10329 29769 4425 23741 18428 6208 30038 22033 19157
internal_count=527455 169680 357775 124477 45203 254719 103056 57279 67198 22175 27510 23028 159297 10268 95422 64309 38747 7822 16714 37160 11907 10329 29769 4425 23741 18428 6208 30038 22033 19157
is_linear=0
shrinkage=0.03


Tree=32
num_leaves=31
num_cat=0
split_feature=3 3 3 3 3 3 3 3 3 4 4 3 3 3 3 4 9 4 4 4 9 3 10 6 3 3 4 0 5 11
split_gain=4128.22 673.503 370.092 101.749 72.2781 57.0537 33.9222 14.5939 14.5894 11.3713 10.8635 10.1598 8.15914 7.78346 6.9518 6.91055 6.68412 6.68373 6.50795 5.78628 6.12949 5.73352 5.68171 5.47935 5.57533 5.41912 4.97036 4.81613 4.76517 4.48011
threshold=11.550000000000002 3.8500000000000001 26.550000000000004 6.4500000000000011 2.7500000000000004 61.45000000000001 15.850000000000003 5.2500000000000009 9.0500000000000025 1.5000000000000002 1.5000000000000002 3.2500000000000004 2.3500000000000001 165.75000000000003 37.150000000000013 6.5000000000000009 19.850000000000005 1.5000000000000002 4.5000000000000009 2.5000000000000004 9.1500000000000004 4.6500000000000012 2.5000000000000004 0.76696832579185525 3.2500000000000004 4.2500000000000009 3.5000000000000004 5.5000000000000009 7.5000000000000009 117.50000000000001
decision_type=2 2 2 2 2 2 2 2 2 2 2 2 2 2 2 2 2 2 2 2 2 2 2 2 2 2 2 2 2 2
left_child=1 4 6 7 12 14 16 10 22 23 -3 -11 -1 -7 -4 -8 26 -14 -18 25 21 -21 -5 24 27 -12 -2 -6 -13 -24
right_child=2 3 5 8 9 13 15 -9 -10 11 19 28 17 -15 -16 -17 18 -19 -20 20 -22 -23 29 -25 -26 -27 -28 -29 -30 -31
leaf_value=0.0053462569417734385 -4.7106210221635529e-05 -0.0007321212173278279 -0.004704976146599666 -0.0016186946466328486 0.0020981058592607895 -0.0057605547206120537 -0.0034594520014939768 -7.9061392111175242e-05 -0.0018027116765461442 0.0045842962945416548 0.0015105992142388624 0.0032087242898325907 0.0038366998005881898 -0.0061869625033158931 -0.0052242837669696403 -0.0041097889770556981 -0.00094221115381400156 0.0065783147069301395 -0.0025609444189704338 0.0021838030478445554 0.002538788681134445 0.00028364840841494531 -0.00055410027272479844 0.00052349987084215335 0.0014558779434158005 0.00040386520938196505 -0.0031656261511074117 0.0038111540392741566 0.0017050454863787928 -0.0014498525677188749
leaf_weight=15206 470 3251 39803 7934 3391 94024 22762 23525 26543 3646 5986 5465 6917 65273 55619 41547 2658 905 14056 2390 4257 3555 26521 1980 4593 11893 21563 2617 2905 6200
leaf_count=15206 470 3251 39803 7934 3391 94024 22762 23525 26543 3646 5986 5465 6917 65273 55619 41547 2658 905 14056 2390 4257 3555 26521 1980 4593 11893 21563 2617 2905 6200
internal_value=-0.00314629 0.000707605 -0.00497405 -0.00047303 0.00373338 -0.00558778 -0.00345712 0.000485642 -0.00125564 0.00260255 0.000909638 0.00326258 0.00494125 -0.00593528 -0.00500767 -0.0038796 -0.00275592 0.0041539 -0.00230352 0.00109971 0.0016698 0.00104755 -0.000898465 0.00197217 0.00224274 0.000774407 -0.0030991 0.00284429 0.00268684 -0.000723828
internal_weight=527455 169680 357775 122055 47625 254719 103056 54857 67198 24597 31332 12016 23028 159297 95422 64309 38747 7822 16714 28081 10202 5945 40655 12581 10601 17879 22033 6008 8370 32721
internal_count=527455 169680 357775 122055 47625 254719 103056 54857 67198 24597 31332 12016 23028 159297 95422 64309 38747 7822 16714 28081 10202 5945 40655 12581 10601 17879 22033 6008 8370 32721
is_linear=0
shrinkage=0.03


Tree=33
num_leaves=31
num_cat=0
split_feature=3 3 3 3 3 3 3 3 4 10 3 3 3 4 4 3 9 6 11 4 11 10 11 6 0 3 1 6 4 4
split_gain=3906.92 641.435 344.478 105.302 59.0546 52.491 31.9754 28.1148 11.5856 10.0897 7.72548 7.32087 7.25818 6.48774 6.44055 6.43491 6.35998 6.25508 9.25658 6.20308 6.13736 5.78477 6.94441 5.34233 5.84257 5.36604 5.00327 5.42451 4.74371 4.71355
threshold=11.550000000000002 3.7500000000000004 26.550000000000004 5.5500000000000007 2.7500000000000004 61.45000000000001 15.850000000000003 7.6500000000000012 1.5000000000000002 2.5000000000000004 3.1500000000000008 2.3500000000000001 103.05000000000001 6.5000000000000009 1.5000000000000002 37.150000000000013 19.850000000000005 0.29478609625668456 98.500000000000014 4.5000000000000009 68.500000000000014 3.5000000000000004 85.500000000000014 0.82085561497326209 5.5000000000000009 2.9500000000000006 8.5000000000000018 0.54226190476190483 3.5000000000000004 2.5000000000000004
decision_type=2 2 2 2 2 2 2 2 2 2 2 2 2 2 2 2 2 2 2 2 2 2 2 2 2 2 2 2 2 2
left_child=1 4 6 9 11 15 16 17 23 20 -10 -1 -7 -8 -13 -4 28 -5 -19 -18 -3 22 -9 24 -6 -26 29 -28 -2 -11
right_child=2 3 5 7 8 12 13 21 10 26 -12 14 -14 -15 -16 -17 19 18 -20 -21 -22 -23 -24 -25 25 -27 27 -29 -30 -31
leaf_value=0.0051985469742334397 -4.6171129383939376e-05 0.00052466468817426637 -0.00458174580601871 5.3265585467228137e-05 0.0016397394412537899 -0.0054705092181856624 -0.0033768792903708213 -0.0017169826870201198 0.0047588441789084227 0.0010660756178733077 0.0028916466249125175 0.0037577249154554068 -0.0059030514622445129 -0.0040070071614591715 0.0064490017194444955 -0.0050813742161995232 -0.00092267567060601904 -0.00049997774067570791 -0.0023072926127307228 -0.002503038946206283 -0.0010631913052221232 -0.0013109858236548071 -0.0034884011708109629 0.00038328503361219688 0.0048040817009300744 0.0024479785382839772 0.0010137338579254821 -0.00049182006418386473 -0.0030927579021628555 0.0020796363489447704
leaf_weight=15206 470 7274 39803 15261 5904 51684 22762 10218 2709 10669 7559 6917 107613 41547 905 55619 2658 19967 2924 14056 3135 33755 2474 1578 1190 3235 9256 2807 21563 6737
leaf_count=15206 470 7274 39803 15261 5904 51684 22762 10218 2709 10669 7559 6917 107613 41547 905 55619 2658 19967 2924 14056 3135 33755 2474 1578 1190 3235 9256 2807 21563 6737
internal_value=-0.00305919 0.000689982 -0.00483729 -0.000421549 0.00375084 -0.0054294 -0.00337379 -0.00102062 0.00264584 0.000849349 0.00338427 0.00481491 -0.00576271 -0.00378398 0.0040691 -0.00487297 -0.00269301 -0.000417192 -0.000730837 -0.00225172 4.64316e-05 -0.00151628 -0.00206228 0.00200906 0.00225744 0.0030816 0.00113296 0.000663399 -0.00302777 0.00145837
internal_weight=527455 169680 357775 124477 45203 254719 103056 84599 22175 39878 10268 23028 159297 64309 7822 95422 38747 38152 22891 16714 10409 46447 12692 11907 10329 4425 29469 12063 22033 17406
internal_count=527455 169680 357775 124477 45203 254719 103056 84599 22175 39878 10268 23028 159297 64309 7822 95422 38747 38152 22891 16714 10409 46447 12692 11907 10329 4425 29469 12063 22033 17406
is_linear=0
shrinkage=0.03


Tree=34
num_leaves=31
num_cat=0
split_feature=3 3 3 3 3 3 3 3 3 4 4 3 3 3 4 4 9 3 4 6 11 9 10 11 6 9 6 3 3 6
split_gain=3697.72 610.951 320.584 92.5826 64.0453 48.2753 30.1387 13.8769 13.2583 10.4452 10.2588 9.45674 6.74707 6.55569 6.20618 6.09022 6.05151 5.97994 5.91246 5.57888 6.9746 5.44212 5.37442 5.56592 8.45493 5.22044 5.04589 5.26819 4.83645 6.74742
threshold=11.550000000000002 3.8500000000000001 26.550000000000004 6.4500000000000011 2.7500000000000004 61.45000000000001 15.850000000000003 9.0500000000000025 5.2500000000000009 1.5000000000000002 1.5000000000000002 3.3500000000000001 199.55000000000004 2.3500000000000001 1.5000000000000002 6.5000000000000009 19.850000000000005 43.050000000000004 4.5000000000000009 0.30839160839160845 84.500000000000014 6.3500000000000005 1.5000000000000002 117.50000000000001 0.18257575757575759 20.250000000000004 0.76696832579185525 3.2500000000000004 4.6500000000000012 0.8047619047619049
decision_type=2 2 2 2 2 2 2 2 2 2 2 2 2 2 2 2 2 2 2 2 2 2 2 2 2 2 2 2 2 2
left_child=1 4 6 8 13 17 16 22 10 26 -3 -11 -7 -1 -15 -8 -2 -4 -18 -12 25 -13 -5 -24 -25 28 27 -6 -21 -30
right_child=2 3 5 7 9 12 15 -9 -10 11 19 21 -14 14 -16 -17 18 -19 -20 20 -22 -23 23 24 -26 -27 -28 -29 29 -31
leaf_value=0.0050548258398553179 -0.0029580773155303904 -0.00072833989884661958 -0.0045444376089802743 -0.0019474954616361013 0.0027305325080011879 -0.0054636432459993171 -0.0032962774642007584 -0.0017315970453694847 -7.5296191885418137e-05 0.0041892457159570474 0.0016472706896813226 0.0016866691308394933 -0.005885007354064469 0.0036803756805493062 0.0063222308160521042 -0.0039067958130613711 -0.00090354526184213354 -0.0050275362325038347 -0.0024464427489166102 0.0012896130344806573 -0.00059294459883306851 0.0033155638772763901 -0.0005688543393736398 -0.00079687981381897663 -0.0030913427804032832 0.0026185076338714201 0.00049595390124754473 0.0013809109892353054 0.00056560359750050439 -0.0023885456915967952
leaf_weight=15206 22033 3251 56421 3653 6008 109577 22762 26543 23525 4612 9413 3895 49720 6917 905 41547 2658 39001 14056 8190 2928 3509 30336 4547 2119 1613 1980 4593 5132 805
leaf_count=15206 22033 3251 56421 3653 6008 109577 22762 26543 23525 4612 9413 3895 49720 6917 905 41547 2658 39001 14056 8190 2928 3509 30336 4547 2119 1613 1980 4593 5132 805
internal_value=-0.00297447 0.000672949 -0.0047043 -0.000451524 0.00355479 -0.00527551 -0.00329248 -0.00119805 0.000462948 0.00249031 0.000867077 0.00312289 -0.00559516 0.00469179 0.00398604 -0.0036907 -0.00263154 -0.00474189 -0.00220108 0.00105178 0.000751518 0.00245866 -0.000849709 -0.000741331 -0.00152625 0.00100162 0.00188614 0.00214579 0.000817005 0.000165049
internal_weight=527455 169680 357775 122055 47625 254719 103056 67198 54857 24597 31332 12016 159297 23028 7822 64309 38747 95422 16714 28081 18668 7404 40655 37002 6666 15740 12581 10601 14127 5937
internal_count=527455 169680 357775 122055 47625 254719 103056 67198 54857 24597 31332 12016 159297 23028 7822 64309 38747 95422 16714 28081 18668 7404 40655 37002 6666 15740 12581 10601 14127 5937
is_linear=0
shrinkage=0.03


Tree=35
num_leaves=31
num_cat=0
split_feature=3 3 3 3 3 3 3 3 3 4 4 3 3 3 4 10 4 4 3 4 8 3 11 4 5 3 1 3 1 11
split_gain=3499.55 581.703 298.288 88.2474 60.3467 44.3834 28.3995 13.4758 12.618 9.98035 9.75896 9.08715 6.26906 5.85898 5.9803 5.82692 5.75754 5.74857 5.59798 5.39213 6.63861 5.10972 4.93203 5.99867 5.5117 4.87652 4.67106 4.58875 5.27732 4.71554
threshold=11.550000000000002 3.8500000000000001 26.550000000000004 6.4500000000000011 2.7500000000000004 61.45000000000001 15.850000000000003 8.2500000000000018 5.2500000000000009 1.5000000000000002 1.5000000000000002 3.2500000000000004 103.05000000000001 2.3500000000000001 1.5000000000000002 1.5000000000000002 4.5000000000000009 7.5000000000000009 37.150000000000013 2.5000000000000004 1.5000000000000002 4.2500000000000009 106.50000000000001 3.5000000000000004 6.5000000000000009 4.1500000000000012 10.500000000000002 3.0500000000000003 9.5000000000000018 321.50000000000006
decision_type=2 2 2 2 2 2 2 2 2 2 2 2 2 2 2 2 2 2 2 2 2 2 2 2 2 2 2 2 2 2
left_child=1 4 6 8 13 18 16 -5 10 27 -3 -11 -7 -1 -15 -9 26 -8 -4 21 -21 -12 23 24 -17 -22 -2 28 -6 -29
right_child=2 3 5 7 9 12 17 15 -10 11 19 -13 -14 14 -16 22 -18 -19 -20 20 25 -23 -24 -25 -26 -27 -28 29 -30 -31
leaf_value=0.0049150670874754518 -0.0011903737018701067 -0.00071006534962021945 -0.0043427174362549751 -0.00069737463547605769 0.0018329526212545904 -0.0051609282544224809 -0.0033798015070228091 -0.0028041383083982603 -7.3338337481718632e-05 0.0043032446026278932 0.0014269864805119912 0.0025087419635078812 -0.0055629187427204217 0.0036046186087792262 0.0061979517011352663 0.0011255991290696295 -0.0027252171606254351 -0.0039655320562402832 -0.0048087234749387246 -0.00012473422806139387 0.0042388855506909767 0.0003523104684783684 -0.0021862218041330513 -0.0014196776851482739 -0.0014578522972085257 0.0016975983436717543 -0.0031170658669558379 0.0011680269404027656 0.0039229258054972816 0.0037298826137675514
leaf_weight=15206 4272 3251 39803 30038 3030 51684 40162 3068 23525 3646 5986 8370 107613 6917 905 1701 32934 24147 55619 1717 745 11893 6449 24622 1320 7740 1541 7144 1696 711
leaf_count=15206 4272 3251 39803 30038 3030 51684 40162 3068 23525 3646 5986 8370 107613 6917 905 1701 32934 24147 55619 1717 745 11893 6449 24622 1320 7740 1541 7144 1696 711
internal_value=-0.00289217 0.000656169 -0.00457501 -0.000441058 0.00346818 -0.005126 -0.00321317 -0.0011699 0.000451747 0.0024349 0.000845996 0.00305325 -0.00543249 0.00457186 0.00390467 -0.00155186 -0.00257158 -0.00359973 -0.00461434 0.00102615 0.00157648 0.000712119 -0.00143916 -0.00126488 -3.21778e-06 0.00192073 -0.00170113 0.00184433 0.00258297 0.00139991
internal_weight=527455 169680 357775 122055 47625 254719 103056 67198 54857 24597 31332 12016 159297 23028 7822 37160 38747 64309 95422 28081 10202 17879 34092 27643 3021 8485 5813 12581 4726 7855
internal_count=527455 169680 357775 122055 47625 254719 103056 67198 54857 24597 31332 12016 159297 23028 7822 37160 38747 64309 95422 28081 10202 17879 34092 27643 3021 8485 5813 12581 4726 7855
is_linear=0
shrinkage=0.03


Tree=36
num_leaves=31
num_cat=0
split_feature=4 4 4 4 4 4 4 4 10 11 5 1 4 9 0 2 11 0 1 7 5 11 1 0 4 9 5 9 1 6
split_gain=3242.52 352.089 290.696 59.483 40.8735 34.6706 25.6124 12.3187 10.3453 7.21943 7.07302 7.026 6.59865 6.33045 6.00074 5.52787 5.6998 5.35611 6.00684 5.1642 4.93458 5.51049 4.8262 6.40133 4.74343 4.68019 4.31577 5.92243 4.80911 4.28696
threshold=4.5000000000000009 7.5000000000000009 2.5000000000000004 1.5000000000000002 5.5000000000000009 10.500000000000002 3.5000000000000004 6.5000000000000009 1.5000000000000002 63.500000000000007 10.500000000000002 9.5000000000000018 8.5000000000000018 7.5500000000000007 5.5000000000000009 58.250000000000007 84.500000000000014 4.5000000000000009 7.5000000000000009 1.5000000000000002 8.5000000000000018 64.500000000000014 11.500000000000002 5.5000000000000009 12.500000000000002 2.8500000000000001 7.5000000000000009 3.2500000000000004 4.5000000000000009 0.26975051975051983
decision_type=2 2 2 2 2 2 2 2 2 2 2 2 2 2 2 2 2 2 2 2 2 2 2 2 2 2 2 2 2 2
left_child=2 4 3 10 -2 12 9 -6 -5 22 17 14 -3 -11 -8 16 -12 25 -19 -20 21 -10 23 26 -7 -1 28 -28 -4 -13
right_child=1 5 6 8 7 24 11 -9 20 13 15 29 -14 -15 -16 -17 -18 18 19 -21 -22 -23 -24 -25 -26 -27 27 -29 -30 -31
leaf_value=0.0037700547911885562 -0.0021027260857721134 -0.0041712264235601046 0.0014577512298927758 -0.00010299636539810698 -0.0029284988829725925 -0.0049932040691018096 -0.00089879636181107296 -0.0036953509671695242 0.0021199640126335433 -0.0013309384279995237 0.0022056927715407705 -0.000944073838213157 -0.0046652066151948784 6.5636617082590396e-05 0.00031497286752137999 0.0042592520036335499 -0.00075375173588172859 0.0048170488132031229 0.0017644157555954452 0.0035609465788560665 0.0010061520749579079 0.0011484433378914822 -0.00037910260568117961 0.0015243713050393088 -0.0053316831818724939 0.0024861877787992243 -0.003041083934200797 2.6472290147235804e-05 1.6968154623816661e-05 -0.0020616215314251257
leaf_weight=3421 37847 37155 4311 3872 37804 62332 20958 37609 15071 4697 6006 5642 70550 7726 4443 1050 649 3054 1637 11969 10863 8067 5370 5331 92648 10100 628 5779 4038 6828
leaf_count=3421 37847 37155 4311 3872 37804 62332 20958 37609 15071 4697 6006 5642 70550 7726 4443 1050 649 3054 1637 11969 10863 8067 5370 5331 92648 10100 628 5779 4038 6828
internal_value=-0.00281215 -0.00430538 0.00089305 0.00220706 -0.0029072 -0.00490823 -0.000421095 -0.00331093 0.00136629 0.000130475 0.00304753 -0.000972796 -0.0044948 -0.000462393 -0.000686491 0.00223626 0.00191709 0.00325464 0.00361468 0.0033448 0.00153361 0.00178125 0.000419794 0.000633369 -0.00519555 0.00281102 0.000311471 -0.000274203 0.000760915 -0.00155599
internal_weight=527455 375945 151510 75759 113260 262685 75751 75413 37873 37880 37886 37871 107705 12423 25401 7705 6655 30181 16660 13606 34001 23138 25457 20087 154980 13521 14756 6407 8349 12470
internal_count=527455 375945 151510 75759 113260 262685 75751 75413 37873 37880 37886 37871 107705 12423 25401 7705 6655 30181 16660 13606 34001 23138 25457 20087 154980 13521 14756 6407 8349 12470
is_linear=0
shrinkage=0.03


Tree=37
num_leaves=31
num_cat=0
split_feature=3 3 3 3 3 3 3 3 4 10 3 3 4 4 3 6 11 3 11 9 11 7 4 9 6 0 3 7 8 4
split_gain=3142.55 533.823 259.584 86.4698 47.6427 37.9434 25.362 23.7079 10.6709 9.24312 7.72619 7.01127 6.0259 5.81902 7.21718 5.81123 8.42291 5.77229 5.60805 5.52768 5.38508 5.97312 5.70967 5.62093 4.96694 5.49473 5.02093 4.81501 4.70207 4.66821
threshold=11.550000000000002 3.7500000000000004 26.550000000000004 5.5500000000000007 2.7500000000000004 52.750000000000007 17.350000000000005 7.6500000000000012 1.5000000000000002 2.5000000000000004 103.05000000000001 3.1500000000000008 4.5000000000000009 1.5000000000000002 2.3500000000000001 0.29478609625668456 98.500000000000014 14.350000000000003 148.50000000000003 12.15 112.50000000000001 5.5000000000000009 3.5000000000000004 3.5500000000000003 0.82085561497326209 5.5000000000000009 2.9500000000000006 12.500000000000002 4.5000000000000009 1.5000000000000002
decision_type=2 2 2 2 2 2 2 2 2 2 2 2 2 2 2 2 2 2 2 2 2 2 2 2 2 2 2 2 2 2
left_child=1 4 6 9 13 -4 17 15 24 18 -7 -10 -8 14 -1 -5 -17 19 -3 -2 22 -22 -9 -24 25 -6 -27 -25 -14 -11
right_child=2 3 5 7 8 10 12 20 11 29 -12 -13 28 -15 -16 16 -18 -19 -20 -21 21 -23 23 27 -26 26 -28 -29 -30 -31
leaf_value=0.0046390654282684098 -0.0027841933721972786 0.00016900481810544002 -0.004296770451155639 7.8636832478146243e-05 0.0014570861998794041 -0.0048387140161379122 -0.0011476985817845864 -0.00031728062254809231 0.0044459270100920961 -0.00014015117865469117 -0.0052468792488906246 0.0026671328004792124 -0.0040685987614575043 0.0065195846954844271 0.0034680108597414053 -0.00045691598904725692 -0.0021809252532945609 -0.0029111487232944223 -0.0028234289088177439 -0.0018991713483081387 -0.003682731759983883 -0.0016725488969951353 -0.0026971862256793631 -0.0011743239177416677 0.00024900790459756161 0.0045215394742348612 0.0022424607418788456 -0.002856452812628339 -0.0034004126465166161 0.0011581436348242495
leaf_weight=15025 10881 9811 78922 15261 5904 68184 948 5269 2709 2749 107613 7559 12484 1086 6917 19967 2924 24115 598 15258 1669 6557 2682 28652 1578 1190 3235 1618 39370 26720
leaf_count=15025 10881 9811 78922 15261 5904 68184 948 5269 2709 2749 107613 7559 12484 1086 6917 19967 2924 24115 598 15258 1669 6557 2682 28652 1578 1190 3235 1618 39370 26720
internal_value=-0.00273454 0.000627937 -0.00432924 -0.000386076 0.00342026 -0.00484324 -0.00305882 -0.000928943 0.00242775 0.000765585 -0.00508857 0.00313643 -0.00351795 0.004376 0.0042699 -0.000374822 -0.000677134 -0.00257641 -2.91135e-06 -0.00226758 -0.0013841 -0.0020804 -0.00123424 -0.00138087 0.00181663 0.00205612 0.00285537 -0.00126424 -0.00356128 0.00103703
internal_weight=527455 169680 357775 124477 45203 254719 103056 84599 22175 39878 175797 10268 52802 23028 21942 38152 22891 50254 10409 26139 46447 8226 38221 32952 11907 10329 4425 30270 51854 29469
internal_count=527455 169680 357775 124477 45203 254719 103056 84599 22175 39878 175797 10268 52802 23028 21942 38152 22891 50254 10409 26139 46447 8226 38221 32952 11907 10329 4425 30270 51854 29469
is_linear=0
shrinkage=0.03


Tree=38
num_leaves=31
num_cat=0
split_feature=3 3 3 3 3 3 3 3 4 10 3 3 11 10 4 3 11 9 3 1 11 4 3 11 7 9 11 1 10 10
split_gain=2975.17 478.332 275.839 72.7024 44.8559 34.9054 32.4027 18.0661 10.1897 8.79085 7.87149 6.74812 5.78352 5.72518 5.70411 6.52872 5.44243 5.26491 5.2102 4.73512 4.69785 4.68324 4.62312 4.58871 4.58089 4.52432 5.31598 4.49385 4.45086 5.05962
threshold=10.850000000000003 3.7500000000000004 26.550000000000004 5.5500000000000007 2.7500000000000004 61.45000000000001 14.350000000000003 7.4500000000000011 1.5000000000000002 2.5000000000000004 20.650000000000002 3.1500000000000008 35.500000000000007 3.5000000000000004 1.5000000000000002 2.3500000000000001 68.500000000000014 12.350000000000003 199.55000000000004 8.5000000000000018 6.5000000000000009 2.5000000000000004 37.150000000000013 84.500000000000014 12.500000000000002 6.7500000000000009 133.50000000000003 9.5000000000000018 1.5000000000000002 5.5000000000000009
decision_type=2 2 2 2 2 2 2 2 2 2 2 2 2 2 2 2 2 2 2 2 2 2 2 2 2 2 2 2 2 2
left_child=1 4 6 9 14 22 17 20 27 16 23 -10 24 -14 15 -1 -3 -2 -7 21 -5 -11 -4 -8 -9 26 -22 -6 -27 -30
right_child=2 3 5 7 8 18 10 12 11 19 -12 -13 13 -15 -16 -17 -18 -19 -20 -21 25 -23 -24 -25 -26 28 -28 -29 29 -31
leaf_value=0.0045104251556715358 -0.0025629052233087039 0.00044766048890796371 -0.0040054224302842802 0.0049062550222718866 0.0013293593886442127 -0.0048622467670075067 -0.0028246806824954239 -0.00081784147556549576 0.0043511495502420172 0.00093704186023058197 -0.0036170771960814577 0.0026060558751645362 -0.0023351426960898122 -0.0012678520302303112 0.0063866690585379438 0.0033966250827292821 -0.0010475999068415337 -0.0017976985434684837 -0.0052325240902344932 0.00055469851978855091 -0.00061697118418157777 0.0019473378784281043 -0.0044289127073082373 -0.0035154959580084703 -0.003509769160013932 -0.0015123855342107895 -0.0029296583507398785 0.0025359703555517528 0.00073123365463028615 -0.00028592718038206351
leaf_weight=15025 14095 7274 39803 154 7492 109577 34521 20723 2709 10669 30847 7559 6472 15024 1086 6917 3135 19002 49720 12063 11935 6737 55619 11549 585 1795 967 4415 6544 13442
leaf_count=15025 14095 7274 39803 154 7492 109577 34521 20723 2709 10669 30847 7559 6472 15024 1086 6917 3135 19002 49720 12063 11935 6737 55619 11549 585 1795 967 4415 6544 13442
internal_value=-0.00265888 0.000714379 -0.00416382 -0.000294392 0.00333699 -0.00470601 -0.00290846 -0.000829156 0.00237395 0.000746775 -0.00324619 0.00306646 -0.001242 -0.00158919 0.00426435 0.00415931 -2.68453e-06 -0.00212358 -0.00497782 0.0010115 -0.000321897 0.00132808 -0.00425226 -0.00299786 -0.000891747 -0.000345112 -0.000790306 0.00177676 -8.13999e-05 4.7121e-05
internal_weight=527455 162722 364733 117519 45203 254719 110014 77641 22175 39878 76917 10268 42804 21496 23028 21942 10409 33097 159297 29469 34837 17406 95422 46070 21308 34683 12902 11907 21781 19986
internal_count=527455 162722 364733 117519 45203 254719 110014 77641 22175 39878 76917 10268 42804 21496 23028 21942 10409 33097 159297 29469 34837 17406 95422 46070 21308 34683 12902 11907 21781 19986
is_linear=0
shrinkage=0.03


Tree=39
num_leaves=31
num_cat=0
split_feature=3 3 3 3 3 3 3 3 10 3 3 6 9 11 9 6 11 7 1 11 3 3 11 11 7 7 11 9 3 1
split_gain=2816.77 455.306 256.662 69.1874 42.2435 32.1652 30.5629 17.2472 8.36174 7.38941 6.56218 5.80484 5.76153 5.22622 5.01282 4.62794 7.81752 4.62179 4.54908 6.22476 4.54451 4.50403 4.37329 4.3447 4.40034 4.29722 4.65867 4.0441 4.03267 4.62623
threshold=10.850000000000003 3.7500000000000004 26.550000000000004 5.5500000000000007 2.7500000000000004 52.750000000000007 14.350000000000003 7.4500000000000011 2.5000000000000004 20.650000000000002 103.05000000000001 0.43019480519480524 7.5500000000000007 84.500000000000014 16.550000000000004 0.29198717948717956 98.500000000000014 2.5000000000000004 6.5000000000000009 70.500000000000014 1.5500000000000003 3.0500000000000003 56.500000000000007 84.500000000000014 3.5000000000000004 2.5000000000000004 119.50000000000001 2.1500000000000008 5.3500000000000005 7.5000000000000009
decision_type=2 2 2 2 2 2 2 2 2 2 2 2 2 2 2 2 2 2 2 2 2 2 2 2 2 2 2 2 2 2
left_child=1 4 6 8 20 -4 14 15 13 23 -7 22 21 -3 -2 -5 -17 18 27 -20 -1 -6 -9 -8 -25 26 -23 -10 -19 -30
right_child=2 3 5 7 12 10 9 11 17 -11 -12 -13 -14 -15 -16 16 -18 28 19 -21 -22 25 -24 24 -26 -27 -28 -29 29 -31
leaf_value=0.005336364555211642 -0.0024292265723932756 0.00032448491443856333 -0.0040695199832474658 0.00011523222026779128 0.0027505242068055283 -0.0045682746833678768 -0.0027576046584845315 -0.00069356238485664308 0.0054260272979736327 -0.0035260727645767547 -0.0049444389021859238 -0.0017279241730529772 0.0029421884484987985 -0.001384334786828742 -0.0016900509967739655 -0.00037070025124786833 -0.0020968889107603832 0.0013731981319604113 0.00025713982923170092 -0.0026862878737911101 0.004005150805759734 0.001140399765550312 -0.0014513186187204373 -0.0049595788987429161 -0.0032056429515312885 0.0021482594551487997 -0.0027449445082591128 0.00093847882226692368 0.001348663513156787 -0.0013546077781899511
leaf_weight=2602 17301 8417 78922 13736 4298 68184 34521 18416 190 30847 107613 13469 8368 1992 15796 18392 2709 18612 3904 775 20426 3907 10919 1476 10073 5303 299 3707 1174 1107
leaf_count=2602 17301 8417 78922 13736 4298 68184 34521 18416 190 30847 107613 13469 8368 1992 15796 18392 2709 18612 3904 775 20426 3907 10919 1476 10073 5303 299 3707 1174 1107
internal_value=-0.00258532 0.000696907 -0.00404965 -0.000287284 0.00325561 -0.00457266 -0.00283872 -0.000808961 0.000728402 -0.00316672 -0.00479854 -0.00121234 0.00232104 -2.53678e-06 -0.00207644 -0.000313332 -0.000592313 0.000986584 0.000400173 -0.000230391 0.00415557 0.00194458 -0.000975613 -0.00292611 -0.0034298 0.00158029 0.000864195 0.00115727 0.00122729 3.67296e-05
internal_weight=527455 162722 364733 117519 45203 254719 110014 77641 39878 76917 175797 42804 22175 10409 33097 34837 21101 29469 8576 4679 23028 13807 29335 46070 11549 9509 4206 3897 20893 2281
internal_count=527455 162722 364733 117519 45203 254719 110014 77641 39878 76917 175797 42804 22175 10409 33097 34837 21101 29469 8576 4679 23028 13807 29335 46070 11549 9509 4206 3897 20893 2281
is_linear=0
shrinkage=0.03


Tree=40
num_leaves=31
num_cat=0
split_feature=3 3 3 3 3 3 3 4 3 3 3 4 4 9 3 4 4 11 11 3 7 7 11 11 9 4 6 11 9 7
split_gain=2667.52 383.775 299.013 60.668 43.9359 30.3253 28.3716 11.4223 9.27206 7.49142 7.24202 7.95815 6.38682 5.93798 5.43215 5.15726 5.13878 5.0325 4.92384 4.87963 4.8711 4.83175 4.45676 4.43515 5.04513 4.42444 4.35312 7.19116 4.13466 4.01559
threshold=9.6500000000000004 3.5500000000000003 22.550000000000004 5.5500000000000007 47.750000000000007 14.350000000000003 2.5500000000000003 1.5000000000000002 7.4500000000000011 103.05000000000001 4.1500000000000012 1.5000000000000002 3.5000000000000004 8.5500000000000025 3.0500000000000003 1.5000000000000002 1.5000000000000002 35.500000000000007 84.500000000000014 2.9500000000000006 13.500000000000002 3.5000000000000004 6.5000000000000009 68.500000000000014 25.650000000000002 6.5000000000000009 0.29198717948717956 98.500000000000014 30.550000000000004 3.5000000000000004
decision_type=2 2 2 2 2 2 2 2 2 2 2 2 2 2 2 2 2 2 2 2 2 2 2 2 2 2 2 2 2 2
left_child=1 6 5 10 25 12 15 14 22 -6 11 -3 -2 -14 -8 -1 -12 20 -7 -9 -10 -19 -5 24 -18 -4 -24 -28 -26 -20
right_child=2 3 4 8 9 18 7 19 17 -11 16 -13 13 -15 -16 -17 23 21 29 -21 -22 -23 26 -25 28 -27 27 -29 -30 -31
leaf_value=0.0041266266313766996 -0.00029774279760799011 0.00017618743302453001 -0.0032053385473431169 0.0047871969949889494 -0.0044145121882364835 -0.0027770871447018483 0.0025942821191787253 0.0049504950394812647 -0.00056466378959162892 -0.0047990003291745248 -0.001021721557300008 0.0017944183637685924 -0.0024917295889998851 -0.0017408274535197059 0.0013844781242640671 0.0072510911165507598 0.00072080953534492604 -0.0023981324141719921 -0.0047368568927049631 0.0031374064334375308 -0.0048126426713186723 -0.0011190041918747661 8.9227304179942564e-05 7.9369681705596898e-05 0.0047522127742462969 -0.0038960446417407569 -0.00038518880135722278 -0.0020412505247268168 0.001562102932096179 -0.0032284611739842547
leaf_weight=18497 2128 3727 9339 154 79155 42485 8171 1714 14791 107613 1786 10277 13933 29642 5650 488 17721 3437 1816 6057 247 11723 13663 8876 470 78554 18311 2709 1647 12674
leaf_count=18497 2128 3727 9339 154 79155 42485 8171 1714 14791 107613 1786 10277 13933 29642 5650 488 17721 3437 1816 6057 247 11723 13663 8876 470 78554 18311 2709 1647 12674
internal_value=-0.00251377 0.000868708 -0.00385941 -5.45044e-05 -0.00437576 -0.0024782 0.00336095 0.00261711 -0.000638544 -0.00463605 0.00079897 0.00136375 -0.00190256 -0.00198093 0.00209972 0.00420694 0.000539655 -0.00102328 -0.00293996 0.00353731 -0.000634437 -0.001409 -0.000305038 0.000636772 0.000886167 -0.00382265 -0.000327648 -0.000598617 0.00227035 -0.00341751
internal_weight=527455 150116 377339 109539 274661 102678 40577 21592 65035 186768 44504 14004 45703 43575 13821 18985 30500 30198 56975 7771 15038 15160 34837 28714 19838 87893 34683 21020 2117 14490
internal_count=527455 150116 377339 109539 274661 102678 40577 21592 65035 186768 44504 14004 45703 43575 13821 18985 30500 30198 56975 7771 15038 15160 34837 28714 19838 87893 34683 21020 2117 14490
is_linear=0
shrinkage=0.03


Tree=41
num_leaves=31
num_cat=0
split_feature=3 3 3 3 3 3 3 4 3 10 3 7 3 4 9 3 11 4 11 10 3 11 7 11 4 9 11 10 10 6
split_gain=2526.94 365.26 278.812 57.7096 40.4086 28.6545 26.53 10.9257 8.82975 8.72504 6.84211 6.42882 6.85063 6.10355 5.65523 5.21797 5.1954 5.01899 4.7863 5.5606 4.70509 4.6568 4.6259 4.23642 4.13667 4.13356 4.72178 4.11162 4.87966 4.76896
threshold=9.6500000000000004 3.5500000000000003 22.550000000000004 5.5500000000000007 47.750000000000007 14.350000000000003 2.5500000000000003 1.5000000000000002 7.4500000000000011 1.5000000000000002 101.15000000000002 2.5000000000000004 3.9500000000000006 3.5000000000000004 8.5500000000000025 3.0500000000000003 70.500000000000014 1.5000000000000002 35.500000000000007 3.5000000000000004 2.9500000000000006 84.500000000000014 13.500000000000002 6.5000000000000009 6.5000000000000009 6.7500000000000009 133.50000000000003 1.5000000000000002 5.5000000000000009 0.28708791208791212
decision_type=2 2 2 2 2 2 2 2 2 2 2 2 2 2 2 2 2 2 2 2 2 2 2 2 2 2 2 2 2 2
left_child=1 6 5 9 24 13 17 15 23 -3 -6 16 -13 -2 -15 -8 -11 -1 22 -20 -9 -7 -10 -5 -4 26 -25 -27 -29 -30
right_child=2 3 4 8 10 21 7 20 18 11 -12 12 -14 14 -16 -17 -18 -19 19 -21 -22 -23 -24 25 -26 27 -28 28 29 -31
leaf_value=0.0040181280829663874 -0.00029181883649382376 -0.00044657334972254272 -0.003125199948596372 0.0046678279359619332 -0.0042864575960547546 -0.0027106645122280931 0.0025386849321491524 0.0048476437158456618 -0.00055062786192981348 0.00064525004299943864 -0.0046550143159514923 0.0021353211636061494 0.00094413284109887716 -0.0024357448070054244 -0.0017029388147072548 0.0013529708382830155 -0.00094840009932397565 0.0071004229535150233 -0.0022422330411631538 -0.00099378689243028438 0.0030672770952635199 -0.0033334738312300687 -0.0046903110057236203 -0.00058115198058366865 -0.0037930663462252988 -0.0014422810072686348 -0.0027607587244912533 0.00072845111116038262 0.0001792228586546271 -0.00098052308666687774
leaf_weight=18497 2128 4674 9339 154 77458 42485 8171 1714 14791 9991 109310 5404 22178 13933 29642 5650 2257 488 4617 10543 6057 14490 247 11935 78554 1795 967 6544 8230 5212
leaf_count=18497 2128 4674 9339 154 77458 42485 8171 1714 14791 9991 109310 5404 22178 13933 29642 5650 2257 488 4617 10543 6057 14490 247 11935 78554 1795 967 6544 8230 5212
internal_value=-0.00244424 0.000847902 -0.00375394 -5.27653e-05 -0.00425254 -0.0024202 0.00327929 0.00255999 -0.000622388 0.000779641 -0.00450216 0.000923535 0.00117752 -0.00186064 -0.00193725 0.00205397 0.00035158 0.00409736 -0.000997839 -0.001374 0.00345996 -0.00286906 -0.000618622 -0.000296933 -0.0037221 -0.000318977 -0.000744513 -6.69112e-05 5.66147e-05 -0.000270457
internal_weight=527455 150116 377339 109539 274661 102678 40577 21592 65035 44504 186768 39830 27582 45703 43575 13821 12248 18985 30198 15160 7771 56975 15038 34837 87893 34683 12902 21781 19986 13442
internal_count=527455 150116 377339 109539 274661 102678 40577 21592 65035 44504 186768 39830 27582 45703 43575 13821 12248 18985 30198 15160 7771 56975 15038 34837 87893 34683 12902 21781 19986 13442
is_linear=0
shrinkage=0.03


Tree=42
num_leaves=31
num_cat=0
split_feature=4 4 4 4 4 4 4 10 4 0 11 7 8 5 11 4 9 7 2 9 10 5 10 7 9 7 6 11 10 7
split_gain=2349.47 233.28 210.308 41.8708 29.7297 20.3918 19.1198 9.0558 8.62103 6.64313 6.08372 5.67251 5.56968 4.37405 4.87506 4.24644 4.11478 4.08451 3.97679 3.94587 3.69848 3.57083 3.48486 5.78997 4.9937 3.40247 3.37799 6.37576 4.81478 4.29318
threshold=4.5000000000000009 7.5000000000000009 2.5000000000000004 1.5000000000000002 5.5000000000000009 10.500000000000002 3.5000000000000004 1.5000000000000002 6.5000000000000009 4.5000000000000009 63.500000000000007 2.5000000000000004 1.5000000000000002 8.5000000000000018 64.500000000000014 8.5000000000000018 1.7500000000000002 1.5000000000000002 59.250000000000007 2.8500000000000001 2.5000000000000004 4.5000000000000009 11.500000000000002 11.500000000000002 2.6500000000000008 11.500000000000002 0.095695970695970703 88.500000000000014 7.5000000000000009 13.500000000000002
decision_type=2 2 2 2 2 2 2 2 2 2 2 2 2 2 2 2 2 2 2 2 2 2 2 2 2 2 2 2 2 2
left_child=2 4 3 9 22 15 10 -5 18 19 12 16 21 14 -9 -3 -12 -11 -6 -1 -13 -4 23 24 -2 -20 -8 28 29 -28
right_child=1 5 6 7 8 -7 26 13 -10 17 11 20 -14 -15 -16 -17 -18 -19 25 -21 -22 -23 -24 -25 -26 -27 27 -29 -30 -31
leaf_value=0.0029678347547218101 -0.0036080297316823688 -0.0035617956535128944 0.00054640466422703905 -0.00018512096456136583 -0.002583942278796885 -0.0043587822403370804 -0.00036211767487665192 0.0018978314882694438 -0.0031755552571651707 0.0018794237286614728 0.0027820280266095355 -0.0013107744208499669 0.00057278136987406873 0.00084949522025346165 0.00098403977129751081 -0.0039580688394526909 -0.0021242608059763284 0.0031186604247660436 0.00010271285297506946 0.001897405107242415 0.00016660137438034714 -0.0015019847225261969 -0.002284202661776388 -0.0030670190482697587 -0.0014230362777220807 -0.0049094146448415473 -0.00045094625543749855 -0.0020737466083060414 -0.0014826276879467705 -0.0036937484747551854
leaf_weight=4091 980 37155 1211 3872 36835 154980 10581 15071 37609 2755 166 1869 22162 10863 8067 70550 2101 18254 826 12786 8287 2084 10629 2350 23888 143 16130 4167 6617 376
leaf_count=4091 980 37155 1211 3872 36835 154980 10581 15071 37609 2755 166 1869 22162 10863 8067 70550 2101 18254 826 12786 8287 2084 10629 2350 23888 143 16130 4167 6617 376
internal_value=-0.00237665 -0.00364773 0.000777297 0.00189495 -0.00250964 -0.00413843 -0.00034047 0.00118955 -0.00285397 0.0026001 0.00013609 -0.000408152 0.000401679 0.00134609 0.00157924 -0.00382137 -0.001765 0.00295615 -0.00253404 0.00215688 -0.000105279 -0.000749147 -0.00182354 -0.00164365 -0.00150914 -0.000636951 -0.000817143 -0.000993568 -0.000798908 -0.000524816
internal_weight=527455 375945 151510 75759 113260 262685 75751 37873 75413 37886 37880 12423 25457 34001 23138 107705 2267 21009 37804 16877 10156 3295 37847 27218 24868 969 37871 27290 23123 16506
internal_count=527455 375945 151510 75759 113260 262685 75751 37873 75413 37886 37880 12423 25457 34001 23138 107705 2267 21009 37804 16877 10156 3295 37847 27218 24868 969 37871 27290 23123 16506
is_linear=0
shrinkage=0.03


Tree=43
num_leaves=31
num_cat=0
split_feature=3 3 3 3 3 3 3 10 3 3 7 3 9 11 1 11 10 9 11 11 7 1 11 7 3 1 9 11 10 10
split_gain=2272.93 335.906 243.448 52.0136 34.6305 25.638 24.3304 8.03185 7.93692 6.29227 6.11681 6.39518 5.42828 4.79324 5.98917 4.47379 5.23746 4.44585 4.36326 4.3428 4.32059 4.07076 4.41017 3.73444 3.71372 3.6969 3.67395 4.01953 3.55469 5.67463
threshold=9.6500000000000004 3.5500000000000003 22.550000000000004 5.5500000000000007 46.150000000000013 14.350000000000003 2.7500000000000004 1.5000000000000002 7.4500000000000011 101.15000000000002 2.5000000000000004 3.9500000000000006 8.5500000000000025 70.500000000000014 5.5000000000000009 35.500000000000007 3.5000000000000004 7.5500000000000007 84.500000000000014 17.500000000000004 13.500000000000002 12.500000000000002 6.5000000000000009 3.5000000000000004 1.5500000000000003 7.5000000000000009 6.7500000000000009 63.500000000000007 1.5000000000000002 5.5000000000000009
decision_type=2 2 2 2 2 2 2 2 2 2 2 2 2 2 2 2 2 2 2 2 2 2 2 2 2 2 2 2 2 2
left_child=1 6 5 7 -4 12 24 -3 21 -6 13 -12 25 -9 -15 20 -17 19 -7 -8 -10 22 -5 -20 -1 -2 27 -24 -28 -30
right_child=2 3 4 8 9 18 17 10 15 -11 11 -13 -14 14 -16 16 -18 -19 23 -21 -22 -23 26 -25 -26 -27 28 -29 29 -31
leaf_value=0.0048515036888065457 -0.0017674851798864695 -0.00043879778245141171 -0.0035117261452370244 0.0054584723143350508 -0.0040429986812295779 -0.0025782366322533892 0.0005159528133544055 0.000599930068714198 -0.00051696503684645003 -0.0043914678624166828 0.0020489185248300998 0.00089800729733526528 -0.0015534844876332777 0.0010574763136751511 -0.0021319585422208821 -0.0021556060828505745 -0.0009439782581337939 0.0029248307713773888 -0.0044534245261405531 0.0021845067559697505 -0.0045177059943376759 -0.0010213057979986148 -0.00022595966434860485 -0.0029987916545535327 0.0036481073720344734 -0.0027218566834726829 -0.0012770004246131102 -0.0014917845496892266 0.001012986149574133 -0.00016448783327041396
leaf_weight=2602 7159 4674 84013 126 81338 42485 1650 9991 14791 109310 5404 22178 31085 850 1407 4617 10543 6487 1816 9412 247 5657 7495 12674 20426 7459 1562 3231 5465 11301
leaf_count=2602 7159 4674 84013 126 81338 42485 1650 9991 14791 109310 5404 22178 31085 850 1407 4617 10543 6487 1816 9412 247 5657 7495 12674 20426 7459 1562 3231 5465 11301
internal_value=-0.00231114 0.000811157 -0.00355327 -5.25608e-05 -0.00401918 -0.00230698 0.00314279 0.000737698 -0.000593342 -0.0042428 0.000875758 0.0011235 -0.00177769 0.000317855 -0.000930798 -0.000949305 -0.00131298 0.00230129 -0.00273156 0.00193563 -0.000582677 -0.00028478 -0.000141992 -0.0031811 0.00378408 -0.00225446 -0.00016628 -0.000607265 9.17949e-05 0.000219318
internal_weight=527455 150116 377339 109539 274661 102678 40577 44504 65035 190648 39830 27582 45703 12248 2257 30198 15160 17549 56975 11062 15038 34837 29180 14490 23028 14618 29054 10726 18328 16766
internal_count=527455 150116 377339 109539 274661 102678 40577 44504 65035 190648 39830 27582 45703 12248 2257 30198 15160 17549 56975 11062 15038 34837 29180 14490 23028 14618 29054 10726 18328 16766
is_linear=0
shrinkage=0.03


Tree=44
num_leaves=31
num_cat=0
split_feature=3 3 3 3 3 3 3 4 10 11 7 3 4 7 3 4 3 11 1 9 8 3 8 2 10 1 11 1 11 7
split_gain=2153.21 312.228 236.107 46.7567 31.8183 25.9115 22.8238 11.2582 7.64331 6.93394 6.63632 6.62297 6.54434 5.8251 6.12011 5.80299 5.74009 4.9888 5.7205 4.93364 4.848 4.92259 4.81718 5.67962 5.17894 4.60802 4.5493 5.69197 4.45761 5.06358
threshold=9.4500000000000011 3.5500000000000003 22.550000000000004 5.5500000000000007 46.150000000000013 14.350000000000003 2.7500000000000004 1.5000000000000002 1.5000000000000002 35.500000000000007 3.5000000000000004 8.6500000000000004 3.5000000000000004 2.5000000000000004 3.9500000000000006 1.5000000000000002 103.05000000000001 132.50000000000003 10.500000000000002 8.5500000000000025 4.5000000000000009 2.9500000000000006 1.5000000000000002 59.250000000000007 7.5000000000000009 9.5000000000000018 70.500000000000014 5.5000000000000009 18.500000000000004 10.500000000000002
decision_type=2 2 2 2 2 2 2 2 2 2 2 2 2 2 2 2 2 2 2 2 2 2 2 2 2 2 2 2 2 2
left_child=1 6 5 8 -4 12 15 25 -3 22 17 -12 -2 26 -15 -1 -6 18 -11 -14 28 -22 -5 24 -24 -8 -10 -28 -9 -30
right_child=2 3 4 9 16 -7 7 20 13 10 11 -13 19 14 -16 -17 -18 -19 -20 -21 21 -23 23 -25 -26 -27 27 -29 29 -31
leaf_value=0.0035807151776855342 -0.00018031417756213754 -0.00042775739601242984 -0.0034196290811420588 -0.0014112310030129777 -0.003932989293163513 -0.0026656797220592906 0.0011360444599758297 0.00055533485833473108 0.00058497473909241361 -0.00077138425142819615 -0.00038157903831065662 -0.0017394731393000442 -0.0022521531657831431 0.0020016690474872144 0.00087578144198941497 0.0058272969648653621 -0.0042649860422840071 -0.0033573306119182209 -0.0027317761854441986 -0.0015842108989747121 0.0079001370096873288 0.0037764217338957192 0.00012910709291554729 0.0026887369771673099 -0.00071758552035031814 0.0024467902932607572 0.0010320222984342015 -0.0020772730973737832 0.0031831661767630368 -0.0042128602792234973
leaf_weight=21942 2364 4674 84013 2856 83035 56975 6555 769 9991 5068 19327 3882 14675 5404 22178 1086 107613 1239 1821 30927 304 1822 17652 634 10293 3821 850 1407 4193 85
leaf_count=21942 2364 4674 84013 2856 83035 56975 6555 769 9991 5068 19327 3882 14675 5404 22178 1086 107613 1239 1821 30927 304 1822 17652 634 10293 3821 850 1407 4193 85
internal_value=-0.00224732 0.00082397 -0.00344357 -2.39035e-05 -0.00390604 -0.00223315 0.00306555 0.00225051 0.000719929 -0.000551265 -0.000867061 -0.000608704 -0.00171937 0.000854609 0.00109637 0.00368666 -0.00412039 -0.00160478 -0.00128958 -0.00179916 0.0031644 0.00436608 -0.000236454 -0.000119054 -0.000182756 0.00161873 0.000310171 -0.000906293 0.00265821 0.00303621
internal_weight=527455 147853 379602 107276 274661 104941 40577 17549 44504 62772 31337 23209 47966 39830 27582 23028 190648 8128 6889 45602 7173 2126 31435 28579 27945 10376 12248 2257 5047 4278
internal_count=527455 147853 379602 107276 274661 104941 40577 17549 44504 62772 31337 23209 47966 39830 27582 23028 190648 8128 6889 45602 7173 2126 31435 28579 27945 10376 12248 2257 5047 4278
is_linear=0
shrinkage=0.03


Tree=45
num_leaves=31
num_cat=0
split_feature=3 3 3 3 3 3 3 4 4 3 11 7 3 4 4 11 1 0 9 8 3 10 8 2 10 1 11 7 3 11
split_gain=2039.92 297.104 220.07 44.4832 29.2466 24.4894 21.4136 10.7826 7.47458 10.1106 6.59513 6.27581 6.3509 6.25677 5.65996 4.73271 5.42099 7.82647 4.69943 4.67128 4.76639 4.60271 4.56798 5.39125 4.91562 4.41722 4.26322 4.82841 4.24414 4.10401
threshold=9.4500000000000011 3.5500000000000003 22.550000000000004 5.5500000000000007 52.750000000000007 14.350000000000003 2.7500000000000004 1.5000000000000002 1.5000000000000002 4.1500000000000012 35.500000000000007 3.5000000000000004 8.6500000000000004 3.5000000000000004 1.5000000000000002 132.50000000000003 10.500000000000002 4.5000000000000009 8.5500000000000025 4.5000000000000009 2.9500000000000006 1.5000000000000002 1.5000000000000002 59.250000000000007 7.5000000000000009 9.5000000000000018 18.500000000000004 10.500000000000002 217.25000000000003 84.500000000000014
decision_type=2 2 2 2 2 2 2 2 2 2 2 2 2 2 2 2 2 2 2 2 2 2 2 2 2 2 2 2 2 2
left_child=1 6 5 8 -4 13 14 25 -3 -10 22 15 -13 -2 -1 16 17 -12 -15 26 -21 -11 -5 24 -24 -8 -9 -28 -6 -7
right_child=2 3 4 10 28 29 7 19 9 21 11 12 -14 18 -16 -17 -18 -19 -20 20 -22 -23 23 -25 -26 -27 27 -29 -30 -31
leaf_value=0.0034877488949709569 -0.00017667126572374158 -0.00033136948724202145 -0.0033832878445632791 -0.0013742770827492746 -0.0039443816521459712 -0.002452812184217861 0.0011104275660602124 0.00054229277802536797 0.0016562796106502752 -0.00057517848816155391 -0.0016700218959607813 -0.0003716459366102944 -0.001701356250867593 -0.0022016604227345477 0.005706471306637176 -0.0032696749324082749 -0.0026596313479311968 0.0007614891496401854 -0.0015497651698517861 0.0077527890369099997 0.0036950276355319435 0.00068688334703408496 0.00012579998815651251 0.0026196140817099185 -0.00069908698457769598 0.002393749844213644 0.0031119719585157254 -0.0041102648167049179 -0.0042873291697688477 -0.0030374886218928893
leaf_weight=21942 2364 5513 98864 2856 132807 42485 6555 769 10277 2892 3153 19327 3882 14675 1086 1239 1821 1915 30927 304 1822 25822 17652 634 10293 3821 4193 85 42990 14490
leaf_count=21942 2364 5513 98864 2856 132807 42485 6555 769 10277 2892 3153 19327 3882 14675 1086 1239 1821 1915 30927 304 1822 25822 17652 634 10293 3821 4193 85 42990 14490
internal_value=-0.00218525 0.000804149 -0.0033496 -2.29339e-05 -0.00379609 -0.00218101 0.00299076 0.00220131 0.000702589 0.000848782 -0.000537314 -0.000845298 -0.000594057 -0.00168154 0.00359238 -0.0015627 -0.0012557 -0.000751248 -0.00175955 0.00309568 0.00427525 0.000559772 -0.00023029 -0.000115968 -0.000178031 0.00158302 0.0025988 0.00296847 -0.00402825 -0.00260151
internal_weight=527455 147853 379602 107276 274661 104941 40577 17549 44504 38991 62772 31337 23209 47966 23028 8128 6889 5068 45602 7173 2126 28714 31435 28579 27945 10376 5047 4278 175797 56975
internal_count=527455 147853 379602 107276 274661 104941 40577 17549 44504 38991 62772 31337 23209 47966 23028 8128 6889 5068 45602 7173 2126 28714 31435 28579 27945 10376 5047 4278 175797 56975
is_linear=0
shrinkage=0.03


Tree=46
num_leaves=31
num_cat=0
split_feature=4 4 4 4 4 4 4 10 4 1 0 1 7 6 0 1 0 1 1 5 7 5 11 11 7 1 4 6 8 1
split_gain=1895.86 177.204 168.972 32.8372 23.9846 15.9015 14.2843 7.9663 6.88569 6.38547 6.19355 6.40523 5.82728 5.58699 5.56124 5.53538 7.38324 5.5973 4.52768 4.74128 4.51111 4.01315 4.55692 4.0069 4.54606 3.88904 3.80344 3.78685 3.52887 3.51732
threshold=4.5000000000000009 7.5000000000000009 2.5000000000000004 1.5000000000000002 5.5000000000000009 3.5000000000000004 9.5000000000000018 1.5000000000000002 6.5000000000000009 9.5000000000000018 4.5000000000000009 7.5000000000000009 1.5000000000000002 0.29128787878787882 5.5000000000000009 11.500000000000002 5.5000000000000009 8.5000000000000018 6.5000000000000009 7.5000000000000009 8.5000000000000018 8.5000000000000018 64.500000000000014 61.500000000000007 2.5000000000000004 5.5000000000000009 12.500000000000002 0.26975051975051983 1.5000000000000002 6.5000000000000009
decision_type=2 2 2 2 2 2 2 2 2 2 2 2 2 2 2 2 2 2 2 2 2 2 2 2 2 2 2 2 2 2
left_child=2 4 3 10 -2 15 -3 -5 -6 14 -1 13 -13 -12 25 16 18 -18 19 28 -20 22 -9 -19 -25 -7 -8 -11 -4 -23
right_child=1 6 5 7 8 9 26 21 -10 27 11 12 -14 -15 -16 -17 17 23 20 -21 -22 29 -24 24 -26 -27 -28 -29 -30 -31
leaf_value=0.0019065422109263536 -0.0016585761811609334 -0.0033385659082175332 -0.00076781403200754594 -0.00020397710359909316 -0.0022981753323194454 -0.00037732636153710574 -0.0037004591053163118 0.0017635176941148318 -0.0028715037499092147 -0.00070925380100979101 0.0059665826886092102 0.00093534457436983095 0.0026329258168283787 0.003187691867921138 0.00050863868185268071 -0.00056156527796408988 0.0021315818804869438 0.0011198105391312355 -0.0002603562355533314 -0.00034416075527053517 -0.0023746462261146736 0.0013552337984631521 0.00088004519127367505 -0.0036102356960509984 0.00012905542213563885 -0.0012509923817152044 -0.0039693537897147043 -0.0017595949327746678 0.00091723946790861304 0.00026978978986674063
leaf_weight=16877 37847 73222 1283 3872 37804 14181 96815 15071 37609 5642 824 2071 15010 3104 4443 7971 3005 3227 4363 6402 1147 4871 8067 371 1385 6777 92648 6828 8726 5992
leaf_count=16877 37847 73222 1283 3872 37804 14181 96815 15071 37609 5642 824 2071 15010 3104 4443 7971 3005 3227 4363 6402 1147 4871 8067 371 1385 6777 92648 6828 8726 5992
internal_value=-0.00212494 -0.00326674 0.000708226 0.00171003 -0.00227483 -0.000293688 -0.00369442 0.00108535 -0.0025841 -0.000728396 0.00233451 0.0026783 0.0024271 0.00377064 -0.000455453 0.000140916 0.000328133 0.00110896 4.36e-05 0.000293426 -0.000700482 0.00123218 0.0014555 0.000492268 -0.000660966 -0.000659836 -0.00383195 -0.00128437 0.000701242 0.000756506
internal_weight=527455 375945 151510 75759 113260 75751 262685 37873 75413 37871 37886 21009 17081 3928 25401 37880 29909 7988 21921 16411 5510 34001 23138 4983 1756 20958 189463 12470 10009 10863
internal_count=527455 375945 151510 75759 113260 75751 262685 37873 75413 37871 37886 21009 17081 3928 25401 37880 29909 7988 21921 16411 5510 34001 23138 4983 1756 20958 189463 12470 10009 10863
is_linear=0
shrinkage=0.03


Tree=47
num_leaves=31
num_cat=0
split_feature=3 3 3 3 3 3 3 4 4 3 4 6 11 3 8 6 8 3 10 11 7 10 0 11 3 6 3 7 3 11
split_gain=1835.48 266.569 200.32 37.5436 31.0202 19.4828 18.8595 10.6946 7.58263 9.50225 5.68954 5.21107 8.23471 5.04695 4.99889 4.63085 4.51482 4.62246 4.23864 4.10233 4.59819 4.0333 3.99105 4.54253 4.31008 4.33112 3.87214 3.77458 4.09802 3.73551
threshold=9.2500000000000018 3.5500000000000003 20.650000000000002 5.5500000000000007 43.750000000000007 2.7500000000000004 12.350000000000003 1.5000000000000002 1.5000000000000002 4.1500000000000012 1.5000000000000002 0.36451048951048953 118.50000000000001 94.050000000000011 1.5000000000000002 0.82085561497326209 4.5000000000000009 2.9500000000000006 1.5000000000000002 18.500000000000004 10.500000000000002 1.5000000000000002 5.5000000000000009 56.500000000000007 2.9500000000000006 0.70185185185185195 1.5500000000000003 15.500000000000002 3.8500000000000001 27.500000000000004
decision_type=2 2 2 2 2 2 2 2 2 2 2 2 2 2 2 2 2 2 2 2 2 2 2 2 2 2 2 2 2 2
left_child=1 5 6 8 -4 10 14 15 27 -10 26 29 21 -6 -2 22 19 -18 -11 -9 -21 -13 23 -7 25 -24 -1 -3 -29 -5
right_child=2 3 4 11 13 7 -8 16 9 18 -12 12 -14 -15 -16 -17 17 -19 -20 20 -22 -23 24 -25 -26 -27 -28 28 -30 -31
leaf_value=0.0044212133906987409 -0.0027554435805899665 -0.00061385020996809379 -0.0030932276263037533 0.00017438153506262128 -0.0035850156332623961 0.0018530534847338396 -0.0022716479841307551 0.00049763184762590101 0.0015936306442304541 -0.00055851692295173392 0.0055592176834769668 -0.0015023033704338897 -0.002341002036695895 -0.0038943761070736925 -0.0012778212327910006 -8.3742457167838456e-05 0.0075877318335206877 0.003591702150919042 0.00065260354905279539 0.0030176272692997077 -0.004030331432819367 -0.00045203731773488237 0.0034031484491295282 -2.9644487364510852e-05 0.0018084031410733948 0.0096518057991157868 0.0031885258035581161 0.0055260908099321214 -0.00021769563205369555 -0.00048444168500446413
leaf_weight=2602 2214 5056 89012 12725 80122 3325 64440 769 10277 2892 1086 3894 2760 116432 29736 1437 304 1822 25822 4193 85 21245 1080 1766 2658 110 19340 195 262 19794
leaf_count=2602 2214 5056 89012 12725 80122 3325 64440 769 10277 2892 1086 3894 2760 116432 29736 1437 304 1822 25822 4193 85 21245 1080 1766 2658 110 19340 195 262 19794
internal_value=-0.00206644 0.000800899 -0.0031587 2.34711e-06 -0.00355786 0.00286575 -0.00197617 0.00211273 0.000663558 0.000810804 0.00343961 -0.000484702 -0.0007855 -0.00376827 -0.00138021 0.00149697 0.00300345 0.0041631 0.000530623 0.00251496 0.00287759 -0.000614722 0.00175108 0.00119997 0.00248021 0.00398076 0.0033347 -0.000377848 0.00223315 -0.000226638
internal_weight=527455 145499 381956 104922 285566 40577 96390 17549 44504 38991 23028 60418 27899 196554 31950 10376 7173 2126 28714 5047 4278 25139 8939 5091 3848 1190 21942 5513 457 32519
internal_count=527455 145499 381956 104922 285566 40577 96390 17549 44504 38991 23028 60418 27899 196554 31950 10376 7173 2126 28714 5047 4278 25139 8939 5091 3848 1190 21942 5513 457 32519
is_linear=0
shrinkage=0.03


Tree=48
num_leaves=31
num_cat=0
split_feature=3 3 3 3 3 3 3 4 4 3 4 3 6 3 3 4 9 5 9 6 9 11 11 11 4 6 7 3 11 9
split_gain=1739.02 253.534 186.829 35.7083 28.4835 18.2352 17.8729 9.75655 7.20653 9.1625 5.58075 5.17536 4.87966 4.75653 4.55145 4.37856 5.97607 4.3739 4.32069 3.95863 4.17592 3.78797 3.76899 4.70811 3.69078 3.63338 3.62015 3.93562 3.51963 3.4308
threshold=9.2500000000000018 3.5500000000000003 20.650000000000002 5.5500000000000007 43.050000000000004 2.8500000000000001 12.350000000000003 1.5000000000000002 1.5000000000000002 4.4500000000000011 1.5000000000000002 7.4500000000000011 0.76696832579185525 94.050000000000011 2.5500000000000003 2.5000000000000004 50.95000000000001 10.500000000000002 4.7500000000000009 0.8047619047619049 12.550000000000002 6.5000000000000009 22.500000000000004 19.500000000000004 6.5000000000000009 0.52223320158102771 15.500000000000002 3.8500000000000001 106.50000000000001 9.7500000000000018
decision_type=2 2 2 2 2 2 2 2 2 2 2 2 2 2 2 2 2 2 2 2 2 2 2 2 2 2 2 2 2 2
left_child=1 5 6 8 29 10 18 12 26 15 14 21 17 -6 -1 -10 -17 22 -2 28 -21 -5 23 -7 -8 -13 -3 -28 -11 -4
right_child=2 3 4 11 13 7 24 -9 9 19 -12 25 -14 -15 -16 16 -18 -19 -20 20 -22 -23 -24 -25 -26 -27 27 -29 -30 -31
leaf_value=0.0033931659355622996 -0.0022124171612897341 -0.00059876742542874577 -0.0034028947775791812 0.0044603289025170459 -0.0034816347303726408 0.0014250017024243055 -0.0020299753887165575 0.0028453394351611299 0.0011040191390690435 0.00071394762722140615 0.0049925128639074882 -0.00062222084404911385 -0.00029757223484363956 -0.0037800614425475571 0.0023830822779101067 0.0021431954396532826 0.0099948966701825463 0.00044547803125716007 -0.0012092416657214478 -0.0014959908098053196 0.0019348540297014457 -0.00025515136277631291 0.0014870989219408822 0.0044583116507707146 -0.0024920401364306104 -0.0015307769141026904 0.0054164192905792816 -0.00021241097049858732 -0.00029633101055316792 -0.0029172029462831237
leaf_weight=18497 4497 5056 16036 154 81866 804 38184 6636 13298 16874 1623 20681 1410 116432 5128 2848 90 2024 27453 1684 394 34683 3377 1078 26256 4900 195 262 3803 71232
leaf_count=18497 4497 5056 16036 154 81866 804 38184 6636 13298 16874 1623 20681 1410 116432 5128 2848 90 2024 27453 1684 394 34683 3377 1078 26256 4900 195 262 3803 71232
internal_value=-0.00200944 0.000781543 -0.00307262 2.76014e-06 -0.0034581 0.00279528 -0.0019306 0.00197909 0.000647606 0.000791154 0.00329082 -0.000472235 0.00131781 -0.00365686 0.00317392 0.00133559 0.00238372 0.00163056 -0.00135044 0.000402693 -0.000845484 -0.000234306 0.00208665 0.00316247 -0.00221824 -0.000796253 -0.000367643 0.00218939 0.000528133 -0.00300645
internal_weight=527455 145499 381956 104922 285566 40577 96390 15329 44504 38991 25248 60418 8693 198298 23625 16236 2938 7283 31950 22755 2078 34837 5259 1882 64440 25581 5513 457 20677 87268
internal_count=527455 145499 381956 104922 285566 40577 96390 15329 44504 38991 25248 60418 8693 198298 23625 16236 2938 7283 31950 22755 2078 34837 5259 1882 64440 25581 5513 457 20677 87268
is_linear=0
shrinkage=0.03


Tree=49
num_leaves=31
num_cat=0
split_feature=3 3 3 3 3 3 3 4 10 4 7 3 9 11 3 6 5 1 11 5 3 2 4 1 3 11 1 11 11 11
split_gain=1647.5 241.073 174.261 33.9785 21.2377 21.0116 17.1082 9.31823 6.954 5.43862 5.37428 5.624 5.37118 5.30249 4.92591 4.66822 4.42975 4.41103 5.01729 4.19069 4.18684 4.01412 3.91662 4.89464 3.90684 3.8225 3.61903 3.985 3.61758 4.51954
threshold=9.2500000000000018 3.5500000000000003 22.550000000000004 5.5500000000000007 14.350000000000003 46.150000000000013 2.8500000000000001 1.5000000000000002 2.5000000000000004 1.5000000000000002 2.5000000000000004 3.9500000000000006 12.350000000000003 84.500000000000014 7.4500000000000011 0.76696832579185525 20.500000000000004 7.5000000000000009 76.500000000000014 10.500000000000002 2.5500000000000003 53.500000000000007 3.5000000000000004 1.5000000000000002 199.55000000000004 84.500000000000014 12.500000000000002 6.5000000000000009 22.500000000000004 19.500000000000004
decision_type=2 2 2 2 2 2 2 2 2 2 2 2 2 2 2 2 2 2 2 2 2 2 2 2 2 2 2 2 2 2
left_child=1 6 4 8 12 -4 9 15 13 20 16 -12 21 -3 26 19 17 -10 -19 28 -1 -2 23 -14 -7 -6 27 -5 29 -8
right_child=2 3 5 14 25 24 7 -9 10 -11 11 -13 22 -15 -16 -17 -18 18 -20 -21 -22 -23 -24 -25 -26 -27 -28 -29 -30 -31
leaf_value=0.0033009901543599794 -0.0029961098891754562 0.00031441040828986963 -0.0029940992248395602 0.0052301693530309766 -0.0022167822864036834 -0.0034828904534313239 0.0013933112994948429 0.0027821296730346531 0.0010563427777191914 0.0048859957441026534 0.0020738921465530786 0.00087927142727344974 -0.005452884882688522 -0.0013109286529066318 -0.00077636009799339457 -0.00029069008789163957 -0.0022445869536110849 0.00017033625087626693 -0.0026591827727115908 0.0004352104680045791 0.0023322094264389384 -0.0017193281284158292 -0.0013225522398719782 0.00077097380017921455 -0.0037921948585260658 -0.002781050190360403 -0.00092258189515593777 -0.00011657817419376032 0.0014542568078540928 0.0043652578157153329
leaf_weight=18497 2496 9512 84013 126 42485 140928 804 6636 4796 1623 4380 18643 124 2230 25581 1410 594 3683 666 2024 5128 19766 26562 1372 49720 14490 5657 29054 3377 1078
leaf_count=18497 2496 9512 84013 126 42485 140928 804 6636 4796 1623 4380 18643 124 2230 25581 1410 594 3683 666 2024 5128 19766 26562 1372 49720 14490 5657 29054 3377 1078
internal_value=-0.00195405 0.000762503 -0.00298887 3.10039e-06 -0.00196363 -0.00338937 0.00272613 0.00193556 0.000632134 0.00320611 0.000856638 0.00110654 -0.00151452 5.73164e-06 -0.000460247 0.00128931 0.000265866 0.000428929 -0.000262972 0.0015952 0.00309071 -0.00186248 -0.00123844 0.000255092 -0.00356356 -0.00236029 -0.000228123 -9.34908e-05 0.00204164 0.00309563
internal_weight=527455 145499 381956 104922 107295 274661 40577 15329 44504 25248 32762 23023 50320 11742 60418 8693 9739 9145 4349 7283 23625 22262 28058 1496 190648 56975 34837 29180 5259 1882
internal_count=527455 145499 381956 104922 107295 274661 40577 15329 44504 25248 32762 23023 50320 11742 60418 8693 9739 9145 4349 7283 23625 22262 28058 1496 190648 56975 34837 29180 5259 1882
is_linear=0
shrinkage=0.03


Tree=50
num_leaves=31
num_cat=0
split_feature=3 3 3 3 3 3 3 4 4 3 4 1 6 11 0 6 8 1 4 9 9 3 3 3 4 4 11 7 7 3
split_gain=1560.81 229.367 162.725 26.0554 23.9959 23.2911 16.2358 8.23292 8.05089 6.35385 5.29849 5.23327 4.89032 7.80734 4.81317 4.68921 4.54975 4.30618 4.38748 6.57045 4.30265 4.12006 4.02565 3.84899 3.84253 3.54344 3.5291 3.6356 3.58443 3.62586
threshold=9.2500000000000018 3.7500000000000004 20.650000000000002 5.5500000000000007 43.050000000000004 2.8500000000000001 12.350000000000003 1.5000000000000002 1.5000000000000002 4.4500000000000011 1.5000000000000002 8.5000000000000018 0.36451048951048953 118.50000000000001 6.5000000000000009 0.76696832579185525 1.5000000000000002 15.500000000000002 2.5000000000000004 50.95000000000001 6.1500000000000012 3.1500000000000008 94.050000000000011 2.5500000000000003 3.5000000000000004 3.5000000000000004 27.500000000000004 13.500000000000002 2.5000000000000004 6.2500000000000009
decision_type=2 2 2 2 2 2 2 2 2 2 2 2 2 2 2 2 2 2 2 2 2 2 2 2 2 2 2 2 2 2
left_child=1 5 6 7 -4 10 16 -3 15 17 23 14 26 -14 24 -7 -2 18 -9 -20 -13 -10 -6 -1 -11 -18 27 -5 -28 -30
right_child=2 3 4 12 22 8 -8 9 21 11 -12 20 13 -15 -16 -17 25 -19 19 -21 -22 -23 -24 -25 -26 -27 28 -29 29 -31
leaf_value=0.0032112944508863794 -0.0026006469473767732 -0.000754750476282844 -0.002852622436124485 0.00024333751778173932 -0.0032883974947059882 0.001440646350591007 -0.0021157581155193581 0.00082681204309585253 0.0035214412475817768 0.00048816669453628325 0.0047816828826989788 -0.00094405082167605867 -0.00057366200207838831 -0.0022545492195564765 0.0031701499122254394 -0.00032950273133758318 -5.3843288935113004e-06 0.0042344078835917674 0.0019337080851753474 0.010561465421100941 0.00036984150685551089 0.0020389592015155017 -0.0035629405401213488 0.002282422569823014 0.002618325876223074 -0.0012814263325166785 -0.0019090929648615047 -0.0047428055432506078 0.00050112790134754258 -0.0005491223267595377
leaf_weight=18497 2214 3982 87268 12592 81866 8628 64440 10104 2172 11963 1623 3802 25139 2760 705 1596 2108 410 2545 82 5471 7559 116432 5128 814 27628 1406 133 3705 14683
leaf_count=18497 2214 3982 87268 12592 81866 8628 64440 10104 2172 11963 1623 3802 25139 2760 705 1596 2108 410 2545 82 5471 7559 116432 5128 814 27628 1406 133 3705 14683
internal_value=-0.00190018 0.000743929 -0.00290741 -5.57185e-05 -0.00326716 0.00251818 -0.0018416 0.000539457 0.0017522 0.000683025 0.00312358 0.000379711 -0.000448555 -0.000739949 0.000757025 0.00116432 -0.00128865 0.00120824 0.00111079 0.00220302 -0.000168864 0.00236986 -0.0034496 0.00300968 0.000623875 -0.00119097 -0.000198559 0.000191223 -0.00044914 -0.000337507
internal_weight=527455 145499 381956 100296 285566 45203 96390 39878 19955 35896 25248 22755 60418 27899 13482 10224 31950 13141 12731 2627 9273 9731 198298 23625 12777 29736 32519 12725 19794 18388
internal_count=527455 145499 381956 100296 285566 45203 96390 39878 19955 35896 25248 22755 60418 27899 13482 10224 31950 13141 12731 2627 9273 9731 198298 23625 12777 29736 32519 12725 19794 18388
is_linear=0
shrinkage=0.03


Tree=51
num_leaves=31
num_cat=0
split_feature=3 3 3 3 3 3 3 4 10 4 7 3 11 3 6 1 11 9 3 3 10 9 11 9 1 0 0 1 1 9
split_gain=1478.74 218.233 151.708 30.688 22.0065 15.388 14.9782 8.53617 6.59193 5.16041 5.11887 5.25419 5.02601 4.66389 4.27631 4.05708 3.93932 3.89699 3.68101 3.65807 3.56451 5.56719 3.70531 3.4968 3.42451 8.28664 3.98759 9.18806 5.88892 5.23638
threshold=9.2500000000000018 3.5500000000000003 20.650000000000002 5.5500000000000007 43.050000000000004 12.350000000000003 2.8500000000000001 1.5000000000000002 2.5000000000000004 1.5000000000000002 2.5000000000000004 3.9500000000000006 84.500000000000014 7.4500000000000011 0.76696832579185525 7.5000000000000009 76.500000000000014 4.7500000000000009 217.25000000000003 1.5500000000000003 15.500000000000002 18.650000000000002 26.500000000000004 56.350000000000001 12.500000000000002 7.5000000000000009 4.5000000000000009 4.5000000000000009 8.5000000000000018 5.6500000000000012
decision_type=2 2 2 2 2 2 2 2 2 2 2 2 2 2 2 2 2 2 2 2 2 2 2 2 2 2 2 2 2 2
left_child=1 6 5 8 -4 17 9 14 12 19 15 -12 23 24 -8 -10 -17 -2 -6 -1 21 -21 -22 -3 25 26 27 29 -28 -5
right_child=2 3 4 13 18 -7 7 -9 10 -11 11 -13 -14 -15 -16 16 -18 -19 -20 20 22 -23 -24 -25 -26 -27 28 -29 -30 -31
leaf_value=0.0039919271861198931 -0.0020794209867735715 0.0002275636559664537 -0.002778584939130694 -0.0010540330403985018 -0.003282274853332694 -0.0020660180972552613 0.0015286484739208521 0.002664680395874904 0.00082350908193671907 0.0046795970735840787 0.0019985864758491514 0.00084391020976543713 -0.0012906448918607737 -0.00074462450188825463 -0.00027634646917911284 -3.1406873476785913e-05 -0.0024737063058772879 -0.0011267017628075501 -0.0035959523492086541 0.0028762054806651042 0.00039259749647275067 0.0054086879535364049 0.002499094237861228 0.0054461269195263196 -0.00088670487836495877 0.0019543026579992872 0.0010552326866278524 -0.0015197653253601474 -0.00032107897710938459 0.00043989697021164302
leaf_weight=2602 4497 9395 87268 2971 155308 64440 7283 6636 5130 1623 4380 18643 2230 25581 1410 3908 701 27453 42990 15756 958 822 3487 117 5657 1697 4560 5411 7241 7300
leaf_count=2602 4497 9395 87268 2971 155308 64440 7283 6636 5130 1623 4380 18643 2230 25581 1410 3908 701 27453 42990 15756 958 822 3487 117 5657 1697 4560 5411 7241 7300
internal_value=-0.00184782 0.000725841 -0.00282821 3.30682e-06 -0.00317557 -0.00179912 0.00259413 0.00185441 0.000601106 0.00304325 0.000819688 0.00106358 -8.77029e-06 -0.000437033 0.00123588 0.000243125 -0.000402865 -0.0012608 -0.00335028 0.00293083 0.0027995 0.00300178 0.0020451 0.000291753 -0.000211168 -8.02041e-05 -0.000205829 -0.000519305 0.000210739 7.76124e-06
internal_weight=527455 145499 381956 104922 285566 96390 40577 15329 44504 25248 32762 23023 11742 60418 8693 9739 4609 31950 198298 23625 21023 16578 4445 9512 34837 29180 27483 15682 11801 10271
internal_count=527455 145499 381956 104922 285566 96390 40577 15329 44504 25248 32762 23023 11742 60418 8693 9739 4609 31950 198298 23625 21023 16578 4445 9512 34837 29180 27483 15682 11801 10271
is_linear=0
shrinkage=0.03


Tree=52
num_leaves=31
num_cat=0
split_feature=4 4 4 4 4 4 10 4 1 0 1 7 8 11 7 0 5 7 7 2 1 5 11 9 2 1 0 2 2 7
split_gain=1375.03 121.044 117.365 23.4778 20.7146 12.1182 7.17853 6.27427 5.90406 5.86307 5.43809 5.37071 5.31955 5.5161 7.99711 5.16058 5.04386 3.87912 3.83857 3.6617 3.61503 3.5427 4.14108 3.40656 3.23302 3.1528 5.12625 4.27466 3.19306 3.13047
threshold=4.5000000000000009 2.5000000000000004 6.5000000000000009 1.5000000000000002 8.5000000000000018 3.5000000000000004 1.5000000000000002 5.5000000000000009 9.5000000000000018 4.5000000000000009 7.5000000000000009 1.5000000000000002 1.5000000000000002 64.500000000000014 2.5000000000000004 5.5000000000000009 4.5000000000000009 12.500000000000002 3.5000000000000004 59.250000000000007 5.5000000000000009 8.5000000000000018 64.500000000000014 40.250000000000007 52.500000000000007 6.5000000000000009 6.5000000000000009 58.750000000000007 53.500000000000007 11.500000000000002
decision_type=2 2 2 2 2 2 2 2 2 2 2 2 2 2 2 2 2 2 2 2 2 2 2 2 2 2 2 2 2 2
left_child=1 3 7 9 -4 12 -5 -2 15 -1 18 -12 16 23 -15 20 -3 -6 -11 -9 -7 22 24 -14 -8 27 -27 -23 -28 -21
right_child=2 5 4 6 17 8 21 19 -10 10 11 -13 13 14 -16 -17 -18 -19 -20 29 -22 25 -24 -25 -26 26 28 -29 -30 -31
leaf_value=0.0015754918847741958 -0.0014401587962798719 0.00046563605707432721 -0.0026025817099167201 -0.00028827709954016466 -0.0030869938018272961 -0.00027360143089914818 -0.00010706839754757965 -0.0020344653451104524 -0.0011461547299108222 0.0026633914612095538 0.00066279495361674283 0.0022925155418228476 0.00043262279635713211 -0.0023759443961398701 4.5293450053134986e-05 0.00057961969823148258 -0.0015093376496383276 -0.0033474188516644308 0.0046465915079940768 0.00054328755319984427 -0.0011159275071765532 0.00089706142909601956 0.0007362760385230333 0.0017061444131689658 0.001693016448672734 -0.00075681715117966114 -0.0025463130944211715 0.0038463075290911075 0.0012576245059309319 -0.0042643323634471092
leaf_weight=16877 37847 1863 74764 3872 146028 14181 959 36835 12470 2602 2071 15010 20345 1420 9067 4443 3101 79502 1326 826 6777 4379 8067 2084 14112 2841 213 492 2938 143
leaf_count=16877 37847 1863 74764 3872 146028 14181 959 36835 12470 2602 2071 15010 20345 1420 9067 4443 3101 79502 1326 826 6777 4379 8067 2084 14112 2841 213 492 2938 143
internal_value=-0.00179689 0.000615941 -0.00276929 0.00146385 -0.00303534 -0.000232059 0.000935641 -0.00171321 -0.000611547 0.00199188 0.00232638 0.00209492 0.000147338 0.000285398 -0.000282556 -0.000349094 -0.000768126 -0.0031788 0.00333287 -0.00198658 -0.000545977 0.00107502 0.00128484 0.000550953 0.00157847 0.000628098 0.000167293 0.00119495 0.00100049 -0.000166196
internal_weight=527455 151510 375945 75759 300294 75751 37873 75651 37871 37886 21009 17081 37880 32916 10487 25401 4964 225530 3928 37804 20958 34001 23138 22429 15071 10863 5992 4871 3151 969
internal_count=527455 151510 375945 75759 300294 75751 37873 75651 37871 37886 21009 17081 37880 32916 10487 25401 4964 225530 3928 37804 20958 34001 23138 22429 15071 10863 5992 4871 3151 969
is_linear=0
shrinkage=0.03


Tree=53
num_leaves=31
num_cat=0
split_feature=4 4 4 4 4 4 10 4 1 0 1 6 7 8 11 7 0 5 7 6 2 2 1 5 11 1 0 2 10 6
split_gain=1302.55 115.201 109.622 22.3016 19.045 11.538 6.83651 5.95933 5.61826 5.59456 5.16426 5.405 5.11419 5.04704 5.2356 7.57902 4.91626 4.78591 3.59856 3.57117 4.06502 3.49912 3.44161 3.37487 3.94446 3.15821 3.74873 4.13751 3.65244 5.92748
threshold=4.5000000000000009 2.5000000000000004 6.5000000000000009 1.5000000000000002 8.5000000000000018 3.5000000000000004 1.5000000000000002 5.5000000000000009 9.5000000000000018 4.5000000000000009 7.5000000000000009 0.29128787878787882 1.5000000000000002 1.5000000000000002 64.500000000000014 2.5000000000000004 5.5000000000000009 4.5000000000000009 12.500000000000002 0.26975051975051983 57.250000000000007 59.250000000000007 5.5000000000000009 8.5000000000000018 64.500000000000014 11.500000000000002 5.5000000000000009 52.500000000000007 16.500000000000004 0.19292803970223329
decision_type=2 2 2 2 2 2 2 2 2 2 2 2 2 2 2 2 2 2 2 2 2 2 2 2 2 2 2 2 2 2
left_child=1 3 7 9 -4 13 -5 -2 16 -1 11 -11 -12 17 25 -16 22 -3 -6 -10 -21 -9 -7 24 -8 26 -15 -28 29 -27
right_child=2 5 4 6 18 8 23 21 19 10 12 -13 -14 14 15 -17 -18 -19 -20 20 -22 -23 -24 -25 -26 28 27 -29 -30 -31
leaf_value=0.0015359898754351989 -0.0014071272322020449 0.00045392390466542635 -0.0025360604307696133 -0.00028111631820393985 -0.0030001456266482919 -0.0002670466150873328 0.0015406744676672954 -0.0019864680611028978 -0.00055967117747234474 0.0054101922966481083 0.0006464181756459926 0.0026769364585149005 0.0022367440697589852 0.00045795987237693525 -0.0023129483981871269 4.4147768744536733e-05 0.00056582035415080815 -0.0014698853344926523 -0.0032509764552400167 -0.001804988779030837 0.00079827230291318156 -0.00016014516261339925 -0.0010889196132019907 0.00061310028244253344 0.00071871384458776382 0.0023637755785072059 0.005080027864839797 0.0012281921081616972 -0.0025881909140415727 -0.00043359431966377352
leaf_weight=16877 37847 1863 74764 3872 146028 14181 15071 36835 5642 824 2071 3104 15010 13002 1420 9067 4443 3101 79502 6237 591 969 6777 10863 8067 855 266 4446 496 3364
leaf_count=16877 37847 1863 74764 3872 146028 14181 15071 36835 5642 824 2071 3104 15010 13002 1420 9067 4443 3101 79502 6237 591 969 6777 10863 8067 855 266 4446 496 3364
internal_value=-0.00174747 0.000600907 -0.00269389 0.0014281 -0.00295101 -0.000226372 0.000913289 -0.00167324 -0.000596664 0.00194273 0.00226948 0.00325031 0.00204392 0.000143832 0.000278308 -0.000275017 -0.000340642 -0.000747876 -0.00308857 -0.00111817 -0.00157966 -0.00193966 -0.000532808 0.00104931 0.0012541 0.000537023 0.000720686 0.00144563 -0.000152985 0.000133306
internal_weight=527455 151510 375945 75759 300294 75751 37873 75651 37871 37886 21009 3928 17081 37880 32916 10487 25401 4964 225530 12470 6828 37804 20958 34001 23138 22429 17714 4712 4715 4219
internal_count=527455 151510 375945 75759 300294 75751 37873 75651 37871 37886 21009 3928 17081 37880 32916 10487 25401 4964 225530 12470 6828 37804 20958 34001 23138 22429 17714 4712 4715 4219
is_linear=0
shrinkage=0.03


Tree=54
num_leaves=31
num_cat=0
split_feature=3 3 3 3 3 3 3 4 4 11 10 4 8 4 3 2 9 3 8 6 9 4 2 1 3 7 3 10 9 8
split_gain=1264.44 194.359 123.933 26.3062 17.4885 13.3328 13.1577 9.35937 8.67605 6.41689 6.47822 5.34309 5.28075 5.06465 6.83933 4.52697 4.56883 4.2792 4.161 4.06608 3.87084 4.67539 4.44677 4.39925 3.81753 3.52359 3.68016 3.45679 3.40802 3.33403
threshold=9.2500000000000018 3.5500000000000003 20.650000000000002 5.0500000000000007 43.750000000000007 2.8500000000000001 12.350000000000003 2.5000000000000004 1.5000000000000002 91.500000000000014 3.5000000000000004 1.5000000000000002 1.5000000000000002 1.5000000000000002 4.0500000000000007 59.250000000000007 93.15000000000002 7.4500000000000011 1.5000000000000002 0.76696832579185525 16.850000000000005 3.5000000000000004 52.500000000000007 15.500000000000002 4.1500000000000012 58.500000000000007 3.8500000000000001 11.500000000000002 9.7500000000000018 4.5000000000000009
decision_type=2 2 2 2 2 2 2 2 2 2 2 2 2 2 2 2 2 2 2 2 2 2 2 2 2 2 2 2 2 2
left_child=1 5 6 7 28 11 18 13 19 15 -11 -1 -9 25 -15 17 27 20 -2 -7 21 -5 -23 -24 -14 -3 -27 -17 -4 -10
right_child=2 3 4 9 -6 8 -8 12 29 10 -12 -13 24 14 -16 16 -18 -19 -20 -21 -22 22 23 -25 -26 26 -28 -29 -30 -31
leaf_value=0.0027529562245683726 -0.0024327462245293746 -0.00064126562978168136 -0.0029638867643682434 -0.00047524781976770948 -0.0030779123537417767 0.0014076076203055161 -0.0019226380114060319 -8.2974038868833589e-05 0.0021236021382473576 -0.0019500804264477932 -0.00052204034765750899 0.0045324068203871437 0.0035170273458765395 0.0013498962518147986 0.00020632047403790029 0.0013114872151519718 -0.0054570659001668296 -0.00058130224369721943 -0.0010846363128289953 -0.00035245921320103583 0.00053622368063610461 0.003268586446187998 9.7633207297886517e-05 0.0044015446373007515 0.0015981876549226762 0.0054021375755900916 -0.00028460613318852013 0.0058798208745086894 -0.0024833373233227882 0.0035926351030096523
leaf_weight=23625 2214 4944 16248 17942 196554 7283 64440 1447 4653 3779 11744 1623 1116 7352 13082 1211 81 19352 29736 1410 8399 456 7517 220 5695 184 231 170 72764 1983
leaf_count=23625 2214 4944 16248 17942 196554 7283 64440 1447 4653 3779 11744 1623 1116 7352 13082 1211 81 19352 29736 1410 8399 456 7517 220 5695 184 231 170 72764 1983
internal_value=-0.0016994 0.000680475 -0.00260597 -1.39396e-06 -0.00291992 0.00244362 -0.00167583 0.000683914 0.00174571 -0.00033066 -0.00086969 0.00286734 0.00156292 0.000402487 0.00061777 -0.000179483 0.00146769 -0.000224173 -0.00117805 0.00112213 -2.40467e-05 -0.000204101 0.000389689 0.000220014 0.00191259 -0.000418393 0.00223675 0.00187385 -0.00257106 0.00256259
internal_weight=527455 145499 381956 104922 285566 40577 96390 34051 15329 70871 15523 25248 8258 25793 20434 55348 1462 53886 31950 8693 34534 26135 8193 7737 6811 5359 415 1381 89012 6636
internal_count=527455 145499 381956 104922 285566 40577 96390 34051 15329 70871 15523 25248 8258 25793 20434 55348 1462 53886 31950 8693 34534 26135 8193 7737 6811 5359 415 1381 89012 6636
is_linear=0
shrinkage=0.03


Tree=55
num_leaves=31
num_cat=0
split_feature=4 4 4 4 4 4 10 4 1 0 1 6 7 1 0 2 0 11 2 1 8 7 1 6 2 11 11 2 11 9
split_gain=1170.22 104.075 95.7933 19.9979 16.0737 10.5968 6.4926 5.35384 5.35041 5.34543 4.80728 5.18806 4.84948 4.68767 6.52864 5.01796 4.66443 4.23955 4.14075 4.23252 4.53271 4.21153 3.82463 3.41723 3.86646 3.38176 3.35305 3.31807 3.28348 3.80278
threshold=4.5000000000000009 2.5000000000000004 6.5000000000000009 1.5000000000000002 8.5000000000000018 3.5000000000000004 1.5000000000000002 5.5000000000000009 9.5000000000000018 4.5000000000000009 7.5000000000000009 0.29128787878787882 1.5000000000000002 11.500000000000002 5.5000000000000009 56.750000000000007 5.5000000000000009 91.500000000000014 59.250000000000007 6.5000000000000009 1.5000000000000002 8.5000000000000018 8.5000000000000018 0.26975051975051983 57.250000000000007 33.500000000000007 21.500000000000004 59.250000000000007 47.500000000000007 98.65000000000002
decision_type=2 2 2 2 2 2 2 2 2 2 2 2 2 2 2 2 2 2 2 2 2 2 2 2 2 2 2 2 2 2
left_child=1 3 7 9 -4 13 -5 -2 16 -1 11 -11 -12 14 18 22 28 -17 19 20 -3 -21 -16 -10 -25 -23 -22 -9 29 -7
right_child=2 5 4 6 -6 8 -8 27 23 10 12 -13 -14 -15 15 17 -18 -19 -20 21 26 25 -24 24 -26 -27 -28 -29 -30 -31
leaf_value=0.0014493075762285037 -0.0013432851859917648 -0.0010779347788842245 -0.0024087654064808002 -0.00029190781839915421 -0.002916344652280019 -0.00027133338307212948 0.0010046197533277036 -0.0018936209485806586 -0.00053045033888270013 0.005228696797509029 0.00058780284868344178 0.0025508542509433212 0.0021364233185357647 -0.00050466103911803639 0.0024841429727603696 0.0004085839079454943 0.0005649302156288667 -0.0031417734718517118 0.0024754115662473809 -0.00031651102415466569 0.0011174817448529632 -0.0064564145218794517 0.00090600799512246556 -0.0017479691887028004 0.00079091787186976012 -0.001713885971173948 0.00010683209643282389 -0.00011517508295667429 -0.00092801736640138108 0.0027604369784330392
leaf_weight=16877 37847 2088 74764 3872 225530 11332 34001 36835 5642 824 2071 3104 15010 7971 2202 1706 4443 368 614 4317 4294 157 3712 6237 591 980 9471 969 9241 385
leaf_count=16877 37847 2088 74764 3872 225530 11332 34001 36835 5642 824 2071 3104 15010 7971 2202 1706 4443 368 614 4317 4294 157 3712 6237 591 980 9471 969 9241 385
internal_value=-0.00165256 0.000573329 -0.00254961 0.00135956 -0.00278997 -0.000212988 0.000872067 -0.00159552 -0.000567856 0.00184689 0.00216628 0.0031126 0.00194866 0.000141795 0.000314081 0.00104833 -0.000318011 -0.000221373 4.65218e-05 -2.34711e-05 0.000224535 -0.000744342 0.00149361 -0.00107678 -0.00152821 -0.00236875 0.000422105 -0.00184804 -0.000505191 -0.000171715
internal_weight=527455 151510 375945 75759 300294 75751 37873 75651 37871 37886 21009 3928 17081 37880 29909 7988 25401 2074 21921 21307 15853 5454 5914 12470 6828 1137 13765 37804 20958 11717
internal_count=527455 151510 375945 75759 300294 75751 37873 75651 37871 37886 21009 3928 17081 37880 29909 7988 25401 2074 21921 21307 15853 5454 5914 12470 6828 1137 13765 37804 20958 11717
is_linear=0
shrinkage=0.03


Tree=56
num_leaves=31
num_cat=0
split_feature=3 3 3 3 3 3 3 4 4 8 3 4 4 3 1 0 1 1 0 5 6 8 3 0 1 3 8 10 9 5
split_gain=1138.44 179.155 108.086 23.7534 15.0619 12.2468 11.8494 9.00503 8.09089 6.1806 5.91909 5.37882 5.25587 5.0205 4.44266 9.41715 9.03866 7.05699 4.6167 4.48024 4.3332 4.33163 4.36176 4.19941 4.06315 3.97298 3.94478 3.71006 6.23953 3.6569
threshold=9.2500000000000018 3.5500000000000003 20.650000000000002 5.3500000000000005 37.150000000000013 2.7500000000000004 12.350000000000003 1.5000000000000002 2.5000000000000004 1.5000000000000002 4.0500000000000007 1.5000000000000002 1.5000000000000002 4.1500000000000012 12.500000000000002 5.5000000000000009 8.5000000000000018 4.5000000000000009 4.5000000000000009 19.500000000000004 0.40824915824915831 4.5000000000000009 2.9500000000000006 3.5000000000000004 9.5000000000000018 6.4500000000000011 1.5000000000000002 8.5000000000000018 6.1500000000000012 5.5000000000000009
decision_type=2 2 2 2 2 2 2 2 2 2 2 2 2 2 2 2 2 2 2 2 2 2 2 2 2 2 2 2 2 2
left_child=1 5 6 8 -4 11 26 24 10 -10 12 -1 -3 -11 15 17 19 23 27 -17 -18 -9 -23 -5 -7 -25 -2 -19 -29 -14
right_child=2 3 4 14 -6 7 -8 21 9 13 -12 -13 29 -15 -16 16 20 18 -20 -21 -22 22 -24 25 -26 -27 -28 28 -30 -31
leaf_value=0.0026968180966710823 -0.0023479747606648337 -0.00014161549650337429 -0.0023805279733269077 -0.00025928548044543696 -0.0028854490675365085 0.00072853219059021033 -0.0018329127295778672 0.0020856781053217137 -0.00029850413843327266 0.0034240054395250096 -4.2517850623232082e-05 0.0048597359283729484 0.001944899367137657 0.0012883905525355587 -0.00092196353903978095 0.0018250644831444504 0.00038021311269760929 -0.00095783383262220876 -0.00040562493918690055 -0.0012249415045903051 -0.00079040929539206167 0.0070266876756948857 0.0031449811333130011 0.0031075218247425232 0.0019593476868524379 0.00024290767658588497 -0.0010353571026194375 -0.0053443615045398471 -0.0016493582952619842 0.00060599911214598724
leaf_weight=21942 2214 3311 70650 17167 214916 6555 64440 5047 2003 1116 17843 1086 3799 8824 10618 4009 7179 6764 8233 486 4715 304 1822 658 3821 1290 29736 480 2874 3553
leaf_count=21942 2214 3311 70650 17167 214916 6555 64440 5047 2003 1116 17843 1086 3799 8824 10618 4009 7179 6764 8233 486 4715 304 1822 658 3821 1290 29736 480 2874 3553
internal_value=-0.00160712 0.000651072 -0.00246733 -3.58248e-06 -0.00276053 0.00234384 -0.0015987 0.00174682 0.000566301 0.00122181 0.000291667 0.00279882 0.000850877 0.00152816 -0.000361115 -0.000250539 0.000349267 -0.000512916 -0.000933129 0.0014953 -8.38431e-05 0.00256416 0.00370003 -0.000109498 0.00118178 0.00121052 -0.00112632 -0.00136236 -0.00217816 0.00129785
internal_weight=527455 145499 381956 104922 285566 40577 96390 17549 40449 11943 28506 23028 10663 9940 64473 53855 16389 37466 18351 4495 11894 7173 2126 19115 10376 1948 31950 10118 3354 7352
internal_count=527455 145499 381956 104922 285566 40577 96390 17549 40449 11943 28506 23028 10663 9940 64473 53855 16389 37466 18351 4495 11894 7173 2126 19115 10376 1948 31950 10118 3354 7352
is_linear=0
shrinkage=0.03


Tree=57
num_leaves=31
num_cat=0
split_feature=4 4 4 4 4 4 10 0 1 2 4 1 6 5 0 11 8 8 8 11 9 1 0 9 10 0 1 10 6 2
split_gain=1051.6 94.0452 83.6234 17.8229 13.5383 9.60445 6.17152 5.03439 5.02933 4.96934 4.8662 4.51143 4.9771 4.47174 4.24339 4.10499 8.71076 3.81012 3.78451 4.24599 3.62316 3.51797 3.66114 3.5082 3.56305 3.29627 4.43258 3.27331 3.2261 3.69414
threshold=4.5000000000000009 2.5000000000000004 6.5000000000000009 1.5000000000000002 8.5000000000000018 3.5000000000000004 1.5000000000000002 4.5000000000000009 9.5000000000000018 59.250000000000007 5.5000000000000009 7.5000000000000009 0.29128787878787882 7.5000000000000009 5.5000000000000009 106.50000000000001 5.5000000000000009 12.500000000000002 1.5000000000000002 77.500000000000014 25.250000000000004 4.5000000000000009 2.5000000000000004 2.6500000000000008 11.500000000000002 4.5000000000000009 8.5000000000000018 1.5000000000000002 0.26975051975051983 56.750000000000007
decision_type=2 2 2 2 2 2 2 2 2 2 2 2 2 2 2 2 2 2 2 2 2 2 2 2 2 2 2 2 2 2
left_child=1 3 9 7 -4 13 -5 -1 14 10 23 12 -9 15 -7 21 -17 -11 -15 -20 -18 22 -3 -2 27 -23 -27 -25 -10 -30
right_child=2 5 4 6 -6 8 -8 11 28 17 -12 -13 -14 18 -16 16 20 -19 19 -21 -22 25 -24 24 -26 26 -28 -29 29 -31
leaf_value=0.0013688908584524853 -0.0029810889662927405 0.00078201754220313989 -0.0022878767362441545 -0.00030038293329844913 -0.0027537073293017879 -0.00047432855752795603 0.00096367955554814346 0.005054057123485921 -0.00050061426697597987 0.00035358343812588012 -0.0018054937677822265 0.001853873370649224 0.0024312240333077256 -0.0014889971464647606 0.0005463526490006714 -0.0023254153144916952 0.0042772900225485069 -0.0043937615529600392 0.00016291095305993609 -0.0013138062617608479 0.00018092018313498658 -0.00057815408912198301 0.0025533593990010759 -0.0020599426395595186 -0.0017359800383920255 0.0017321064761198299 0.00023807466875224237 -0.0009573107278465305 -0.0019085760502576584 -0.00035964421731353853
leaf_weight=16877 1107 3741 74764 3872 225530 20958 34001 824 5642 1824 36835 17081 3104 1989 4443 1433 204 166 10586 2100 4098 2697 1460 2713 10331 2378 7194 22675 4895 1933
leaf_count=16877 1107 3741 74764 3872 225530 20958 34001 824 5642 1824 36835 17081 3104 1989 4443 1433 204 166 10586 2100 4098 2697 1460 2713 10331 2378 7194 22675 4895 1933
internal_value=-0.00156278 0.000547281 -0.00241316 0.00129467 -0.00263773 -0.000200185 0.000834446 0.00175473 -0.000538028 -0.00152172 -0.00156169 0.00206469 0.00298143 0.000137577 -0.000295797 0.000396788 -0.000299624 -4.24262e-05 -0.000272302 -8.15401e-05 0.000375169 0.000625404 0.00127926 -0.00131782 -0.00126627 0.000348225 0.000609241 -0.00107514 -0.00103145 -0.00147007
internal_weight=527455 151510 375945 75759 300294 75751 37873 37886 37871 75651 73661 21009 3928 37880 25401 23205 5735 1990 14675 12686 4302 17470 5201 36826 35719 12269 9572 25388 12470 6828
internal_count=527455 151510 375945 75759 300294 75751 37873 37886 37871 75651 73661 21009 3928 37880 25401 23205 5735 1990 14675 12686 4302 17470 5201 36826 35719 12269 9572 25388 12470 6828
is_linear=0
shrinkage=0.03


Tree=58
num_leaves=31
num_cat=0
split_feature=3 3 3 3 3 3 3 4 4 4 11 3 7 4 8 3 7 10 3 3 9 4 10 2 10 8 2 1 11 9
split_gain=1025.26 165.24 94.199 21.5177 12.9418 11.3705 10.6633 8.62774 6.50505 6.33861 5.94044 5.6028 5.36381 4.87461 5.30833 5.27553 4.50966 4.25412 3.99663 3.89472 3.93933 4.0064 3.73561 5.12971 3.90931 3.70573 3.54189 3.60976 3.51659 3.50525
threshold=9.2500000000000018 3.5500000000000003 20.650000000000002 4.9500000000000011 52.750000000000007 3.0500000000000003 12.350000000000003 1.5000000000000002 1.5000000000000002 1.5000000000000002 91.500000000000014 2.5500000000000003 15.500000000000002 2.5000000000000004 1.5000000000000002 4.0500000000000007 3.5000000000000004 1.5000000000000002 4.6500000000000012 7.4500000000000011 16.850000000000005 3.5000000000000004 1.5000000000000002 53.500000000000007 13.500000000000002 1.5000000000000002 52.500000000000007 15.500000000000002 161.50000000000003 11.350000000000003
decision_type=2 2 2 2 2 2 2 2 2 2 2 2 2 2 2 2 2 2 2 2 2 2 2 2 2 2 2 2 2 2
left_child=1 5 6 7 -4 8 25 -3 11 -7 17 -1 28 15 18 -9 -11 -5 -15 20 21 -19 -13 -24 -25 -2 -23 -28 -12 -10
right_child=2 3 4 10 -6 9 -8 13 29 16 12 22 -14 14 -16 -17 -18 19 -20 -21 -22 26 23 24 -26 -27 27 -29 -30 -31
leaf_value=0.002694816058357813 -0.0022611648098724642 -0.00046505171521654665 -0.00235426848676994 -0.00094618576740928976 -0.0027694385067205947 0.00072363708631127276 -0.0017474027430184281 0.0012481715728379827 0.0033077215420409165 0.0014246241907330402 -0.00092408423075046435 4.7396238915313631e-05 -0.00020213171154437613 0.0010754098337801064 0.0019027013921421594 0.00023114249644322403 0.0031995099096334763 -0.00030683559673323448 -0.0023544328892889195 -0.00041781233013301575 0.00069808480822106317 0.0032443950365623228 0.0045781688143809634 0.0021575374883841809 0.00044161497240974789 -0.00098894091489889428 0.00024904714246645087 0.0042976811791167538 -0.0022611706942068221 0.0057233794024096254
leaf_weight=18497 2214 5300 109769 5434 175797 5650 64440 7352 2256 3074 6143 1014 7241 816 5959 12220 2218 17555 489 18110 8235 406 630 4952 1575 29736 6971 204 2487 711
leaf_count=18497 2214 5300 109769 5434 175797 5650 64440 7352 2256 3074 6143 1014 7241 816 5959 12220 2218 17555 489 18110 8235 406 630 4952 1575 29736 6971 204 2487 711
internal_value=-0.0015198 0.0006232 -0.00233613 -5.51766e-06 -0.00260985 0.00224891 -0.00152522 0.000641049 0.00255406 0.00142244 -0.000290986 0.0024058 -0.000804223 0.0008595 0.00152318 0.000613178 0.00216852 -0.000147867 -0.000209796 -6.3602e-05 0.000128623 -5.79424e-05 0.00175156 0.001993 0.00174348 -0.0010771 0.000518409 0.000364158 -0.00130941 0.0038866
internal_weight=527455 145499 381956 104922 285566 40577 96390 32136 29635 10942 72786 26668 15871 26836 7264 19572 5292 56915 1305 51481 33371 25136 8171 7157 6527 31950 7581 7175 8630 2967
internal_count=527455 145499 381956 104922 285566 40577 96390 32136 29635 10942 72786 26668 15871 26836 7264 19572 5292 56915 1305 51481 33371 25136 8171 7157 6527 31950 7581 7175 8630 2967
is_linear=0
shrinkage=0.03


Tree=59
num_leaves=31
num_cat=0
split_feature=3 3 3 3 3 3 3 4 4 4 3 3 6 11 6 9 4 9 8 7 4 11 11 8 3 2 9 7 6 9
split_gain=971.641 157.357 87.7257 16.4284 16.3458 11.9923 10.1027 8.55869 6.3275 6.19423 5.20341 5.00672 4.16857 6.53179 3.65413 3.79185 3.63179 6.12169 3.53212 3.49429 3.85407 4.07726 3.83678 4.04713 3.55999 3.42076 3.37844 3.24809 4.30831 3.21548
threshold=9.2500000000000018 3.7500000000000004 20.650000000000002 5.5500000000000007 3.0500000000000003 37.150000000000013 12.350000000000003 1.5000000000000002 1.5000000000000002 1.5000000000000002 2.5500000000000003 4.4500000000000011 0.36451048951048953 118.50000000000001 0.8047619047619049 12.550000000000002 2.5000000000000004 50.95000000000001 1.5000000000000002 2.5000000000000004 2.5000000000000004 126.50000000000001 18.500000000000004 5.5000000000000009 3.2500000000000004 53.500000000000007 11.350000000000003 10.500000000000002 0.44058823529411767 29.550000000000004
decision_type=2 2 2 2 2 2 2 2 2 2 2 2 2 2 2 2 2 2 2 2 2 2 2 2 2 2 2 2 2 2
left_child=1 4 6 7 8 -4 18 -3 10 29 -1 16 -5 -14 -13 -16 -9 -18 -2 20 21 22 23 -11 -21 -12 -10 -26 -29 -6
right_child=2 3 5 12 9 -7 -8 11 26 19 25 14 13 -15 15 -17 17 -19 -20 24 -22 -23 -24 -25 27 -27 -28 28 -30 -31
leaf_value=0.0026236610195435116 -0.0022098749766989454 -0.00090100036590677721 -0.0021976827837099696 -0.00013515614983765614 0.00039544622264527215 -0.0026482249713864767 -0.0017063225056261546 0.00077939122457077153 0.0032372772369900359 -0.0023521712209035417 0.003631441141233632 0.00041621711116098377 -0.00048290269982013864 -0.0020203607049973115 -0.0015233838473249785 0.0017458839449785686 0.0017600676370082096 0.0099893399327993394 -0.00096780959035693101 0.0038936510092656812 0.0055097649111805185 -0.0039901752977181751 0.0016139207760857035 0.0041994976667830575 0.0023370982430926013 0.0015180751421547758 0.0056088357786589025 0.0011232743590278962 -0.0051104912467491931 0.0022649672065729867
leaf_weight=18497 2214 3982 70650 32519 6226 214916 64440 10472 2256 461 760 20677 25139 2760 1684 394 2585 84 29736 1039 166 151 2292 104 3379 7411 711 678 117 955
leaf_count=18497 2214 3982 70650 32519 6226 214916 64440 10472 2256 461 760 20677 25139 2760 1684 394 2585 84 29736 1039 166 151 2292 104 3379 7411 711 678 117 955
internal_value=-0.00147791 0.000608298 -0.00227262 -5.40353e-05 0.00207788 -0.00253676 -0.00149006 0.000418564 0.00249136 0.00129078 0.00234514 0.000564946 -0.000365968 -0.000635001 0.000295699 -0.000903513 0.00103117 0.00201906 -0.00105388 0.0018445 0.00105974 0.000814158 0.00106808 -0.0011462 0.00232231 0.00171464 0.00380559 0.00193117 0.000205852 0.000644074
internal_weight=527455 145499 381956 100296 45203 285566 96390 39878 29635 15568 26668 35896 60418 27899 22755 2078 13141 2669 31950 8387 3174 3008 2857 565 5213 8171 2967 4174 795 7181
internal_count=527455 145499 381956 100296 45203 285566 96390 39878 29635 15568 26668 35896 60418 27899 22755 2078 13141 2669 31950 8387 3174 3008 2857 565 5213 8171 2967 4174 795 7181
is_linear=0
shrinkage=0.03


Tree=60
num_leaves=31
num_cat=0
split_feature=3 3 3 3 3 3 4 3 4 4 11 9 3 4 8 3 2 9 7 1 5 4 3 8 3 1 7 7 5 0
split_gain=921.041 146.393 85.8607 18.6032 15.1183 10.1203 7.83159 7.30195 6.16069 5.82144 5.43799 5.7453 4.83457 4.56426 5.02385 4.91942 4.46906 4.90599 4.25152 4.19802 4.4053 3.94572 4.05537 3.85472 3.72507 3.59394 3.50974 4.27908 3.49924 3.41114
threshold=9.0500000000000025 3.5500000000000003 18.250000000000004 4.9500000000000011 37.150000000000013 3.0500000000000003 1.5000000000000002 12.15 1.5000000000000002 1.5000000000000002 90.500000000000014 14.15 2.5500000000000003 2.5000000000000004 1.5000000000000002 4.0500000000000007 58.750000000000007 102.45000000000002 3.5000000000000004 10.500000000000002 7.5000000000000009 1.5000000000000002 7.4500000000000011 4.5000000000000009 4.6500000000000012 15.500000000000002 9.5000000000000018 2.5000000000000004 5.5000000000000009 6.5000000000000009
decision_type=2 2 2 2 2 2 2 2 2 2 2 2 2 2 2 2 2 2 2 2 2 2 2 2 2 2 2 2 2 2
left_child=1 5 7 6 23 8 -3 26 12 -7 16 19 -1 15 24 28 21 -18 -11 29 -21 -5 -23 -4 -15 -13 27 -2 -8 -12
right_child=2 3 4 10 -6 9 13 -9 -10 18 11 25 -14 14 -16 -17 17 -19 -20 20 -22 22 -24 -25 -26 -27 -28 -29 -30 -31
leaf_value=0.0025544073383097017 -0.0015848985854411285 -0.00044214817386753155 -0.0024928412641082097 -0.0043182732477420709 -0.0025724415874610689 0.00069292823936031986 0.0018275965196768149 -0.0015730308568920606 0.0037270069171470204 0.0013553220368121921 -0.0012031307413150015 -0.00038513805107816685 0.0016781992052835957 0.0010168896078625147 0.0018312293431626448 0.00021254345464921036 0.0017939677805946276 -0.0058227038048207762 0.0030786596093498124 -0.003874082252632046 -0.00095839934627505114 3.6269750825462927e-05 -0.00052480286001171971 -0.001999358410615487 -0.0022943767155606323 0.0026755234283657127 -0.0015560873725543026 -0.0006171305508048475 0.00051787542359043172 0.0015538764267224367
leaf_weight=18497 5215 5300 18002 205 214916 5650 3799 50781 2967 3074 4278 9041 8171 816 5959 12220 1565 80 2218 1078 822 35281 17269 68278 489 359 7685 19441 3553 446
leaf_count=18497 5215 5300 18002 205 214916 5650 3799 50781 2967 3074 4278 9041 8171 816 5959 12220 1565 80 2218 1078 822 35281 17269 68278 489 359 7685 19441 3553 446
internal_value=-0.00143714 0.000617032 -0.00220221 1.35612e-05 -0.00243777 0.00214233 0.000611684 -0.00134864 0.00243022 0.00136262 -0.000259375 -0.000745104 0.00228594 0.000819811 0.00146202 0.00058146 -0.000116299 0.00142355 0.00207761 -0.0014218 -0.00261267 -0.000164315 -0.00014811 -0.00210232 -0.000223884 -0.000268247 -0.000996302 -0.000821824 0.00119465 -0.000942838
internal_weight=527455 143137 384318 102560 301196 40577 32136 83122 29635 10942 70424 16024 26668 26836 7264 19572 54400 1645 5292 6624 1900 52755 52550 86280 1305 9400 32341 24656 7352 4724
internal_count=527455 143137 384318 102560 301196 40577 32136 83122 29635 10942 70424 16024 26668 26836 7264 19572 54400 1645 5292 6624 1900 52755 52550 86280 1305 9400 32341 24656 7352 4724
is_linear=0
shrinkage=0.03


Tree=61
num_leaves=31
num_cat=0
split_feature=4 4 4 4 4 4 10 7 2 10 0 5 9 4 11 8 9 9 11 6 11 10 7 9 10 7 2 5 11 2
split_gain=849.904 76.1256 63.8153 14.4104 9.52842 8.02424 5.80307 4.92143 6.81111 4.87333 4.80264 4.25675 3.85164 4.47388 3.69534 7.82023 3.50882 3.48477 3.42026 3.3143 4.69127 4.43399 3.84433 3.16039 2.98859 2.9825 2.94964 2.9223 3.65502 3.0399
threshold=4.5000000000000009 2.5000000000000004 6.5000000000000009 1.5000000000000002 8.5000000000000018 3.5000000000000004 1.5000000000000002 11.500000000000002 59.250000000000007 11.500000000000002 4.5000000000000009 7.5000000000000009 2.6500000000000008 5.5000000000000009 106.50000000000001 5.5000000000000009 25.250000000000004 2.9500000000000006 111.50000000000001 0.095695970695970703 88.500000000000014 7.5000000000000009 13.500000000000002 8.1500000000000004 9.5000000000000018 1.5000000000000002 52.500000000000007 8.5000000000000018 64.500000000000014 52.500000000000007
decision_type=2 2 2 2 2 2 2 2 2 2 2 2 2 2 2 2 2 2 2 2 2 2 2 2 2 2 2 2 2 2
left_child=1 3 7 10 -4 11 -5 8 9 12 -1 14 -2 -14 23 -16 -17 -13 -19 -7 21 22 -21 -3 -18 26 -12 28 29 -8
right_child=2 5 4 6 -6 19 27 -9 -10 -11 25 17 13 -15 15 16 24 18 -20 20 -22 -23 -24 -25 -26 -27 -28 -29 -30 -31
leaf_value=0.0012086604318285947 -0.0026072278371064876 0.00020768928918020449 -0.0020647022947675011 -0.00034242326335996883 -0.002455504186936732 -3.1170736410004714e-05 -0.00028467113923230929 -0.0018702157200707595 0.00059450690709011305 -0.0018583021414865363 -0.0028009128867515494 -0.0018057269761131184 -0.00083631868449397415 -0.0014324031372466852 -0.0021916503259042548 0.0042072208006592362 -0.0037546197008230015 1.1496872737489898e-05 -0.0017930670270472327 -0.00015673106813645111 -0.0015832027664194868 -0.0011457883105981345 -0.0032253396574487077 0.0010147751289377644 0.00034299193015992566 0.0020271201459673206 0.0012238272795356204 0.00047741952940957442 0.00055852477820766771 0.0014608227429700838
leaf_weight=16877 1642 8860 74764 3872 225530 10581 959 14982 1726 11953 175 1211 23144 22204 1433 204 167 12441 1023 16130 4167 6617 376 8610 3931 18254 2580 10863 8067 14112
leaf_count=16877 1642 8860 74764 3872 225530 10581 959 14982 1726 11953 175 1211 23144 22204 1433 204 167 12441 1023 16130 4167 6617 376 8610 3931 18254 2580 10863 8067 14112
internal_value=-0.00139754 0.000499411 -0.00216203 0.00117183 -0.00235821 -0.000173084 0.00075801 -0.00138329 -0.00126305 -0.00131745 0.00158552 0.000135645 -0.00117987 -0.00112818 0.000388548 -0.000272203 0.000367167 -0.00026426 -0.000125615 -0.000481886 -0.000656639 -0.000489663 -0.000226633 0.000605457 0.000176008 0.00188826 0.000968172 0.000883326 0.00107389 0.00134975
internal_weight=527455 151510 375945 75759 300294 75751 37873 75651 60669 58943 37886 37880 46990 45348 23205 5735 4302 14675 13464 37871 27290 23123 16506 17470 4098 21009 2755 34001 23138 15071
internal_count=527455 151510 375945 75759 300294 75751 37873 75651 60669 58943 37886 37880 46990 45348 23205 5735 4302 14675 13464 37871 27290 23123 16506 17470 4098 21009 2755 34001 23138 15071
is_linear=0
shrinkage=0.03


Tree=62
num_leaves=31
num_cat=0
split_feature=3 3 3 3 3 3 6 3 11 10 11 7 11 2 9 5 2 3 0 1 1 9 3 9 11 10 1 0 7 7
split_gain=829.755 135.176 74.9324 16.8229 12.8953 9.39561 7.00772 6.5828 5.034 5.86589 4.78883 4.75545 4.45654 4.44091 4.27949 5.48438 4.09583 3.97675 3.7878 6.45122 3.93621 3.78327 3.73158 3.66614 3.55093 3.35484 4.3157 6.52071 3.97211 3.292
threshold=9.0500000000000025 3.5500000000000003 18.250000000000004 5.0500000000000007 37.150000000000013 3.0500000000000003 0.39314988290398128 12.15 69.500000000000014 2.5000000000000004 139.50000000000003 3.5000000000000004 12.500000000000002 59.250000000000007 5.5500000000000007 10.500000000000002 58.750000000000007 4.5500000000000007 4.5000000000000009 5.5000000000000009 8.5000000000000018 3.5500000000000003 7.4500000000000011 10.750000000000002 17.500000000000004 15.500000000000002 12.500000000000002 6.5000000000000009 10.500000000000002 9.5000000000000018
decision_type=2 2 2 2 2 2 2 2 2 2 2 2 2 2 2 2 2 2 2 2 2 2 2 2 2 2 2 2 2 2
left_child=1 5 7 6 23 18 11 29 16 13 17 -3 -7 -10 24 -16 22 -8 19 -1 -20 -18 -5 -4 -14 28 27 -27 -13 -2
right_child=2 3 4 8 -6 12 10 -9 9 -11 -12 25 14 -15 15 -17 21 -19 20 -21 -22 -23 -24 -25 -26 26 -28 -29 -30 -31
leaf_value=0.0022899313375316717 -0.00078432572721506702 0.00020805555120618504 -0.0023542159338481579 5.7633708813987487e-05 -0.0024296799623977614 0.0054553755921752829 0.00058994897451511647 -0.0015008977438840552 -0.0017588378464722116 -0.00038372654886651195 -0.0017052816103776576 0.0021006733602712312 -0.0014374133050888552 0.0038669832463447862 0.0022927718270186804 -6.5736840800077859e-05 -0.0030963823199272153 -0.00037261916646760232 0.0033054973980372751 0.00063901877265061763 0.0023155991253483482 0.0020575841820423121 -0.00051599396473719211 -0.0018888900315458851 0.00090438127866492002 0.00062299786174334934 -0.0014837029474964465 0.0040193972552176743 -0.00082990018993682176 -0.0014954486706850972
leaf_weight=10446 24656 4224 19767 30338 214916 228 12900 50781 4416 16864 1136 5403 667 130 4316 1117 143 5514 5346 2676 11167 1237 15381 66513 4614 3170 647 606 451 7685
leaf_count=10446 24656 4224 19767 30338 214916 228 12900 50781 4416 16864 1136 5403 667 130 4316 1117 143 5514 5346 2676 11167 1237 15381 66513 4614 3170 647 606 451 7685
internal_value=-0.00135908 0.000590643 -0.00208524 1.07513e-05 -0.0023053 0.00205634 0.000555746 -0.00128784 -0.000260127 -0.000641545 0.000185091 0.00105546 0.00130507 -0.00159796 0.00121675 0.00180787 -8.67442e-05 0.000301712 0.00233373 0.00195326 0.00263607 0.00152351 -0.000135349 -0.0019955 0.000608608 0.00140375 0.000780172 0.00116808 0.0018749 -0.000953306
internal_weight=527455 143137 384318 102560 301196 40577 34051 83122 68509 21410 19550 14501 10942 4546 10714 5433 47099 18414 29635 13122 16513 1380 45719 86280 5281 10277 4423 3776 5854 32341
internal_count=527455 143137 384318 102560 301196 40577 34051 83122 68509 21410 19550 14501 10942 4546 10714 5433 47099 18414 29635 13122 16513 1380 45719 86280 5281 10277 4423 3776 5854 32341
is_linear=0
shrinkage=0.03


Tree=63
num_leaves=31
num_cat=0
split_feature=3 3 3 3 3 3 3 9 10 7 11 6 11 11 0 7 3 10 9 0 5 8 5 7 11 8 11 2 11 7
split_gain=786.641 128.795 69.8688 13.5106 12.7024 11.8131 6.24312 5.24462 5.20183 4.92543 5.71146 4.0419 5.70341 4.01578 3.86564 3.71516 4.44578 3.71229 3.67193 3.61587 3.53014 3.49632 3.39781 4.1961 3.32217 3.57928 5.11615 3.57062 3.28113 3.14651
threshold=9.0500000000000025 3.7500000000000004 18.250000000000004 3.0500000000000003 5.5500000000000007 37.150000000000013 12.15 93.15000000000002 2.5000000000000004 2.5000000000000004 119.50000000000001 0.36451048951048953 118.50000000000001 148.50000000000003 3.5000000000000004 3.5000000000000004 5.3500000000000005 1.5000000000000002 56.350000000000001 4.5000000000000009 33.500000000000007 4.5000000000000009 10.500000000000002 12.500000000000002 82.500000000000014 4.5000000000000009 98.500000000000014 54.250000000000007 11.500000000000002 9.5000000000000018
decision_type=2 2 2 2 2 2 2 2 2 2 2 2 2 2 2 2 2 2 2 2 2 2 2 2 2 2 2 2 2 2
left_child=1 3 6 19 8 21 29 9 13 10 -5 -6 17 18 22 20 -17 -13 28 -1 24 -4 23 -11 -10 27 -27 -26 -3 -2
right_child=2 4 5 7 11 -7 -8 -9 15 14 -12 12 -14 -15 -16 16 -18 -19 -20 -21 -22 -23 -24 -25 25 26 -28 -29 -30 -31
leaf_value=0.0019055831280055976 -0.00076763067568551399 0.0042626512662464417 -0.0023165074660637395 0.00069554441008004033 -8.4530052343441788e-05 -0.0023601506183793335 -0.001466111175778866 0.0075687420160874081 0.00043097670245846749 0.0018108110932555947 -0.0031938787850227142 -0.0013097855078773924 -0.001906397735744894 -0.0025855802522853862 0.001974443163421697 0.0010791104806703307 -0.00051430655477822029 -0.00028388571560069805 0.0046524314430295205 0.0025727237361765219 -0.0054216440789627302 -0.0018465254290355186 -0.001284071740550722 -0.0013021081909384326 0.00075585966590625137 -0.0030672024106475669 0.0040896336983661267 -0.0029072482181446892 -0.00019457329009392026 -0.0014628620926792465
leaf_weight=13122 24656 151 18002 5540 31082 214916 50781 115 12165 1951 362 3754 2656 598 6484 13865 1778 20564 147 16513 99 68278 629 487 335 142 245 840 9513 7685
leaf_count=13122 24656 151 18002 5540 31082 214916 50781 115 12165 1951 362 3754 2656 598 6484 13865 1778 20564 147 16513 99 68278 629 487 335 142 245 840 9513 7685
internal_value=-0.00132157 0.000576827 -0.00202861 0.00190141 -3.45543e-05 -0.00224111 -0.00125862 0.00118582 0.000377689 0.00113832 0.000456986 -0.000317719 -0.000586422 -0.000198826 0.00155935 0.000581325 0.000898001 -0.000442255 -5.33491e-05 0.00227732 0.000223031 -0.00194459 0.000681801 0.00118899 0.000263741 -0.00103871 0.00146361 -0.00186287 -0.000124929 -0.000932834
internal_weight=527455 143137 384318 45203 97934 301196 83122 15568 39878 15453 5902 58056 26974 10409 9551 29469 15643 24318 9811 29635 13826 86280 3067 2438 13727 1562 387 1175 9664 32341
internal_count=527455 143137 384318 45203 97934 301196 83122 15568 39878 15453 5902 58056 26974 10409 9551 29469 15643 24318 9811 29635 13826 86280 3067 2438 13727 1562 387 1175 9664 32341
is_linear=0
shrinkage=0.03


Tree=64
num_leaves=31
num_cat=0
split_feature=3 3 3 3 3 4 3 4 4 4 4 10 11 3 10 11 6 10 1 0 3 9 7 3 9 11 10 3 11 1
split_gain=745.859 119.611 68.9597 14.5925 10.8159 8.70266 8.40032 7.69066 7.65328 5.28865 4.80898 4.76716 4.74873 4.63693 4.59473 5.6425 3.871 3.57222 3.46635 4.05607 3.45849 3.32094 3.23087 3.34817 3.14102 3.03322 3.17754 2.99206 2.9539 3.85497
threshold=8.8500000000000032 3.5500000000000003 18.250000000000004 4.7500000000000009 37.150000000000013 1.5000000000000002 2.8500000000000001 1.5000000000000002 3.5000000000000004 1.5000000000000002 2.5000000000000004 2.5000000000000004 69.500000000000014 12.15 6.5000000000000009 117.50000000000001 0.76696832579185525 4.5000000000000009 8.5000000000000018 5.5000000000000009 4.0500000000000007 10.750000000000002 15.500000000000002 3.8500000000000001 10.750000000000002 41.500000000000007 1.5000000000000002 3.0500000000000003 22.500000000000004 10.500000000000002
decision_type=2 2 2 2 2 2 2 2 2 2 2 2 2 2 2 2 2 2 2 2 2 2 2 2 2 2 2 2 2 2
left_child=1 6 8 5 21 22 9 16 28 -1 20 12 -5 17 15 -13 25 -10 19 -14 -7 -4 -3 -24 -21 26 -8 -28 -2 -30
right_child=2 3 4 11 -6 10 7 -9 13 -11 -12 14 18 -15 -16 -17 -18 -19 -20 24 -22 -23 23 -25 -26 -27 27 -29 29 -31
leaf_value=0.0021827754650259063 0.001300732208395525 -0.00072849648769776046 -0.0022363850137390989 -0.00030433478385716116 -0.0022926109714083444 0.0011177625408612993 -0.001010535026724274 0.0021753649150188102 -0.0014108513638104304 0.0039531372663997068 0.0016560438416078195 0.00034601782771033777 -0.0011751146243907636 -0.0014533488392922686 -0.00031980498857589712 -0.0013195343686812689 -0.00061960760329632044 -0.00075210659057624763 -0.002396332388883596 0.00063543058386663113 0.00025975949673685714 -0.0017935077475251893 0.0048949835117046642 -0.00047031944831915661 0.0073249257066670586 0.00040711755518236322 0.0030871592935656522 0.0012906809551794019 0.00028668086830311798 -0.0024438772986241438
leaf_weight=23625 1282 4699 19767 10541 214916 7352 370 6636 11631 1623 5315 24415 2569 50103 30419 1979 1410 20409 1998 246 9951 66513 195 226 85 3205 1268 2440 1613 654
leaf_count=23625 1282 4699 19767 10541 214916 7352 370 6636 11631 1623 5315 24415 2569 50103 30419 1979 1410 20409 1998 246 9951 66513 195 226 85 3205 1268 2440 1613 654
internal_value=-0.00128507 0.000586504 -0.00196507 2.90256e-05 -0.0021787 0.000613943 0.00196024 0.00140627 -0.00121417 0.00229658 0.000866767 -0.000195528 -0.000662983 -0.0012731 -6.84963e-05 0.000221136 0.00081917 -0.000991241 -0.00143483 -0.000772391 0.000624323 -0.00189497 -0.000502925 0.0020148 0.00235328 0.00109772 0.00164048 0.00190501 0.000149805 -0.00050105
internal_weight=527455 140567 386888 99990 301196 27738 40577 15329 85692 25248 22618 72252 15439 82143 56813 26394 8693 32040 4898 2900 17303 86280 5120 421 331 7283 4078 3708 3549 2267
internal_count=527455 140567 386888 99990 301196 27738 40577 15329 85692 25248 22618 72252 15439 82143 56813 26394 8693 32040 4898 2900 17303 86280 5120 421 331 7283 4078 3708 3549 2267
is_linear=0
shrinkage=0.03


Tree=65
num_leaves=31
num_cat=0
split_feature=3 3 3 3 3 4 3 4 4 4 1 0 1 10 3 4 7 7 5 0 1 3 7 3 7 0 5 3 8 10
split_gain=707.168 113.95 64.313 13.8927 9.91373 8.27544 8.00566 7.32022 6.19166 5.40942 4.62877 7.69372 10.7847 5.8171 5.06172 4.57348 4.46172 5.48948 5.20204 5.25615 5.1237 4.43487 4.02049 4.00025 3.99967 5.40463 4.30564 4.29817 3.65718 3.54737
threshold=8.8500000000000032 3.5500000000000003 18.250000000000004 4.7500000000000009 35.95000000000001 1.5000000000000002 3.0500000000000003 3.5000000000000004 1.5000000000000002 1.5000000000000002 12.500000000000002 5.5000000000000009 8.5000000000000018 1.5000000000000002 5.7500000000000009 2.5000000000000004 11.500000000000002 2.5000000000000004 1.5000000000000002 5.5000000000000009 14.500000000000002 11.950000000000001 3.5000000000000004 2.5500000000000003 5.5000000000000009 7.5000000000000009 20.500000000000004 6.2500000000000009 3.5000000000000004 1.5000000000000002
decision_type=2 2 2 2 2 2 2 2 2 2 2 2 2 2 2 2 2 2 2 2 2 2 2 2 2 2 2 2 2 2
left_child=1 6 7 5 -4 -3 8 -2 23 -8 11 13 24 -5 -15 -7 17 -9 -18 -20 21 -19 -11 -1 25 26 -13 -26 -23 -25
right_child=2 3 4 10 -6 15 9 16 -10 22 -12 12 -14 14 -16 -17 18 20 19 -21 -22 28 -24 29 27 -27 -28 -29 -30 -31
leaf_value=0.0022692330602336092 0.00014739549925845251 -0.00048973234853474424 -0.001837581144309449 -0.0014090608403006977 -0.0022236645615743476 0.00060948358607665581 0.00057457947150795852 -0.0017173373730979347 0.0034697123753477574 0.001206970711129008 -0.00073432514034040951 0.0008947826757341249 -2.1433228908337597e-05 0.00035246743468392137 -0.00041496062107381458 0.0016156257614703641 -0.0012062421696374065 -0.00055661937872922014 -0.0030538882556098981 -0.0013780939922538281 -0.0020151123353691425 -0.0017820683477557649 0.0028828312496245712 -0.00018846157078559583 0.0042091193815828598 0.0050817881696727648 -0.0029940957370950786 0.0014881846836764549 -0.00098069392854025026 0.0017074909576186091
leaf_weight=18497 3549 5120 82400 3927 218796 17303 5650 12093 2967 3074 11786 2390 13479 10820 27130 5315 8370 18448 3853 2993 4223 6398 2218 1014 867 251 287 1315 25765 7157
leaf_count=18497 3549 5120 82400 3927 218796 17303 5650 12093 2967 3074 11786 2390 13479 10820 27130 5315 8370 18448 3853 2993 4223 6398 2218 1014 867 251 287 1315 25765 7157
internal_value=-0.00124961 0.000572781 -0.00191173 2.86561e-05 -0.00211804 0.000599377 0.00191362 -0.00118657 0.00216967 0.00122014 -0.000190447 -8.44349e-05 0.000423483 -0.000309897 -0.000196158 0.000845917 -0.00124421 -0.00113878 -0.00170791 -0.00232125 -0.00101119 -0.000927422 0.00190936 0.00202503 0.00159707 0.000872525 0.000477858 0.00256933 -0.00114011 0.00147221
internal_weight=527455 140567 386888 99990 301196 27738 40577 85692 29635 10942 72252 60466 18589 41877 37950 22618 82143 66927 15216 6846 54834 50611 5292 26668 5110 2928 2677 2182 32163 8171
internal_count=527455 140567 386888 99990 301196 27738 40577 85692 29635 10942 72252 60466 18589 41877 37950 22618 82143 66927 15216 6846 54834 50611 5292 26668 5110 2928 2677 2182 32163 8171
is_linear=0
shrinkage=0.03


Tree=66
num_leaves=31
num_cat=0
split_feature=3 3 3 3 3 3 4 4 4 4 10 1 0 1 7 5 3 3 1 0 0 4 4 1 3 6 2 9 3 6
split_gain=670.471 105.657 63.5114 11.4523 10.296 9.49988 7.67077 6.36732 6.01033 5.26806 5.23373 5.20587 8.87496 6.09142 4.20854 5.47023 4.51988 3.98928 3.92223 5.25703 4.48681 3.90325 3.7659 3.90144 3.73108 3.71061 3.8218 3.61452 4.18529 6.19309
threshold=8.6500000000000004 3.7500000000000004 17.350000000000005 3.0500000000000003 35.95000000000001 5.5500000000000007 1.5000000000000002 3.5000000000000004 1.5000000000000002 1.5000000000000002 1.5000000000000002 12.500000000000002 5.5000000000000009 10.500000000000002 11.500000000000002 8.5000000000000018 11.950000000000001 4.2500000000000009 4.5000000000000009 3.5000000000000004 4.5000000000000009 4.5000000000000009 2.5000000000000004 8.5000000000000018 2.5500000000000003 0.4156504065040651 51.750000000000007 6.2500000000000009 4.7500000000000009 0.1856158484065461
decision_type=2 2 2 2 2 2 2 2 2 2 2 2 2 2 2 2 2 2 2 2 2 2 2 2 2 2 2 2 2 2
left_child=1 3 7 8 21 6 -3 -2 24 -5 -9 12 18 -14 16 -16 -12 -8 19 -7 -20 -4 -19 -24 -1 26 -15 -25 29 -29
right_child=2 5 4 9 -6 11 17 10 -10 -11 14 -13 13 25 15 -17 -18 22 20 -21 -22 -23 23 27 -26 -27 -28 28 -30 -31
leaf_value=0.0022104814454712205 6.5808087406187422e-05 -0.00089723398964169151 3.7783125178637489e-05 0.00051581313464489176 -0.0021601112000286652 -0.00026514441481264456 0.0010332881749658793 -0.0019973343774626739 0.0033980078326728423 0.0016228629684397072 -0.00067474373578145822 -0.00093100120869952455 0.0010850195495645332 0.0065882187370549551 -0.0012707243631315133 -0.0027817875729019975 -0.0012101733671093155 -3.4948357192953239e-05 -0.0012247189121146241 0.0015431689757851436 -0.00018224971172273291 -0.0017987950458223361 0.0010889536902827484 -0.00094951385515742006 0.0014407387832112417 -0.0011026581452216631 0.00025892722839410522 0.0065154242120593429 5.0528072235609497e-05 0.00061874235272407535
leaf_weight=18497 3948 3982 1054 7181 218796 14050 9100 6311 2967 8387 24399 8721 7464 88 10658 2703 33910 13952 8289 1613 6735 87671 7924 2048 8171 2430 3534 249 2173 450
leaf_count=18497 3948 3982 1054 7181 218796 14050 9100 6311 2967 8387 24399 8721 7464 88 10658 2703 33910 13952 8289 1613 6735 87671 7924 2048 8171 2430 3534 249 2173 450
internal_value=-0.00121512 0.000581669 -0.00185183 0.00177104 -0.00204957 2.33569e-06 0.000352008 -0.00110959 0.00211714 0.00111222 -0.0011691 -0.000261141 -0.000128981 0.000511537 -0.00109617 -0.00157642 -0.000986127 0.000490588 -0.000411096 -7.89215e-05 -0.000757398 -0.00177698 0.000306286 0.000676957 0.00197463 -0.000195745 0.000412703 1.34081e-05 0.00070006 0.00271928
internal_weight=527455 138005 389450 45203 307521 92802 39878 81929 29635 15568 77981 52924 44203 13516 71670 13361 58309 35896 30687 15663 15024 88725 26796 12844 26668 6052 3622 4920 2872 699
internal_count=527455 138005 389450 45203 307521 92802 39878 81929 29635 15568 77981 52924 44203 13516 71670 13361 58309 35896 30687 15663 15024 88725 26796 12844 26668 6052 3622 4920 2872 699
is_linear=0
shrinkage=0.03


Tree=67
num_leaves=31
num_cat=0
split_feature=3 3 3 3 3 4 3 3 4 4 7 8 4 8 7 4 9 3 7 6 5 2 9 4 3 5 6 7 3 9
split_gain=635.902 94.7489 66.566 10.5058 9.4405 7.50959 7.14317 6.25319 5.83195 4.97875 4.6108 5.67676 4.26588 4.11208 3.86849 3.81504 3.71187 3.79347 3.55497 6.19834 3.55623 3.3915 3.34088 3.3288 3.13106 3.28713 4.62992 3.09276 3.18072 3.09116
threshold=8.2500000000000018 3.5500000000000003 17.350000000000005 4.7500000000000009 32.550000000000004 1.5000000000000002 3.0500000000000003 12.15 1.5000000000000002 1.5000000000000002 2.5000000000000004 1.5000000000000002 2.5000000000000004 4.5000000000000009 3.5000000000000004 4.5000000000000009 120.55000000000001 2.5500000000000003 7.5000000000000009 0.063508064516129045 1.5000000000000002 53.500000000000007 11.350000000000003 3.5000000000000004 4.0500000000000007 5.5000000000000009 0.15849282296650721 15.500000000000002 3.8500000000000001 5.5500000000000007
decision_type=2 2 2 2 2 2 2 2 2 2 2 2 2 2 2 2 2 2 2 2 2 2 2 2 2 2 2 2 2 2
left_child=1 6 7 5 13 27 8 18 16 29 -5 -12 24 -4 -11 -15 17 -1 19 20 -2 -19 -10 -22 25 -7 -27 -3 -29 -8
right_child=2 3 4 10 -6 12 9 -9 22 14 11 -13 -14 15 -16 -17 -18 21 -20 -21 23 -23 -24 -25 -26 26 -28 28 -30 -31
leaf_value=0.0021440193073841078 -0.00078423308333371695 -0.00068654854720286748 -0.0021138668755401641 -0.0005879266132880537 -0.0020887494813568164 0.0016611167725747308 -0.00017006322790222777 -0.0013038823099373504 0.0027625896910111361 0.0011413248187741756 -0.00098379465730138028 0.00011729826426630671 0.0015498687853144791 0.00052148774266242977 0.0027852011076951477 -0.0016148768930770907 0.0083379484209473477 0.0032814567645653983 -0.0011801407999880319 -0.00080456850516742555 0.0035548340971581637 0.0011704141354113352 0.0051209269634561946 0.00058407293251442921 0.00023127276188715561 0.0058408744335174557 0.00017648787579388559 0.0048047108329259429 -0.00042470919611179721 0.0012338126523559736
leaf_weight=18453 1627 4699 17210 14978 230457 3799 2753 44456 2256 3074 4654 44573 5315 762 2218 59092 81 755 14426 23594 384 7379 711 2927 9951 135 3418 195 226 2897
leaf_count=18453 1627 4699 17210 14978 230457 3799 2753 44456 2256 3074 4654 44573 5315 762 2218 59092 81 755 14426 23594 384 7379 711 2927 9951 135 3418 195 226 2897
internal_value=-0.00118158 0.00061665 -0.00178498 8.37466e-05 -0.00199263 0.000571639 0.00182415 -0.00105446 0.00206601 0.00116909 -0.000127034 1.31992e-05 0.000806494 -0.00170519 0.00183031 -0.00158768 0.00192564 0.0019061 -0.000796336 -0.000602282 0.000364255 0.00136636 0.00332773 0.000928613 0.00057815 0.00104765 0.000391712 -0.000465851 0.00199747 0.000549765
internal_weight=527455 132520 394935 91943 307521 27738 40577 87414 29635 10942 64205 49227 22618 77064 5292 59854 26668 26587 42958 28532 4938 8134 2967 3311 17303 7352 3553 5120 421 5650
internal_count=527455 132520 394935 91943 307521 27738 40577 87414 29635 10942 64205 49227 22618 77064 5292 59854 26668 26587 42958 28532 4938 8134 2967 3311 17303 7352 3553 5120 421 5650
is_linear=0
shrinkage=0.03


Tree=68
num_leaves=31
num_cat=0
split_feature=3 3 3 3 3 4 3 4 10 3 4 7 8 11 4 11 9 4 4 11 2 7 9 9 1 1 9 11 10 10
split_gain=603.081 90.2809 62.1686 10.0084 8.72773 7.14267 6.77267 6.46383 6.18575 6.09099 4.80744 4.37202 5.38404 4.35551 4.30531 4.26945 4.05584 4.05484 3.82838 3.41826 4.17449 3.30771 3.2937 3.25449 3.24303 5.44968 3.21948 3.64733 3.09741 3.08166
threshold=8.2500000000000018 3.5500000000000003 17.350000000000005 4.7500000000000009 52.750000000000007 1.5000000000000002 2.8500000000000001 1.5000000000000002 1.5000000000000002 11.950000000000001 1.5000000000000002 2.5000000000000004 1.5000000000000002 106.50000000000001 4.5000000000000009 41.500000000000007 1.7500000000000002 2.5000000000000004 2.5000000000000004 99.500000000000014 58.750000000000007 11.500000000000002 6.7500000000000009 98.65000000000002 10.500000000000002 15.500000000000002 40.95000000000001 34.500000000000007 7.5000000000000009 3.5000000000000004
decision_type=2 2 2 2 2 2 2 2 2 2 2 2 2 2 2 2 2 2 2 2 2 2 2 2 2 2 2 2 2 2
left_child=1 6 8 5 14 -3 10 29 -2 13 -1 15 -13 21 22 26 18 -7 -17 20 -14 -10 -4 -15 -21 -26 27 28 -5 -8
right_child=2 3 4 11 -6 17 7 -9 9 -11 -12 12 19 23 -16 16 -18 -19 -20 24 -22 -23 -24 -25 25 -27 -28 -29 -30 -31
leaf_value=0.0019744101168129857 -0.0018816177851496492 -0.00045358304592082272 -0.0038220260926970723 -8.8290558100450006e-05 -0.0020756194535957229 0.00056466505914067055 0.00014700414252362659 0.0019885843277489511 -0.00043458232931011095 -0.0012005754196507555 0.0036623096103729829 -0.00095808296441570807 0.00019679272491822161 -0.0012669229987630577 -0.0017683094692598526 -0.0030052239105508136 -0.0013747937298312629 0.0015120420639288391 0.0035400586565063424 -3.8302927601920521e-05 0.0020694141295867241 -0.001641169054781893 0.00081399157530917174 -0.0064219144332621778 -0.0017629368558932097 0.0020881806535758174 0.002059474318258224 0.0016380888253713466 -0.0014112843050685304 0.001278558427433899
leaf_weight=23625 7066 5120 162 5085 175797 17303 4097 6636 28310 42777 1623 4654 33301 6945 130634 111 5820 5315 292 7360 1107 2204 928 112 2422 383 558 793 2319 4596
leaf_count=23625 7066 5120 162 5085 175797 17303 4097 6636 28310 42777 1623 4654 33301 6945 130634 111 5820 5315 292 7360 1107 2204 928 112 2422 383 558 793 2319 4596
internal_value=-0.00114898 0.000602229 -0.0017366 8.2042e-05 -0.00193728 0.000558243 0.00178091 0.0012835 -0.00103062 -0.000955782 0.00208291 -0.000123688 1.28659e-05 -0.00067707 -0.00175264 -0.000572487 -0.00117326 0.000787289 0.00173726 0.000114246 0.00025704 -0.000521733 0.000124969 -0.00134874 -0.000369107 -0.0012371 -0.000145464 -0.000295562 -0.000502664 0.000745258
internal_weight=527455 132520 394935 91943 307521 27738 40577 15329 87414 80348 25248 64205 49227 37571 131724 14978 6223 22618 403 44573 34408 30514 1090 7057 10165 2805 8755 8197 7404 8693
internal_count=527455 132520 394935 91943 307521 27738 40577 15329 87414 80348 25248 64205 49227 37571 131724 14978 6223 22618 403 44573 34408 30514 1090 7057 10165 2805 8755 8197 7404 8693
is_linear=0
shrinkage=0.03


Tree=69
num_leaves=31
num_cat=0
split_feature=3 3 3 3 3 4 10 3 4 3 11 6 7 9 11 9 9 3 5 6 4 6 7 4 3 11 11 10 2 6
split_gain=571.928 86.0871 58.0568 13.8103 8.1507 7.22266 5.89735 5.79658 5.36389 5.31906 4.16349 4.62987 4.14248 4.08375 4.04714 3.85958 3.83822 3.80966 4.13345 4.69295 3.90144 3.70165 3.65341 3.63108 3.29018 3.56079 5.09575 3.17261 4.35411 3.78548
threshold=8.2500000000000018 3.2500000000000004 17.350000000000005 4.7500000000000009 28.450000000000003 1.5000000000000002 1.5000000000000002 11.950000000000001 1.5000000000000002 2.5500000000000003 106.50000000000001 0.063508064516129045 2.5000000000000004 2.8500000000000001 41.500000000000007 1.7500000000000002 1.5500000000000003 4.0500000000000007 5.5000000000000009 0.43534002229654406 2.5000000000000004 0.93095238095238109 5.5000000000000009 2.5000000000000004 3.8500000000000001 162.50000000000003 139.50000000000003 1.5000000000000002 53.500000000000007 0.77097902097902116
decision_type=2 2 2 2 2 2 2 2 2 2 2 2 2 2 2 2 2 2 2 2 2 2 2 2 2 2 2 2 2 2
left_child=1 8 6 5 -4 16 -2 10 9 -1 11 -8 14 22 21 23 -3 18 -7 -20 -19 -5 -14 -16 25 26 -18 -11 -29 -30
right_child=2 3 4 12 -6 17 7 -9 -10 27 -12 -13 13 -15 15 -17 24 20 19 -21 -22 -23 -24 -25 -26 -27 -28 28 29 -31
leaf_value=0.0020475414999611141 -0.0018382050034988374 -0.0065688647850450262 -0.0015732411169068164 0.00011416782922165296 -0.0019603412577803357 0.0017921624753292314 0.00021511325787815103 -0.0011730141369337887 0.002828294282431918 -0.00017995865982674855 -0.0013190113923798644 -0.0006986525845323956 -0.002242022453171252 7.3178300820652306e-05 -0.0029215649253613238 -0.0013387243446615553 0.00021529184691420589 0.00021165384750679599 0.0016324889825842391 -0.00010761062089888724 0.0012966879895803206 -0.0016301083601924094 0.00017372815214867723 0.0034528287061273235 -0.00089821830654936543 0.0025290507768953082 -0.0072412619101149692 0.0034757271942888151 0.0014772919531799479 -0.00022807886621781757
leaf_weight=18497 7066 83 61090 7472 246431 6297 6285 42777 4732 1303 7057 24229 1331 46919 111 5820 4573 9951 2532 3106 4259 1283 977 292 2889 604 84 829 7176 1400
leaf_count=18497 7066 83 61090 7472 246431 6297 6285 42777 4732 1303 7057 24229 1331 46919 111 5820 4573 9951 2532 3106 4259 1283 977 292 2889 604 84 829 7176 1400
internal_value=-0.00111728 0.000588105 -0.00168952 0.000139478 -0.00188344 0.000624727 -0.00100728 -0.000934211 0.00189131 0.0017395 -0.000662317 -0.000510443 -0.000120345 1.25755e-05 -0.000557205 -0.00114212 -0.000150171 0.000868741 0.00126389 0.00067386 0.000536859 -0.000141447 -0.00121941 0.0016971 -8.48027e-05 0.000361872 8.07953e-05 0.00120738 0.00139959 0.0011989
internal_weight=527455 132520 394935 98583 307521 34378 87414 80348 33937 29205 37571 30514 64205 49227 14978 6223 8233 26145 11935 5638 14210 8755 2308 403 8150 5261 4657 10708 9405 8576
internal_count=527455 132520 394935 98583 307521 34378 87414 80348 33937 29205 37571 30514 64205 49227 14978 6223 8233 26145 11935 5638 14210 8755 2308 403 8150 5261 4657 10708 9405 8576
is_linear=0
shrinkage=0.03


Tree=70
num_leaves=31
num_cat=0
split_feature=3 3 3 3 3 4 3 10 3 4 4 4 9 4 3 2 10 9 9 9 2 4 1 0 6 9 9 2 3 5
split_gain=542.468 82.0715 54.2138 9.04229 7.50219 6.46232 6.24845 5.62218 5.51517 5.4029 4.37205 4.30406 3.95688 3.72141 3.67293 4.16259 3.6244 3.95273 3.25041 3.16929 3.00195 3.31714 3.92179 3.65154 3.16311 2.88692 2.84477 3.29248 2.82066 3.00948
threshold=8.2500000000000018 3.5500000000000003 17.350000000000005 4.7500000000000009 67.050000000000011 1.5000000000000002 3.0500000000000003 1.5000000000000002 11.950000000000001 1.5000000000000002 1.5000000000000002 4.5000000000000009 7.9500000000000011 2.5000000000000004 6.0500000000000007 58.750000000000007 14.500000000000002 15.950000000000001 11.350000000000003 6.7500000000000009 54.250000000000007 2.5000000000000004 4.5000000000000009 1.5000000000000002 0.59175084175084181 5.5500000000000007 7.3500000000000005 55.750000000000007 4.0500000000000007 5.5000000000000009
decision_type=2 2 2 2 2 2 2 2 2 2 2 2 2 2 2 2 2 2 2 2 2 2 2 2 2 2 2 2 2 2
left_child=1 6 7 5 11 -3 9 -2 -9 16 25 19 -5 28 15 20 17 -1 26 -4 21 22 23 -14 -22 -8 -11 -28 29 -7
right_child=2 3 4 12 -6 13 10 8 -10 18 -12 -13 14 -15 -16 -17 -18 -19 -20 -21 24 -23 -24 -25 -26 -27 27 -29 -30 -31
leaf_value=0.001866392125089831 -0.0017958034992960335 -0.00043135064322268588 -0.0036866426357516535 -0.000378952143627161 -0.0019829304998372427 0.0015682778336650982 -0.00019043209885754152 -0.00064793965352364963 -0.0011460855779620071 0.0029978336294133579 0.0017052004996543568 -0.0016996264281271614 -0.0012451664639300988 0.0014432613463303107 -0.00014349441013755614 0.0033932523293928665 0.0011362219221609895 0.0035338709524443479 0.0049076166587667695 0.0008588041435344826 0.00026813273949340214 0.0016165595047904135 -0.00091018073051889366 0.0040107077842249589 -0.0014976257718921277 0.0011662733797620484 -0.0030002269700805584 0.0033257822079790964 0.00020643683740594569 0.00035366628544450715
leaf_weight=19355 7066 5120 162 28712 150079 3799 2753 37571 42777 1957 5292 156346 183 5315 22055 429 5943 1370 711 934 7231 2926 1284 340 1045 2897 164 135 9951 3553
leaf_count=19355 7066 5120 162 28712 150079 3799 2753 37571 42777 1957 5292 156346 183 5315 22055 429 5943 1370 711 934 7231 2926 1284 340 1045 2897 164 135 9951 3553
internal_value=-0.00108646 0.000574419 -0.00164376 7.84465e-05 -0.00183116 0.000531081 0.00169824 -0.000984499 -0.000913151 0.00192445 0.00108557 -0.00168649 -0.000117102 0.000748946 9.47212e-05 0.000485691 0.00178934 0.00197662 0.00313887 0.000186941 0.000389807 0.000992427 -1.82052e-05 0.00217165 4.51727e-05 0.00050521 0.00258143 -0.000144002 0.000535671 0.000981293
internal_weight=527455 132520 394935 91943 307521 27738 40577 87414 80348 29635 10942 157442 64205 22618 35493 13438 26668 20725 2967 1096 13009 4733 1807 523 8276 5650 2256 299 17303 7352
internal_count=527455 132520 394935 91943 307521 27738 40577 87414 80348 29635 10942 157442 64205 22618 35493 13438 26668 20725 2967 1096 13009 4733 1807 523 8276 5650 2256 299 17303 7352
is_linear=0
shrinkage=0.03


Tree=71
num_leaves=31
num_cat=0
split_feature=3 3 3 3 3 4 4 10 4 3 3 7 8 1 9 3 5 6 4 8 6 6 3 7 4 1 0 5 9 7
split_gain=514.572 78.2925 50.6059 12.5048 7.02921 6.55709 5.46873 5.21907 5.05587 4.84955 4.14682 3.88536 4.87594 3.76262 3.62873 3.50077 3.82504 4.485 3.55216 3.42388 3.14024 3.5358 3.06582 3.12095 2.98864 2.93448 9.02067 3.80133 4.63319 3.30157
threshold=8.2500000000000018 3.2500000000000004 17.350000000000005 4.7500000000000009 28.450000000000003 1.5000000000000002 3.5000000000000004 1.5000000000000002 1.5000000000000002 2.7500000000000004 11.750000000000002 2.5000000000000004 1.5000000000000002 9.5000000000000018 1.5500000000000003 4.0500000000000007 5.5000000000000009 0.43534002229654406 3.5000000000000004 4.5000000000000009 0.23845060412224592 0.29198717948717956 3.8500000000000001 9.5000000000000018 4.5000000000000009 10.500000000000002 5.5000000000000009 8.5000000000000018 31.050000000000004 7.5000000000000009
decision_type=2 2 2 2 2 2 2 2 2 2 2 2 2 2 2 2 2 2 2 2 2 2 2 2 2 2 2 2 2 2
left_child=1 8 6 5 19 14 25 -8 9 -1 -9 -5 -13 -11 -3 16 -7 -18 -17 -4 -10 -22 23 -16 -21 26 27 29 -29 -2
right_child=2 3 4 11 -6 15 7 10 20 13 -12 12 -14 -15 22 18 17 -19 -20 24 21 -23 -24 -25 -26 -27 -28 28 -30 -31
leaf_value=0.0018789971286989767 0.0013505760550684791 -0.0063843296019427745 -0.0018976245419169409 -0.00053699224260082899 -0.001851699338159968 0.001714547830516239 -0.001823954607513592 -0.0006900865452851312 0.0043373542018575722 0.00046604178726181378 -0.0011396295537331879 -0.00090917749361618932 0.00011129937706456229 0.0018836850732127483 6.8774468793006207e-05 0.00045913517755081671 0.0015759238900872768 -0.00012518714866328071 0.0049825540147250208 0.00054738513155326942 -0.0015589201605568329 0.0025570587596183809 -0.00086488934073245156 0.0022400282660539998 -0.0013978389505010234 -0.0011571127247793538 0.0035111518953527725 -0.0029388310735424359 0.0028892321159710754 -0.0011560457710112048
leaf_weight=21942 1283 83 14346 14978 246431 6297 6691 31960 874 4606 43746 4654 44573 2657 4576 14052 2532 3106 158 722 198 3660 2889 685 46022 1417 700 720 148 749
leaf_count=21942 1283 83 14346 14978 246431 6297 6691 31960 874 4606 43746 4654 44573 2657 4576 14052 2532 3106 158 722 198 3660 2889 685 46022 1417 700 720 148 749
internal_value=-0.00105644 0.000561165 -0.00159923 0.00013333 -0.00178029 0.000595075 -0.00096228 -0.00102083 0.00180398 0.00165658 -0.000949851 -0.000113908 1.48218e-05 0.000984654 -0.000143257 0.000827574 0.00120636 0.000638774 0.000509431 -0.00149222 0.00271366 0.00234582 -7.96974e-05 0.000351479 -0.00136779 -6.50514e-07 0.000454546 -0.000283256 -0.00194511 0.000426629
internal_weight=527455 132520 394935 98583 307521 34378 87414 82397 33937 29205 75706 64205 49227 7263 8233 26145 11935 5638 14210 61090 4732 3858 8150 5261 46744 5017 3600 2900 868 2032
internal_count=527455 132520 394935 98583 307521 34378 87414 82397 33937 29205 75706 64205 49227 7263 8233 26145 11935 5638 14210 61090 4732 3858 8150 5261 46744 5017 3600 2900 868 2032
is_linear=0
shrinkage=0.03


Tree=72
num_leaves=31
num_cat=0
split_feature=3 3 3 3 3 3 4 4 4 9 10 7 4 3 0 9 0 5 7 3 9 9 2 10 7 9 0 6 2 3
split_gain=488.092 74.6873 47.2431 8.48419 6.45144 6.29568 6.1644 5.24324 5.13852 5.08627 4.97339 4.48751 4.60318 3.93775 3.71638 3.57217 3.6318 3.36519 4.55558 4.03426 3.78823 3.48369 3.47147 3.60381 3.32628 3.30058 3.26727 3.65959 3.88829 4.6216
threshold=8.2500000000000018 3.7500000000000004 17.350000000000005 3.0500000000000003 28.450000000000003 5.5500000000000007 1.5000000000000002 3.5000000000000004 1.5000000000000002 93.15000000000002 1.5000000000000002 2.5000000000000004 2.5000000000000004 11.750000000000002 3.5000000000000004 120.55000000000001 4.5000000000000009 3.5000000000000004 3.5000000000000004 2.3500000000000001 8.1500000000000004 2.9500000000000006 57.250000000000007 8.5000000000000018 5.5000000000000009 5.7500000000000009 4.5000000000000009 0.082650273224043724 51.750000000000007 6.2500000000000009
decision_type=2 2 2 2 2 2 2 2 2 2 2 2 2 2 2 2 2 2 2 2 2 2 2 2 2 2 2 2 2 2
left_child=1 3 7 8 -4 6 -3 -2 15 11 -9 12 -5 -12 24 16 -1 19 20 -18 22 -21 23 -19 -13 -25 -7 28 -28 -30
right_child=2 5 4 9 -6 26 -8 10 -10 -11 13 14 -14 -15 -16 -17 17 18 -20 21 -22 -23 -24 25 -26 -27 27 -29 29 -31
leaf_value=0.0012909675773615612 1.1049606944071431e-06 -0.00080631518366946337 -0.0014548722760784466 0.00013174512077961231 -0.0017992652640680955 -0.00047178458613044501 0.00043779702026480841 -0.001781813657224989 0.0030202372482586066 0.0072567720076312193 -0.000675400038153045 0.0012366860267654419 0.0052141038883816108 -0.0011134646549471414 0.0017330484160030793 0.0079946225295188245 0.0020621385995087888 0.0021886450845247595 0.0036794003996006297 -0.0019122231279366784 0.0036869688219837628 0.0010360549354089523 -0.00025525791803870972 -0.0030185353766979746 -0.00080026143704581938 0.0038496889382729242 0.0058169166216483483 -0.00016430656538425894 0.0019769380531914822 5.6768048284403117e-05
leaf_weight=11750 5017 3982 61090 5737 246431 21458 35896 6691 2967 115 31960 1906 165 43746 6484 81 3695 4906 1880 448 1038 1851 704 228 1161 87 130 20093 1540 4218
leaf_count=11750 5017 3982 61090 5737 246431 21458 35896 6691 2967 115 31960 1906 165 43746 6484 81 3695 4906 1880 448 1038 1851 704 228 1161 87 130 20093 1540 4218
internal_value=-0.00102728 0.000548161 -0.00155591 0.00153801 -0.00173085 3.57271e-05 0.000313567 -0.00094049 0.0018359 0.000970952 -0.000997822 0.000924174 0.000273831 -0.000928532 0.00132605 0.00170414 0.00168497 0.001997 0.00236897 0.00144823 0.00201516 0.000461532 0.00172228 0.00198893 0.000465608 -0.0011216 -0.00019783 2.84331e-05 0.000686164 0.000570325
internal_weight=527455 132520 394935 45203 307521 87317 39878 87414 29635 15568 82397 15453 5902 75706 9551 26668 26587 14837 8843 5994 6963 2299 5925 5221 3067 315 47439 25981 5888 5758
internal_count=527455 132520 394935 45203 307521 87317 39878 87414 29635 15568 82397 15453 5902 75706 9551 26668 26587 14837 8843 5994 6963 2299 5925 5221 3067 315 47439 25981 5888 5758
is_linear=0
shrinkage=0.03


Tree=73
num_leaves=31
num_cat=0
split_feature=4 4 4 10 4 5 2 11 10 9 7 2 11 0 11 9 11 7 9 5 10 7 9 6 2 0 7 8 11 4
split_gain=449.406 39.6123 28.3494 8.04506 6.33506 5.95384 5.9641 6.12088 5.32452 4.90823 4.56769 4.31437 3.70321 3.65722 3.5137 5.54243 3.49894 3.81429 3.44917 3.63604 3.44646 3.94337 3.7794 3.43347 3.29421 4.77391 3.21429 3.15577 4.53771 3.15395
threshold=4.5000000000000009 2.5000000000000004 6.5000000000000009 1.5000000000000002 1.5000000000000002 5.5000000000000009 57.250000000000007 35.500000000000007 7.5000000000000009 1.7500000000000002 12.500000000000002 58.250000000000007 91.500000000000014 4.5000000000000009 106.50000000000001 49.95000000000001 77.500000000000014 3.5000000000000004 63.550000000000004 26.500000000000004 11.500000000000002 11.500000000000002 2.6500000000000008 0.93095238095238109 56.250000000000007 4.5000000000000009 13.500000000000002 11.500000000000002 756.50000000000011 8.5000000000000018
decision_type=2 2 2 2 2 2 2 2 2 2 2 2 2 2 2 2 2 2 2 2 2 2 2 2 2 2 2 2 2 2
left_child=1 3 11 9 13 14 7 8 18 24 16 20 26 -5 -3 -16 29 -18 19 -7 21 22 -2 -15 -1 -26 -8 28 -17 -4
right_child=2 5 10 4 -6 6 12 -9 -10 -11 -12 -13 -14 23 15 27 17 -19 -20 -21 -22 -23 -24 -25 25 -27 -28 -29 -30 -31
leaf_value=0.0043411216637265111 -0.002273829767439505 0.00034544202052294489 -0.001338590697824181 0.00091980186532937764 0.00068899596002955832 0.00016292308984923999 0.0010343703945219066 -0.0010013739312091082 -0.0010120131992791073 -0.00018128215888589151 -0.0018573443774468098 0.00024246568684854235 -0.0011896786260735858 0.0017377186380105397 -0.0014861906744199926 0.0064465068631312421 -0.0026161819964402484 -0.0017429117582595879 0.0037041323554066934 -0.0024767958762954147 -0.0013951027530241457 -0.0017388326724301633 -0.00080600747828133053 0.00063696725293822755 -0.0058142726495862005 0.0040273024248791501 -0.0042526029950042937 -0.005340757755856765 7.797897720728161e-05 -0.0016281299481361996
leaf_weight=374 1636 26956 48125 14725 34001 13167 4377 13818 4980 8109 95189 2304 910 15312 2653 102 5113 37640 239 487 21519 5062 45130 3060 84 94 106 95 7861 114227
leaf_count=374 1636 26956 48125 14725 34001 13167 4377 13818 4980 8109 95189 2304 910 15312 2653 102 5113 37640 239 487 21519 5062 45130 3060 84 94 106 95 7861 114227
internal_value=-0.000998927 0.00038047 -0.00155484 0.000865527 0.000976597 -0.000104638 -0.000369143 -0.000521627 -0.000170377 5.04907e-06 -0.0016856 -0.0010358 0.000555174 0.00127205 0.000162796 -0.000296863 -0.00160589 -0.00184735 0.00013131 6.87717e-05 -0.00107596 -0.000943449 -0.000857356 0.00155438 0.0027423 -0.000617036 0.000909361 9.47089e-05 0.000159555 -0.0015423
internal_weight=527455 151510 375945 75759 67098 75751 38084 32691 18873 8661 300294 75651 5393 33097 37667 10711 205105 42753 13893 13654 73347 51828 46766 18372 552 178 4483 8058 7963 162352
internal_count=527455 151510 375945 75759 67098 75751 38084 32691 18873 8661 300294 75651 5393 33097 37667 10711 205105 42753 13893 13654 73347 51828 46766 18372 552 178 4483 8058 7963 162352
is_linear=0
shrinkage=0.03


Tree=74
num_leaves=31
num_cat=0
split_feature=3 3 3 3 3 4 4 10 3 11 7 1 7 2 5 4 3 6 11 2 9 11 3 5 6 4 11 9 7 5
split_gain=440.909 69.4478 41.2491 10.9494 7.07939 6.29957 4.96997 4.78325 4.41495 3.74748 5.19698 3.53162 3.46594 5.96158 5.33847 3.87156 3.56747 3.76253 3.45787 3.74635 3.4353 3.26876 3.25694 3.65235 4.27993 3.58253 3.24608 3.23198 4.29372 3.4266
threshold=8.2500000000000018 3.2500000000000004 15.850000000000003 4.7500000000000009 28.450000000000003 1.5000000000000002 1.5000000000000002 3.5000000000000004 2.7500000000000004 69.500000000000014 5.5000000000000009 9.5000000000000018 11.500000000000002 58.750000000000007 8.5000000000000018 6.5000000000000009 11.15 0.21498599439775914 118.50000000000001 53.500000000000007 1.5500000000000003 98.500000000000014 4.0500000000000007 5.5000000000000009 0.45889639639639646 2.5000000000000004 12.500000000000002 5.5500000000000007 2.5000000000000004 8.5000000000000018
decision_type=2 2 2 2 2 2 2 2 2 2 2 2 2 2 2 2 2 2 2 2 2 2 2 2 2 2 2 2 2 2
left_child=1 6 7 5 -4 20 8 18 -1 -5 -11 -10 13 16 15 -14 17 21 19 -2 -3 -9 23 -7 27 -24 -22 28 -25 -29
right_child=2 3 4 9 -6 22 -8 12 11 10 -12 -13 14 -15 -16 -17 -18 -19 -20 -21 26 -23 25 24 -26 -27 -28 29 -30 -31
leaf_value=0.0017625574485540068 -0.0023045945284805918 -0.0062410408150718874 -0.0013630023061344902 4.5526769017346904e-05 -0.0017000773328604917 0.001644929436600282 0.0025983975743733199 0.0003487241426721327 0.00040678861147804566 -0.0010820380971138801 -7.8846936934318633e-05 0.0017802244548762612 -0.00068055512279626535 0.0012818389667405023 -0.0026211905014308203 -0.0026370890479622861 -0.00088707947985395912 -0.00069048847060024839 -0.0023976262160605444 -0.00094710643468450776 0.0039115920713392359 -0.0020442970516664455 0.00016449511760971005 -0.0023142588416334964 -0.00022467519134063236 0.0012042385988404532 -0.00019595112313773301 0.0042392798277675111 0.0015378412375991852 0.0013213602399086428
leaf_weight=21942 2084 83 72597 44261 246431 6297 4732 7067 4606 7374 12570 2657 8744 1485 1903 1016 24814 11127 2119 14994 177 554 9951 397 2847 4259 7973 541 757 1096
leaf_count=21942 2084 83 72597 44261 246431 6297 4732 7067 4606 7374 12570 2657 8744 1485 1903 1016 24814 11127 2119 14994 177 554 9951 397 2847 4259 7973 541 757 1096
internal_value=-0.000971385 0.000525971 -0.00147382 0.000123026 -0.00162337 0.000555102 0.00169648 -0.000845272 0.00155034 -0.000108325 -0.000449762 0.000909228 -0.000706715 -0.000587378 -0.00116764 -0.000884227 -0.000651099 -0.000338765 -0.00125458 -0.00111276 -0.000168587 0.000174766 0.000782989 0.00114835 0.00059372 0.000476125 -0.000106744 0.00142854 0.000212639 0.00228568
internal_weight=527455 132520 394935 98583 319028 34378 33937 75907 29205 64205 19944 7263 56710 45047 11663 9760 43562 18748 19197 17078 8233 7621 26145 11935 5638 14210 8150 2791 1154 1637
internal_count=527455 132520 394935 98583 319028 34378 33937 75907 29205 64205 19944 7263 56710 45047 11663 9760 43562 18748 19197 17078 8233 7621 26145 11935 5638 14210 8150 2791 1154 1637
is_linear=0
shrinkage=0.03


Tree=75
num_leaves=31
num_cat=0
split_feature=3 3 3 3 3 10 4 4 10 3 1 0 4 9 10 1 5 2 5 0 9 8 4 5 1 0 5 1 5 9
split_gain=418.295 59.7054 47.1854 8.6216 6.48729 5.63315 5.45639 4.81223 4.35855 4.17257 3.76653 7.00544 9.9426 3.64347 6.71462 4.55186 4.34746 4.33704 3.85329 4.39559 3.81319 3.92995 3.46198 3.46194 3.71393 3.43017 3.37024 3.78273 3.3307 3.77142
threshold=7.6500000000000012 3.2500000000000004 15.850000000000003 4.1500000000000012 28.450000000000003 1.5000000000000002 1.5000000000000002 1.5000000000000002 1.5000000000000002 2.5500000000000003 10.500000000000002 5.5000000000000009 3.5000000000000004 8.3500000000000032 5.5000000000000009 12.500000000000002 7.5000000000000009 59.250000000000007 7.5000000000000009 1.5000000000000002 18.350000000000005 5.5000000000000009 8.5000000000000018 1.5000000000000002 12.500000000000002 3.5000000000000004 8.5000000000000018 6.5000000000000009 11.500000000000002 108.75000000000001
decision_type=2 2 2 2 2 2 2 2 2 2 2 2 2 2 2 2 2 2 2 2 2 2 2 2 2 2 2 2 2 2
left_child=1 7 8 6 -4 25 -3 9 -2 -1 11 -10 -13 23 15 16 20 -18 -16 -20 -15 -22 -12 24 -7 -5 -8 -28 -21 -30
right_child=2 3 4 5 -6 13 26 -9 10 -11 22 12 -14 14 18 -17 17 -19 19 28 21 -23 -24 -25 -26 -27 27 -29 29 -31
leaf_value=0.0017857147283661464 -0.0015033727009114441 2.3151644097085582e-05 -0.001329265474839626 -0.0017640335615383849 -0.0016519367058109775 -0.0006890569677461192 0.0013657318859848727 0.0025441695735751459 -0.00074741736278676613 0.0010415882624749777 -0.0010691551436934092 0.0030993732771063161 -0.00017197687935506322 0.0013572502423354691 0.00029357410700056222 -0.00051350968072910123 0.00039561116606991723 0.0046220199550901144 -0.0030195949857813177 -0.0012492537957076693 0.0087488414586654722 0.0028549489639699455 0.0045816185675105273 -2.4095149128955711e-05 -0.0038217748326199656 -0.00032951696029562033 0.0012875558459975284 -0.00052935178016507345 0.00043511204819842244 -0.0046589565561974749
leaf_weight=18497 6957 6840 72597 2243 246431 2554 9672 4732 45184 10708 22658 918 9379 2543 15944 1515 4045 231 602 2177 112 1120 98 27084 393 4530 1982 2150 3423 136
leaf_count=18497 6957 6840 72597 2243 246431 2554 9672 4732 45184 10708 22658 918 9379 2543 15944 1515 4045 231 602 2177 112 1120 98 27084 393 4530 1982 2150 3423 136
internal_value=-0.000944544 0.000585544 -0.00141101 0.000178459 -0.00157851 1.68112e-05 0.000716021 0.00165668 -0.000783787 0.00151288 -0.0007198 -0.00058649 0.000119671 0.000106717 0.000330255 0.000995073 0.00127895 0.000623932 4.48386e-05 -0.000580885 0.0020209 0.00339076 -0.00104482 -0.000130345 -0.00110682 -0.000804583 0.00105934 0.000342166 -0.00032494 0.000240453
internal_weight=527455 123233 404222 89296 319028 68652 20644 33937 85194 29205 78237 55481 10297 61879 31848 9566 8051 4276 22282 6338 3775 1232 22756 30031 2947 6773 13804 4132 5736 3559
internal_count=527455 123233 404222 89296 319028 68652 20644 33937 85194 29205 78237 55481 10297 61879 31848 9566 8051 4276 22282 6338 3775 1232 22756 30031 2947 6773 13804 4132 5736 3559
is_linear=0
shrinkage=0.03


Tree=76
num_leaves=31
num_cat=0
split_feature=3 3 3 3 4 3 3 4 11 7 11 4 8 9 1 6 4 7 11 7 0 1 3 8 9 11 4 0 1 9
split_gain=397.049 63.2897 35.9519 6.89913 7.05798 5.94135 4.80535 4.89163 4.26446 4.11354 5.28299 4.11298 4.23557 4.09666 4.24743 3.97952 3.77563 4.21956 3.66861 4.10083 3.65148 4.58619 4.44928 4.68793 3.45369 3.37442 3.3363 3.3212 4.12309 3.28006
threshold=8.2500000000000018 3.5500000000000003 15.850000000000003 5.0500000000000007 2.5000000000000004 28.450000000000003 3.0500000000000003 1.5000000000000002 12.500000000000002 3.5000000000000004 82.500000000000014 3.5000000000000004 3.5000000000000004 5.1500000000000012 14.500000000000002 0.53950103950103967 1.5000000000000002 3.5000000000000004 69.500000000000014 5.5000000000000009 3.5000000000000004 5.5000000000000009 3.7500000000000004 3.5000000000000004 120.55000000000001 106.50000000000001 1.5000000000000002 4.5000000000000009 5.5000000000000009 6.5500000000000007
decision_type=2 2 2 2 2 2 2 2 2 2 2 2 2 2 2 2 2 2 2 2 2 2 2 2 2 2 2 2 2 2
left_child=1 6 11 4 9 -4 7 24 -8 10 -3 25 -13 -6 -15 20 -10 -18 26 -20 21 29 23 -22 27 -2 -5 28 -1 -11
right_child=2 3 5 18 13 -7 8 -9 16 15 -12 12 -14 14 -16 -17 17 -19 19 -21 22 -23 -24 -25 -26 -27 -28 -29 -30 -31
leaf_value=0.001455012870325722 0.00041671782394625106 2.5935958251514154e-05 -0.0012963637018409159 -0.0044983769524587344 0.00027913016843683652 -0.0016051592629750611 0.005011938610359242 0.0028432437161854027 0.00032090388113244114 0.0016160038671236803 -0.0017414927119617104 -0.0012619322552152724 -0.00073087159014405105 0.0018502464357032617 -0.002362327722708384 -0.00062123367264455194 0.00071749535081703077 0.0024518356180174643 -0.0010876185389840911 -0.00014657295321871409 0.00064279621405317292 -0.0035563381880521776 0.00086135703695183329 0.004660364639701195 0.0077444338315614944 -0.0015391678014589894 4.4957809651278107e-05 0.0018386934240434982 8.007628333199446e-05 -0.00040464679802860228
leaf_weight=9259 3975 11384 72597 146 2977 246431 228 2967 5535 1133 1757 18171 52769 5056 225 2172 2998 2181 6533 11511 453 300 5978 618 81 992 39702 14837 2491 1998
leaf_count=9259 3975 11384 72597 146 2977 246431 228 2967 5535 1133 1757 18171 52769 5056 225 2172 2998 2181 6533 11511 453 300 5978 618 81 992 39702 14837 2491 1998
internal_value=-0.00091848 0.000502451 -0.00139527 6.6911e-05 0.000405758 -0.00153489 0.00148934 0.00168771 0.000952059 0.000161368 -0.000210376 -0.000808467 -0.000866901 0.00116908 0.00167077 0.00054748 0.000865662 0.00144787 -0.000132392 -0.000487287 0.000789698 -1.29564e-05 0.00118038 0.00296106 0.00155915 2.6092e-05 2.83114e-05 0.00154031 0.00116353 0.000326556
internal_weight=527455 132520 394935 91943 34051 319028 40577 29635 10942 25793 13141 75907 70940 8258 5281 12652 10714 5179 57892 18044 10480 3431 7049 1071 26668 4967 39848 26587 11750 3131
internal_count=527455 132520 394935 91943 34051 319028 40577 29635 10942 25793 13141 75907 70940 8258 5281 12652 10714 5179 57892 18044 10480 3431 7049 1071 26668 4967 39848 26587 11750 3131
is_linear=0
shrinkage=0.03


Tree=77
num_leaves=31
num_cat=0
split_feature=3 3 3 3 3 10 7 10 2 7 9 0 1 1 8 10 7 6 7 3 10 0 10 3 9 7 2 8 2 9
split_gain=376.976 54.326 41.2116 7.95167 5.44646 5.30404 4.19907 4.17174 4.33146 6.8184 3.5997 3.55792 5.96195 4.74978 4.49298 4.5795 4.33449 3.55108 3.47669 3.47063 4.0754 3.24187 3.17751 3.16493 3.15924 3.15647 3.15479 4.67579 3.09459 3.2845
threshold=7.6500000000000012 3.2500000000000004 15.850000000000003 4.1500000000000012 67.050000000000011 1.5000000000000002 2.5000000000000004 3.5000000000000004 57.250000000000007 10.500000000000002 7.7500000000000009 4.5000000000000009 5.5000000000000009 8.5000000000000018 1.5000000000000002 1.5000000000000002 3.5000000000000004 0.22767145135566189 11.500000000000002 9.4500000000000011 8.5000000000000018 3.5000000000000004 1.5000000000000002 5.0500000000000007 21.250000000000004 2.5000000000000004 53.500000000000007 2.5000000000000004 53.500000000000007 20.950000000000003
decision_type=2 2 2 2 2 2 2 2 2 2 2 2 2 2 2 2 2 2 2 2 2 2 2 2 2 2 2 2 2 2
left_child=1 11 7 10 -4 21 -7 28 19 -10 18 12 -1 16 17 -16 -13 -15 25 20 -9 -5 -14 -8 -21 -3 27 -17 29 -2
right_child=2 3 4 5 -6 6 23 8 9 -11 -12 13 22 14 15 26 -18 -19 -20 24 -22 -23 -24 -25 -26 -27 -28 -29 -30 -31
leaf_value=0.0015397742458220531 -0.0025463524094036525 -0.00012874202265572354 -0.0013756514399190132 -0.0017138970342003442 -0.0016239962897101768 -0.00032300022614542627 0.00065367486784888025 0.00015344685939855352 0.000712510272860527 -0.0025526611748999525 0.0011697638012957156 0.0019835245118057301 -0.0027142749470430677 -0.0041260779042593173 -0.0001725761389150422 0.00055596357643436436 0.0036889494911898492 0.00089011927355022629 -0.003366844395167148 -0.001086968976041461 -0.00079499982865247662 -0.00031930838929896321 0.00039324255362514776 9.5391484318907253e-05 -0.00056726697786630038 0.00084994185279482597 0.0019768328216551241 0.0061167629844099142 -0.00097443522618715706 0.00028033233291647406
leaf_weight=11891 2194 5194 168949 2243 150079 15574 12529 8084 4048 671 8315 4064 332 131 845 206 2002 4175 221 22170 8227 4530 2742 33776 20046 6914 7148 401 19309 445
leaf_count=11891 2194 5194 168949 2243 150079 15574 12529 8084 4048 671 8315 4064 332 131 845 206 2002 4175 221 22170 8227 4530 2742 33776 20046 6914 7148 401 19309 445
internal_value=-0.000893112 0.000559441 -0.00133594 0.000171128 -0.00149248 1.58873e-05 0.000103128 -0.000749765 -0.000626097 0.000248232 0.000687383 0.00158118 0.00123532 0.00185399 0.00152856 0.00192464 0.00254638 0.000737513 0.000362052 -0.000696594 -0.000324934 -0.000781151 5.76226e-05 0.000246449 -0.000840192 0.000430113 0.00215316 0.00422957 -0.00110613 -0.0020697
internal_weight=527455 123233 404222 89296 319028 68652 61879 85194 63246 4719 20644 33937 14965 18972 12906 8600 6066 4306 12329 58527 16311 6773 3074 46305 42216 12108 7755 607 21948 2639
internal_count=527455 123233 404222 89296 319028 68652 61879 85194 63246 4719 20644 33937 14965 18972 12906 8600 6066 4306 12329 58527 16311 6773 3074 46305 42216 12108 7755 607 21948 2639
is_linear=0
shrinkage=0.03


Tree=78
num_leaves=31
num_cat=0
split_feature=3 3 3 3 3 10 11 7 10 5 11 9 6 9 0 1 1 8 10 7 11 5 6 11 9 1 10 1 6 7
split_gain=357.759 51.8412 38.7367 7.58651 6.68166 5.03088 4.05947 3.98741 3.94495 3.85096 3.72215 3.65798 3.58891 3.4521 3.50717 5.6592 4.21811 4.28511 4.23958 3.75522 3.6487 4.74671 3.37985 3.34859 3.87 3.19911 3.18005 5.46133 3.91848 5.11999
threshold=7.6500000000000012 3.2500000000000004 14.350000000000003 4.1500000000000012 26.550000000000004 1.5000000000000002 12.500000000000002 2.5000000000000004 3.5000000000000004 5.5000000000000009 112.50000000000001 100.55000000000001 0.1856158484065461 123.05000000000001 4.5000000000000009 5.5000000000000009 8.5000000000000018 1.5000000000000002 1.5000000000000002 3.5000000000000004 77.500000000000014 6.5000000000000009 0.22767145135566189 132.50000000000003 1.7500000000000002 11.500000000000002 11.500000000000002 16.500000000000004 0.063508064516129045 7.5000000000000009
decision_type=2 2 2 2 2 2 2 2 2 2 2 2 2 2 2 2 2 2 2 2 2 2 2 2 2 2 2 2 2 2
left_child=1 13 8 6 -4 -5 -3 23 10 11 -2 -8 -11 14 15 -1 19 22 -19 -16 -20 25 -18 24 -7 -22 28 -28 29 -10
right_child=2 3 4 5 -6 7 9 -9 26 12 -12 -13 -14 -15 16 -17 17 18 20 -21 21 -23 -24 -25 -26 -27 27 -29 -30 -31
leaf_value=0.0014814775080271225 -0.00088888885723984129 0.0036050821575694361 -0.001192156294813868 -0.00076057415442929279 -0.0015112016262037536 0.0023237052809149594 0.00097361708403274764 0.0002402957395361124 0.00081359191595686061 0.0024881275846012707 -0.0021864761642002048 0.0073745577865176725 5.7476053662393217e-05 0.0070285679000312261 0.0019311342277959483 3.5950441511390219e-05 -0.0040245239524426685 -0.00014124251127015189 0.0024866813820532091 0.0035249407212977015 0.00033770424991637707 -0.0027730656536188959 0.00086924251834753882 -0.0020463789503831981 -0.00029710152626494013 0.0029064116944596563 -0.00080041367588695072 -0.0057121073939267863 -0.00052863111531535416 -0.00095681475817763944
leaf_weight=11846 16848 416 76917 6773 254719 526 10041 46305 4786 580 2256 81 9526 103 4060 3069 131 842 5722 1979 914 261 4175 944 14104 835 18580 206 27788 2122
leaf_count=11846 16848 416 76917 6773 254719 526 10041 46305 4786 580 2256 81 9526 103 4060 3069 131 842 5722 1979 914 261 4175 944 14104 835 18580 206 27788 2122
internal_value=-0.000868413 0.000546632 -0.00129981 0.000167303 -0.0014372 1.56688e-05 0.000671564 0.000100633 -0.000672074 0.000611235 -0.00104212 0.00102484 0.000196975 0.00154473 0.00152804 0.00118404 0.00179924 0.00149251 0.00188029 0.00245343 0.00210043 0.00100087 0.000720361 -0.000314616 -0.000202874 0.00156405 -0.000539892 -0.000854273 -0.000369671 0.000269758
internal_weight=527455 123233 404222 89296 331636 68652 20644 61879 72586 20228 19104 10122 10106 33937 33834 14915 18919 12880 8574 6039 7732 2010 4306 15574 14630 1749 53482 18786 34696 6908
internal_count=527455 123233 404222 89296 331636 68652 20644 61879 72586 20228 19104 10122 10106 33937 33834 14915 18919 12880 8574 6039 7732 2010 4306 15574 14630 1749 53482 18786 34696 6908
is_linear=0
shrinkage=0.03


Tree=79
num_leaves=31
num_cat=0
split_feature=3 3 3 3 9 11 7 4 3 10 7 11 5 11 2 9 7 11 4 5 1 4 3 9 2 9 11 7 10 9
split_gain=339.603 55.1147 29.2426 7.32734 5.70862 4.8686 7.13881 4.79825 4.67033 4.22178 3.96067 5.39709 3.92342 5.01197 3.97214 3.73814 3.71958 5.82858 4.99323 4.49755 3.92991 3.69843 5.63086 4.36209 3.67727 4.42424 3.56953 3.56591 3.55654 3.63472
threshold=8.2500000000000018 3.8500000000000001 15.850000000000003 3.0500000000000003 6.3500000000000005 68.500000000000014 3.5000000000000004 1.5000000000000002 28.450000000000003 1.5000000000000002 3.5000000000000004 126.50000000000001 8.5000000000000018 110.50000000000001 53.500000000000007 1.7500000000000002 7.5000000000000009 106.50000000000001 3.5000000000000004 3.5000000000000004 10.500000000000002 1.5000000000000002 5.5500000000000007 15.65 57.250000000000007 55.350000000000001 35.500000000000007 11.500000000000002 14.500000000000002 15.950000000000001
decision_type=2 2 2 2 2 2 2 2 2 2 2 2 2 2 2 2 2 2 2 2 2 2 2 2 2 2 2 2 2 2
left_child=1 3 9 7 10 21 15 28 -4 -2 11 -5 14 -14 -6 -7 17 18 19 20 -11 -3 23 -23 -20 -26 -22 -12 29 -1
right_child=2 5 8 4 12 6 -8 -9 -10 16 27 -13 13 -15 -16 -17 -18 -19 24 -21 26 22 -24 -25 25 -27 -28 -29 -30 -31
leaf_value=0.0015290053475935281 -0.001509612624746997 -0.00099539122316013771 -0.0011997753672498509 7.9608180384120266e-05 0.0041469619414174416 0.0016359390394531028 -2.8988443871736466e-05 0.0027209601326055985 -0.0014735558165638806 0.0035454052767896521 0.0013474294368039678 -0.0037493252028257418 0.00068719271365273358 -0.0052270683744092923 0.0015369768898882623 -0.0013119851190867221 -0.00098425097482503221 -0.0017014363723542652 -0.00060337540394815364 -0.00011248260883758645 0.0015723697415419987 0.00036029378199656855 -4.3881825142263831e-05 0.0013733413720444041 0.00011461058809566771 0.0040440556081667751 -0.0056542600845468447 -0.0033839516341686248 0.00080221309043190369 0.0031279994830292887
leaf_weight=19355 6150 2371 72597 5909 581 411 19553 2967 246431 734 3240 351 2197 137 5425 6668 24841 3505 35471 1821 210 18887 32208 4797 2804 284 87 150 5943 1370
leaf_count=19355 6150 2371 72597 5909 581 411 19553 2967 246431 734 3240 351 2197 137 5425 6668 24841 3505 35471 1821 210 18887 32208 4797 2804 284 87 150 5943 1370
internal_value=-0.000844383 0.000469741 -0.00128534 0.00128658 0.000808983 1.15038e-05 -0.000324525 0.00157651 -0.00141126 -0.000756111 0.000312173 -0.000135081 0.00138383 0.00034004 0.00178946 -0.00114083 -0.00068968 -0.000526766 -0.000427342 0.000783932 0.00236722 0.000165103 0.000214332 0.000565478 -0.000516934 0.000475997 -0.000544522 0.00113808 0.00144918 0.0016347
internal_weight=527455 132520 394935 47625 17990 84895 26632 29635 319028 75907 9650 6260 8340 2334 6006 7079 69757 44916 41411 2852 1031 58263 55892 23684 38559 3088 297 3390 26668 20725
internal_count=527455 132520 394935 47625 17990 84895 26632 29635 319028 75907 9650 6260 8340 2334 6006 7079 69757 44916 41411 2852 1031 58263 55892 23684 38559 3088 297 3390 26668 20725
is_linear=0
shrinkage=0.03


Tree=80
num_leaves=31
num_cat=0
split_feature=3 3 3 3 3 4 10 4 7 3 10 2 7 6 0 9 4 0 6 6 2 6 3 4 6 3 10 9 9 10
split_gain=322.522 47.2648 34.0561 6.98808 5.59302 5.06693 4.74555 4.52158 3.72677 3.69655 3.67722 4.17256 5.79954 3.40381 3.21892 3.09359 3.07011 3.06858 3.02346 3.45114 3.26926 2.97432 2.95425 4.36917 3.39446 4.56777 3.69349 3.80694 2.9487 6.20361
threshold=7.6500000000000012 3.2500000000000004 14.350000000000003 4.1500000000000012 26.550000000000004 1.5000000000000002 1.5000000000000002 1.5000000000000002 2.5000000000000004 2.7500000000000004 3.5000000000000004 57.250000000000007 10.500000000000002 0.76696832579185525 5.5000000000000009 5.1500000000000012 2.5000000000000004 3.5000000000000004 0.23845060412224592 0.29198717948717956 58.250000000000007 0.71714285714285719 5.0500000000000007 2.5000000000000004 0.37089947089947095 4.5500000000000007 9.5000000000000018 4.9500000000000011 8.3500000000000032 5.5000000000000009
decision_type=2 2 2 2 2 2 2 2 2 2 2 2 2 2 2 2 2 2 2 2 2 2 2 2 2 2 2 2 2 2
left_child=1 7 10 5 15 -3 17 9 -8 -1 -2 -12 -13 14 -11 -4 -7 -5 -9 -20 -21 -16 23 -10 26 -26 -25 -28 -24 -30
right_child=2 3 4 6 -6 16 8 18 22 13 11 12 -14 -15 21 -17 -18 -19 19 20 -22 -23 28 24 25 -27 27 -29 29 -31
leaf_value=0.0015303549001168698 -0.00099930231524958976 -2.338817558790508e-05 -0.0017193050554918554 -0.0016465821324104823 -0.0014271495412268784 0.00081526996786809999 -0.00030412783312127022 0.003929055109380338 0.00021664372634718458 0.00043633269950795828 -0.00058978446243111845 0.00087532991089635541 -0.0024289789199829098 -0.00067144964178244909 0.0016269747082599845 -0.0010732732088508602 0.0022271987824430853 -0.00028977826849514287 -0.0018828091498774785 0.0020265065988114509 0.0073012122308510697 0.0067115469442473518 -0.00024963203967327217 0.0032197523492151865 0.002570500431244484 -0.00054950997131094509 -0.0048408526740968223 0.0014088694658954586 0.0011447329048647106 -1.9769148380430752e-05
leaf_weight=21942 19104 6840 7379 2243 254719 12241 15574 874 8171 3391 49479 3448 555 1255 2509 69538 1563 4530 198 3551 109 108 13859 1311 623 1311 96 1017 5815 14102
leaf_count=21942 19104 6840 7379 2243 254719 12241 15574 874 8171 3391 49479 3448 555 1255 2509 69538 1563 4530 198 3551 109 108 13859 1311 623 1311 96 1017 5815 14102
internal_value=-0.000821021 0.000522531 -0.00123062 0.000160332 -0.00135945 0.000644296 1.48011e-05 0.00147556 9.73206e-05 0.00133617 -0.000642032 -0.000514414 0.000417201 0.000749533 0.00104636 -0.00113525 0.00097514 -0.000739108 0.00233583 0.0019749 0.00218359 0.00183681 0.000232342 0.00062578 0.00139289 0.00045554 0.00214076 0.00086981 8.63982e-05 0.000320221
internal_weight=527455 123233 404222 89296 331636 20644 68652 33937 61879 29205 72586 53482 4003 7263 6008 76917 13804 6773 4732 3858 3660 2617 46305 12529 4358 1934 2424 1113 33776 19917
internal_count=527455 123233 404222 89296 331636 20644 68652 33937 61879 29205 72586 53482 4003 7263 6008 76917 13804 6773 4732 3858 3660 2617 46305 12529 4358 1934 2424 1113 33776 19917
is_linear=0
shrinkage=0.03


Tree=81
num_leaves=31
num_cat=0
split_feature=4 4 4 10 5 2 11 10 9 11 5 2 10 7 2 2 7 7 9 5 11 11 7 2 0 7 0 11 9 0
split_gain=295.914 25.1007 16.2878 7.09423 5.55271 5.4615 5.37197 4.9596 4.37408 4.2337 3.92654 4.56576 4.23566 4.09047 5.41365 3.8704 3.63208 3.58423 3.34543 3.35398 3.32892 3.17013 3.77098 3.13993 4.43995 3.12373 3.51751 3.12032 4.90208 3.11676
threshold=4.5000000000000009 2.5000000000000004 6.5000000000000009 1.5000000000000002 5.5000000000000009 57.250000000000007 35.500000000000007 7.5000000000000009 1.7500000000000002 69.500000000000014 10.500000000000002 58.250000000000007 7.5000000000000009 8.5000000000000018 55.750000000000007 59.250000000000007 11.500000000000002 12.500000000000002 51.850000000000001 26.500000000000004 91.500000000000014 77.500000000000014 3.5000000000000004 56.250000000000007 4.5000000000000009 5.5000000000000009 4.5000000000000009 106.50000000000001 49.95000000000001 5.5000000000000009
decision_type=2 2 2 2 2 2 2 2 2 2 2 2 2 2 2 2 2 2 2 2 2 2 2 2 2 2 2 2 2 2
left_child=1 3 15 8 27 6 7 18 23 10 12 29 -5 -14 -15 -2 -17 21 19 -6 -7 -4 -23 -1 -25 26 -13 -3 -29 -12
right_child=2 4 17 9 5 20 -8 -9 -10 -11 11 25 13 14 -16 16 -18 -19 -20 -21 -22 22 -24 24 -26 -27 -28 28 -30 -31
leaf_value=0.0040440641330861879 -0.0008912392290966602 0.00036524926531865875 -0.0012173702356756075 0.0013398723968750387 0.00016816846079254922 0.00089974765363559639 -0.00091593484718981795 -0.00094971723064600706 -0.00027678894871862144 0.00043512333374976262 -0.00015658914033038815 0.0035130770658960597 0.00052942384572507418 0.0066721992677933458 -0.00096373836523783738 0.00095080113329796222 -0.0028275560028851029 -0.0015006405761594909 0.0029998948964295464 -0.0023852603007107971 -0.0010903897750508655 -0.0022721841874294331 -0.0014038862798582687 -0.0058087589830808735 0.0036823443564625974 0.0058015567627735434 0.00022219970770955461 -0.0013585479914175983 0.00012822295025224039 0.00087497313407796349
leaf_weight=374 73661 26956 162352 24644 13051 4483 13818 4980 8109 19205 6128 494 10749 222 134 1726 264 95189 362 480 910 5113 37640 84 94 180 716 2653 8058 4626
leaf_count=374 73661 26956 162352 24644 13051 4483 13818 4980 8109 19205 6128 494 10749 222 134 1726 264 95189 362 480 910 5113 37640 84 94 180 716 2653 8058 4626
internal_value=-0.000798293 0.000321022 -0.00124939 0.000707141 -6.51372e-05 -0.000320577 -0.000466495 -0.000137434 -0.000100889 0.000811442 0.000962344 0.000496285 0.00112067 0.000634207 0.003798 -0.00085597 0.000449552 -0.0013485 0.000153732 7.75879e-05 0.000563937 -0.00127789 -0.00150773 0.00248312 -0.000796603 0.00211427 0.00156575 0.000193131 -0.000240034 0.000287153
internal_weight=527455 151510 375945 75759 75751 38084 32691 18873 8661 67098 47893 12144 35749 11105 356 75651 1990 300294 13893 13531 5393 205105 42753 552 178 1390 1210 37667 10711 10754
internal_count=527455 151510 375945 75759 75751 38084 32691 18873 8661 67098 47893 12144 35749 11105 356 75651 1990 300294 13893 13531 5393 205105 42753 552 178 1390 1210 37667 10711 10754
is_linear=0
shrinkage=0.03


Tree=82
num_leaves=31
num_cat=0
split_feature=3 3 3 3 4 3 4 10 10 2 3 11 1 4 1 9 11 2 11 6 5 1 6 6 2 9 11 4 10 11
split_gain=291.824 44.3288 29.8913 6.40965 4.83444 4.744 4.4034 4.39403 3.4942 3.91256 3.46731 3.41068 3.32523 3.32036 3.27743 3.17086 3.11773 3.07274 3.02981 3.44847 3.01277 3.62538 2.92914 3.31477 3.15247 2.90749 3.28581 2.9653 3.14099 2.81475
threshold=7.6500000000000012 3.2500000000000004 14.350000000000003 4.1500000000000012 1.5000000000000002 28.450000000000003 1.5000000000000002 1.5000000000000002 3.5000000000000004 57.250000000000007 2.7500000000000004 112.50000000000001 12.500000000000002 1.5000000000000002 9.5000000000000018 3.1500000000000008 12.500000000000002 53.500000000000007 77.500000000000014 0.45889639639639646 8.5000000000000018 6.5000000000000009 0.23845060412224592 0.29198717948717956 58.250000000000007 5.1500000000000012 97.500000000000014 3.5000000000000004 6.5000000000000009 119.50000000000001
decision_type=2 2 2 2 2 2 2 2 2 2 2 2 2 2 2 2 2 2 2 2 2 2 2 2 2 2 2 2 2 2
left_child=1 6 8 4 16 25 10 -5 11 -10 -1 17 13 15 -12 -9 -3 -2 -17 -20 29 -22 -8 -24 -25 26 -4 28 -27 -6
right_child=2 3 5 7 20 -7 22 12 9 -11 14 -13 -14 -15 -16 18 -18 -19 19 -21 21 -23 23 24 -26 27 -28 -29 -30 -31
leaf_value=0.0014751717895650814 -0.0019122233664547953 0.0042991460431112006 -0.0013165676471166895 -0.00071388978589748012 0.0014822344126001698 -0.0013533386549785678 0.0038417898325392042 -0.0052484174484124218 -0.00056308290971125599 0.00041202426351310905 0.00023492755136228982 -0.0020581944259081752 -0.00041135026976102368 0.00022467533152194477 0.0015580148702732011 -0.0016421503396261306 -0.00013233723785045933 -0.0006663384450348107 0.0046010525737489967 -0.0028435277300221579 0.0011850445939361387 -0.00059367344365563498 -0.0018623666675535566 0.0019686310949262732 0.0071482635778161354 0.0065497319146673727 -0.0027906037110903667 -0.0010481642755381213 -0.00035184104435192131 0.00019994172542217928
leaf_weight=21942 2025 146 6198 6773 7749 246431 874 163 49479 4003 4606 2256 9953 50692 2657 819 6694 14823 168 84 1982 2150 198 3551 109 94 1744 77008 161 1923
leaf_count=21942 2025 146 6198 6773 7749 246431 874 163 49479 4003 4606 2256 9953 50692 2657 819 6694 14823 168 84 1982 2150 198 3551 109 94 1744 77008 161 1923
internal_value=-0.000776307 0.000501706 -0.00116593 0.000150937 0.00061444 -0.00128662 0.00142466 1.15598e-05 -0.0006145 -0.000490098 0.00128711 -0.000962766 9.09643e-05 0.000187246 0.000718948 -0.00135032 -3.77471e-05 -0.000816084 -0.00075705 0.00211953 0.000937604 0.000259526 0.00227361 0.00191836 0.00212289 -0.00109366 -0.00164025 -0.00103747 0.00219227 0.00122729
internal_weight=527455 123233 404222 89296 20644 331636 33937 68652 72586 53482 29205 19104 61879 51926 7263 1234 6840 16848 1071 252 13804 4132 4732 3858 3660 85205 7942 77263 255 9672
internal_count=527455 123233 404222 89296 20644 331636 33937 68652 72586 53482 29205 19104 61879 51926 7263 1234 6840 16848 1071 252 13804 4132 4732 3858 3660 85205 7942 77263 255 9672
is_linear=0
shrinkage=0.03


Tree=83
num_leaves=31
num_cat=0
split_feature=3 3 3 3 4 3 4 10 7 1 0 4 3 0 6 1 10 1 9 6 1 10 1 11 7 0 4 6 10 3
split_gain=276.973 42.3256 28.0049 6.11682 4.61133 4.35476 4.2693 4.16863 3.52944 3.46434 6.12328 7.60261 3.36421 3.37596 5.74713 3.61062 3.54241 3.35957 5.35101 3.64921 3.32418 3.24803 3.12778 3.68175 4.3385 3.62235 3.31569 3.13005 5.51745 5.58704
threshold=7.6500000000000012 3.2500000000000004 14.350000000000003 4.1500000000000012 1.5000000000000002 26.550000000000004 1.5000000000000002 1.5000000000000002 2.5000000000000004 10.500000000000002 5.5000000000000009 3.5000000000000004 1.7500000000000002 4.5000000000000009 0.93095238095238109 8.5000000000000018 1.5000000000000002 8.5000000000000018 60.250000000000007 0.33072916666666669 5.5000000000000009 1.5000000000000002 4.5000000000000009 56.500000000000007 11.500000000000002 2.5000000000000004 5.5000000000000009 0.077677224736048281 9.5000000000000018 10.250000000000002
decision_type=2 2 2 2 2 2 2 2 2 2 2 2 2 2 2 2 2 2 2 2 2 2 2 2 2 2 2 2 2 2
left_child=1 6 9 4 -3 -4 12 -5 -9 10 22 -12 -1 20 15 -15 -17 18 -13 -20 -14 -22 25 24 27 -2 -27 28 29 -24
right_child=2 3 5 7 -6 -7 -8 8 -10 -11 11 17 13 14 -16 16 -18 -19 19 -21 21 -23 23 -25 -26 26 -28 -29 -30 -31
leaf_value=0.001947753502667105 -0.0006081545759099653 -3.666028563390698e-05 -0.0010533807587826316 -0.00069524623074102801 0.00091591776170805897 -0.0013109489609451103 0.002228048181144051 -0.00030198336298205172 0.00022009064259558461 -0.00092623119408410785 0.0027221009943599953 0.00019859109397294818 0.00099108789943791681 0.002571974035443549 4.8873733700722428e-05 -0.0004403453056797373 0.0015866683700727037 -0.00063370886405572191 0.00573967042372381 -0.00059490263718983227 -0.0034559997973063984 0.00010432914797345408 0.004047334297843601 -0.001398542525133146 -0.0027408812186520571 0.00069273927682564818 -0.00096840967390675943 -0.00068264639249198062 -0.0010015650441501346 0.00015497571571617368
leaf_weight=5209 15218 6840 76917 6773 13804 254719 4732 15574 46305 20931 977 3732 8205 3104 2277 870 7177 4530 278 116 259 2104 575 7838 785 4307 1444 9888 1182 785
leaf_count=5209 15218 6840 76917 6773 13804 254719 4732 15574 46305 20931 977 3732 8205 3104 2277 870 7177 4530 278 116 259 2104 575 7838 785 4307 1444 9888 1182 785
internal_value=-0.000754811 0.00049026 -0.00113439 0.000147508 0.000600299 -0.00125121 0.00139212 1.13515e-05 8.86926e-05 -0.000600645 -0.000468715 0.00021349 0.00125668 0.00110666 0.00142233 0.00170279 0.00136752 -6.96557e-05 0.000549627 0.00387467 0.000705553 -0.000285906 -0.000625101 -0.000883406 -0.000577872 -0.000365761 0.000275647 -0.00044127 0.000497649 0.00180064
internal_weight=527455 123233 404222 89296 20644 331636 33937 68652 61879 72586 51655 9633 29205 23996 13428 11151 8047 8656 4126 394 10568 2363 42022 21053 13215 20969 5751 12430 2542 1360
internal_count=527455 123233 404222 89296 20644 331636 33937 68652 61879 72586 51655 9633 29205 23996 13428 11151 8047 8656 4126 394 10568 2363 42022 21053 13215 20969 5751 12430 2542 1360
is_linear=0
shrinkage=0.03


Tree=84
num_leaves=31
num_cat=0
split_feature=3 3 3 3 4 9 5 11 2 10 2 3 11 9 11 9 9 7 5 11 4 5 7 4 3 9 2 11 10 9
split_gain=262.948 45.0355 20.7236 4.93055 4.4869 4.3025 3.88076 4.34541 3.99725 3.82815 3.73323 4.08655 3.56042 4.46396 4.7469 3.53138 4.33187 3.47071 5.46715 3.96129 3.99267 3.91422 3.53328 3.43283 3.36047 3.24413 4.35712 3.13111 3.09132 8.41486
threshold=8.2500000000000018 3.5500000000000003 15.850000000000003 5.5500000000000007 1.5000000000000002 123.05000000000001 10.500000000000002 168.50000000000003 57.750000000000007 1.5000000000000002 58.250000000000007 2.3500000000000001 68.500000000000014 14.750000000000002 62.500000000000007 9.3500000000000032 5.0500000000000007 11.500000000000002 8.5000000000000018 106.50000000000001 3.5000000000000004 5.5000000000000009 4.5000000000000009 6.5000000000000009 74.350000000000009 19.850000000000005 58.750000000000007 47.500000000000007 15.500000000000002 17.750000000000004
decision_type=2 2 2 2 2 2 2 2 2 2 2 2 2 2 2 2 2 2 2 2 2 2 2 2 2 2 2 2 2 2
left_child=1 5 9 4 -3 6 8 10 28 -2 11 -8 13 -6 -15 16 -10 19 23 20 -11 -21 -23 -19 -4 -22 -27 -18 29 -1
right_child=2 3 24 -5 12 -7 7 -9 15 17 -12 -13 -14 14 -16 -17 27 18 -20 21 25 22 -24 -25 -26 26 -28 -29 -30 -31
leaf_value=0.0014575078789846132 -0.0013939148093869045 -0.00051924353634707837 -0.0011421300753278023 -0.00015775343257275868 0.00038474608767354057 0.0067038749235037425 0.001672529346238261 -0.0057556028466083497 -4.2205849515018091e-05 0.000553071328348375 0.0022214185556189881 -6.8752803696622296e-05 -3.755549990664815e-05 0.0011699933672680754 0.0060932133960854874 0.0035880523210076926 -0.0081226536607550033 -0.00056757198021452424 -0.0023339142693513562 -0.0023407922530970953 -0.00068428017956808946 -0.0018772128389941323 0.00025265912763905104 -0.0023418124721091482 -0.0013384240410007915 -0.00025904017875223078 0.0024299540430466758 -0.00053873097282592893 0.00094204952061893949 0.0037155210760136162
leaf_weight=21986 6150 5513 179598 47439 21325 130 1662 95 571 3429 1215 4490 11895 5589 182 154 124 9176 2452 2020 31827 1188 1710 1099 139430 16295 561 81 8476 1593
leaf_count=21986 6150 5513 179598 47439 21325 130 1662 95 571 3429 1215 4490 11895 5589 182 154 124 9176 2452 2020 31827 1188 1710 1099 139430 16295 561 81 8476 1593
internal_value=-0.000733908 0.000422431 -0.00112192 5.50318e-05 0.00028185 0.00125492 0.0012374 0.000619577 0.00137717 -0.0006764 0.000701787 0.000401665 0.000395118 0.000585059 0.00132526 -0.000561705 -0.00138524 -0.000613141 -0.00106109 -0.000513176 -0.000436367 -0.00132706 -0.000620456 -0.000757342 -0.00122792 -0.000506058 -0.000169545 -0.00512608 0.00143342 0.00161006
internal_weight=527455 132520 394935 91943 44504 40577 40447 7462 32985 75907 7367 6152 38991 27096 5771 930 776 69757 12727 57030 52112 4918 2898 10275 319028 48683 16856 205 32055 23579
internal_count=527455 132520 394935 91943 44504 40577 40447 7462 32985 75907 7367 6152 38991 27096 5771 930 776 69757 12727 57030 52112 4918 2898 10275 319028 48683 16856 205 32055 23579
is_linear=0
shrinkage=0.03


Tree=85
num_leaves=31
num_cat=0
split_feature=3 3 3 11 3 4 4 11 3 7 1 7 10 2 7 1 0 1 11 1 0 10 11 6 10 8 1 0 3 6
split_gain=249.749 37.2411 26.5253 6.34737 5.1446 5.32965 4.17778 4.16719 4.84804 3.93149 3.47122 4.83989 3.39346 4.24538 5.50071 3.35735 6.92629 5.72409 4.30879 4.3003 5.96608 4.38546 4.28414 4.11805 3.92788 4.15837 4.2759 3.8708 3.15715 3.20781
threshold=7.4500000000000011 3.2500000000000004 14.350000000000003 6.5000000000000009 4.4500000000000011 1.5000000000000002 1.5000000000000002 90.500000000000014 37.150000000000013 2.5000000000000004 8.5000000000000018 12.500000000000002 3.5000000000000004 57.250000000000007 10.500000000000002 12.500000000000002 6.5000000000000009 8.5000000000000018 30.500000000000004 6.5000000000000009 3.5000000000000004 8.5000000000000018 148.50000000000003 0.41763565891472876 1.5000000000000002 10.500000000000002 2.5000000000000004 7.5000000000000009 2.7500000000000004 0.76696832579185525
decision_type=2 2 2 2 2 2 2 2 2 2 2 2 2 2 2 2 2 2 2 2 2 2 2 2 2 2 2 2 2 2
left_child=1 6 12 -3 5 -5 28 8 10 -9 11 -4 -2 -14 -15 16 19 18 -18 20 24 22 -21 27 -6 26 -26 -19 -1 -30
right_child=2 3 7 4 15 -7 -8 9 -10 -11 -12 -13 13 14 -16 -17 17 23 -20 21 -22 -23 -24 -25 25 -27 -28 -29 29 -31
leaf_value=0.0013768067334433078 -0.00089586740122041036 0.003981167383702678 -0.00068320154024698997 -0.00018901861575386855 -0.0014020069860312819 0.00074128047039908468 0.0021582536936504818 -0.0022856154673323512 -0.0012198170835614548 -0.0013148908488172667 -0.0011579419500705383 -0.0017159001722453749 -0.00051581192926453308 0.00091330493196261904 -0.0022464175996573074 -0.00054101208889466507 0.00071000631913602588 0.00019971369092148305 0.0037247538392867273 1.9295905449282987e-06 0.00093521135428033784 -0.001210780981594055 -0.0028854220089587295 -0.00048242664644940376 0.0004762078853389162 0.0023408091441345495 -0.0004943919945138562 0.0022908042464972024 0.00094335231347165798 -0.00072426661243476706
leaf_weight=21942 20114 389 45421 7715 1887 19681 4732 3925 153583 86685 37534 4488 51609 3603 575 9322 747 1727 995 10409 6748 4851 484 2382 7467 679 9019 1479 6008 1255
leaf_count=21942 20114 389 45421 7715 1887 19681 4732 3925 153583 86685 37534 4488 51609 3603 575 9322 747 1727 995 10409 6748 4851 484 2382 7467 679 9019 1479 6008 1255
internal_value=-0.0007136 0.000489832 -0.00106771 0.000157688 0.000140311 0.000479299 0.00133133 -0.0011835 -0.00111829 -0.00135694 -0.000939982 -0.000776066 -0.000561798 -0.00044135 0.000478446 -1.92685e-05 8.02464e-05 0.000930473 0.00243198 -6.97671e-05 0.000168665 -0.00046049 -0.000126362 0.000462395 -0.000102837 3.99844e-05 -5.47784e-05 0.00116438 0.00119735 0.000655198
internal_weight=527455 119918 407537 85981 85592 27396 33937 331636 241026 90610 87443 49909 75901 55787 4178 58196 48874 7330 1742 41544 25800 15744 10893 5588 19052 17165 16486 3206 29205 7263
internal_count=527455 119918 407537 85981 85592 27396 33937 331636 241026 90610 87443 49909 75901 55787 4178 58196 48874 7330 1742 41544 25800 15744 10893 5588 19052 17165 16486 3206 29205 7263
is_linear=0
shrinkage=0.03


Tree=86
num_leaves=31
num_cat=0
split_feature=4 4 4 1 10 0 1 1 0 7 9 11 10 7 6 4 8 6 2 2 7 7 7 11 2 11 9 9 10 7
split_gain=227.899 18.7746 11.4519 6.67677 6.51045 4.7594 6.10076 5.67389 5.18402 4.20879 4.0152 3.88781 3.58793 4.61388 6.62509 3.69517 3.55439 4.26459 4.28496 3.54901 3.36662 3.33105 3.25903 3.09539 3.08599 3.14148 3.07004 3.01159 3.00004 3.32057
threshold=4.5000000000000009 2.5000000000000004 6.5000000000000009 11.500000000000002 1.5000000000000002 5.5000000000000009 8.5000000000000018 5.5000000000000009 3.5000000000000004 4.5000000000000009 1.7500000000000002 69.500000000000014 7.5000000000000009 10.500000000000002 0.54226190476190483 1.5000000000000002 3.5000000000000004 0.47140522875816998 54.250000000000007 59.250000000000007 2.5000000000000004 11.500000000000002 8.5000000000000018 140.50000000000003 53.500000000000007 21.500000000000004 98.65000000000002 176.55000000000004 11.500000000000002 11.500000000000002
decision_type=2 2 2 2 2 2 2 2 2 2 2 2 2 2 2 2 2 2 2 2 2 2 2 2 2 2 2 2 2 2
left_child=1 4 19 5 10 7 16 8 26 20 -1 12 13 15 -15 -6 17 -7 -19 28 23 -21 -14 -9 25 -12 -3 -28 29 -2
right_child=2 3 -4 -5 11 6 -8 9 -10 -11 24 -13 22 14 -16 -17 -18 18 -20 21 -22 -23 -24 -25 -26 -27 27 -29 -30 -31
leaf_value=0.0023240855879987023 -0.00059149883274138798 -6.8742442499002135e-05 -0.0011727933375162522 -0.00059198014543129676 0.0013842505557840128 -0.0012015957141149371 8.421153551075153e-05 -0.00050931432391098774 0.00099278572718205713 -0.0010041866247438981 -0.0047893218374660904 0.00036171420965360477 0.00036036414396770642 0.00032842050413701604 -0.0062122961575345644 0.0007559800652481404 0.0018147734555977958 -0.0013999561660038018 0.0026912102771026116 0.00097037034275426791 0.00054245338781828913 -0.0026480264182795177 0.0028727601376203702 -0.0043587674044851038 -9.471736317404186e-05 -0.00092477671097876727 0.0036875943149975005 -0.0013047844463703678 -0.0010909623794466135 -0.0013983942247108459
leaf_weight=552 46990 22257 300294 15898 17419 946 9921 2907 5753 7985 248 19205 12932 556 186 16318 3996 322 810 1726 4226 264 482 201 7061 800 376 153 21584 5087
leaf_count=552 46990 22257 300294 15898 17419 946 9921 2907 5753 7985 248 19205 12932 556 186 16318 3996 322 810 1726 4226 264 482 201 7061 800 376 153 21584 5087
internal_value=-0.000693812 0.00028848 -0.00108969 -4.54902e-05 0.000622416 9.9667e-05 0.00054265 -6.18886e-05 0.000188107 -0.000527627 -0.000151654 0.000722333 0.00086694 0.0010289 -0.00131117 0.00108037 0.00129144 0.000285075 0.00152747 -0.000759801 -8.76479e-06 0.000490342 0.000450641 -0.000758265 -0.000320184 -0.00183929 -1.50574e-05 0.00224367 -0.000793575 -0.000670318
internal_weight=527455 151510 375945 75751 75759 59853 15995 43858 28539 15319 8661 67098 47893 34479 742 33737 6074 2078 1132 75651 7334 1990 13414 3108 8109 1048 22786 529 73661 52077
internal_count=527455 151510 375945 75751 75759 59853 15995 43858 28539 15319 8661 67098 47893 34479 742 33737 6074 2078 1132 75651 7334 1990 13414 3108 8109 1048 22786 529 73661 52077
is_linear=0
shrinkage=0.03


Tree=87
num_leaves=31
num_cat=0
split_feature=3 3 3 11 10 3 4 4 11 3 7 10 2 7 11 3 0 9 10 3 2 3 2 5 5 10 11 11 4 7
split_gain=226.026 34.8433 23.2742 6.03488 4.80602 5.03364 4.23441 4.10888 3.89678 4.20646 3.73928 3.2514 4.00453 5.18344 3.1782 3.03448 3.26997 5.04243 4.75279 3.69042 3.92764 3.68165 3.23054 3.18578 3.15122 4.59277 3.07318 3.01602 3.00818 2.99576
threshold=7.4500000000000011 3.2500000000000004 14.350000000000003 6.5000000000000009 1.5000000000000002 4.4500000000000011 1.5000000000000002 1.5000000000000002 90.500000000000014 37.150000000000013 2.5000000000000004 3.5000000000000004 57.250000000000007 10.500000000000002 12.500000000000002 1.7500000000000002 4.5000000000000009 5.2500000000000009 8.5000000000000018 3.0500000000000003 57.250000000000007 2.5500000000000003 53.500000000000007 3.5000000000000004 3.5000000000000004 1.5000000000000002 20.500000000000004 118.50000000000001 3.5000000000000004 4.5000000000000009
decision_type=2 2 2 2 2 2 2 2 2 2 2 2 2 2 2 2 2 2 2 2 2 2 2 2 2 2 2 2 2 2
left_child=1 7 11 -3 -5 6 14 15 9 28 -10 27 -13 -14 -6 -1 -17 18 19 20 24 23 -23 -19 -18 -26 -21 -2 -4 -20
right_child=2 3 8 4 5 -7 -8 -9 10 -11 -12 12 13 -15 -16 16 17 21 29 26 -22 22 -24 -25 25 -27 -28 -29 -30 -31
leaf_value=0.0018075834946908198 -0.00073679083406327154 0.0038770622260159882 0.0024915665691181764 -0.00053449224786319971 0.0047421285731733334 4.2315855599007615e-05 0.00080837326189573831 0.0021041933895824361 -0.0021934346057332246 -0.0011515395017331379 -0.0012467370456280254 -0.00049208893475474042 0.00089568553915825809 -0.0021715604517770853 -0.00016421246571000597 0.0006140106594300234 0.00026954110634797517 0.001782601275696115 -0.0016357712176769085 -0.0051206676430172382 -0.0011690362835580889 0.0043038222543384198 0.00090293396979767746 0.0037304143302476305 -0.00042565188287903576 0.0024107368935648069 8.7351491576746879e-06 -0.0019199587791308198 -0.0009000310990630693 0.0043857653859864778
leaf_weight=5209 17940 389 236 8744 121 52478 17638 4732 3925 153583 86685 51609 3603 575 6611 10568 1272 1604 907 135 517 277 2718 1429 605 3408 475 2174 87207 81
leaf_count=5209 17940 389 236 8744 121 52478 17638 4732 3925 153583 86685 51609 3603 575 6611 10568 1272 1604 907 135 517 277 2718 1429 605 3408 475 2174 87207 81
internal_value=-0.000674692 0.00047016 -0.00101157 0.000148888 0.000131944 0.000207773 0.000564066 0.00128412 -0.00112002 -0.00105697 -0.00128775 -0.00053767 -0.00041977 0.000473554 -7.60266e-05 0.00115125 0.00100877 0.00131945 0.000794756 0.0010932 0.00132657 0.00196357 0.00121747 0.00270031 0.0015707 0.00198312 -0.00112646 -0.000864672 -0.000890878 -0.0011421
internal_weight=527455 119918 407537 85981 85592 76848 24370 33937 331636 241026 90610 75901 55787 4178 6732 29205 23996 13428 7400 6412 5802 6028 2995 3033 5285 4013 610 20114 87443 988
internal_count=527455 119918 407537 85981 85592 76848 24370 33937 331636 241026 90610 75901 55787 4178 6732 29205 23996 13428 7400 6412 5802 6028 2995 3033 5285 4013 610 20114 87443 988
is_linear=0
shrinkage=0.03


Tree=88
num_leaves=31
num_cat=0
split_feature=3 3 3 3 9 10 11 10 11 4 4 7 11 6 11 6 11 9 4 10 7 7 4 9 9 10 6 9 6 9
split_gain=214.662 40.9499 13.3881 5.23068 5.49798 4.74625 5.0542 4.69485 5.25397 4.34605 3.85937 3.84338 5.04732 4.38854 3.75197 3.52498 3.42991 3.64309 3.37501 3.38239 3.36899 3.33306 3.25863 3.21464 3.1604 3.12105 3.38109 3.47654 3.08379 4.35575
threshold=8.6500000000000004 3.8500000000000001 17.350000000000005 3.0500000000000003 6.3500000000000005 2.5000000000000004 84.500000000000014 6.5000000000000009 117.50000000000001 1.5000000000000002 3.5000000000000004 3.5000000000000004 126.50000000000001 0.58434959349593507 27.500000000000004 0.69397993311036799 24.500000000000004 3.0500000000000003 1.5000000000000002 13.500000000000002 1.5000000000000002 11.500000000000002 3.5000000000000004 11.350000000000003 93.15000000000002 14.500000000000002 0.24283374283374287 26.450000000000003 0.29679679679679688 2.3500000000000001
decision_type=2 2 2 2 2 2 2 2 2 2 2 2 2 2 2 2 2 2 2 2 2 2 2 2 2 2 2 2 2 2
left_child=1 3 10 9 11 6 -3 8 -7 25 -2 12 13 -5 16 20 17 -15 19 -17 -16 -13 -4 -11 -6 26 27 -1 -9 -30
right_child=2 5 22 4 24 7 -8 28 -10 23 -12 21 -14 14 15 18 -18 -19 -20 -21 -22 -23 -24 -25 -26 -27 -28 -29 29 -31
leaf_value=0.00254381911896033 0.00023963601257663366 -0.00017658259576881403 0.0046650859527289862 -0.00096182894297763193 0.0011571966081134516 0.00046875476109465539 -0.0013427598391624999 0.00011018570930257771 -0.00099565613450426031 0.0018523949532592522 -0.0007217885551180712 0.0011975112751954132 -0.003754222371384629 -0.0022746344882508982 0.00035887936130166051 -3.2155979275703428e-05 -0.0049474122685690724 0.0012571682408452033 0.0019301356464101556 -0.0062348029588131194 0.0052991236682811919 -0.0033767880976200101 -0.0011086814889985479 0.0041657461390662582 0.0057189814103164264 0.0005903226456180961 0.001285412512998221 0.0088966067850808888 0.0025740315052091649 -0.00052583123108596638
leaf_weight=882 3948 16365 88 2638 8201 30634 4204 20895 2376 2256 77981 3240 351 414 192 500 144 720 855 94 352 150 307433 711 139 5943 19758 85 419 15487
leaf_count=882 3948 16365 88 2638 8201 30634 4204 20895 2376 2256 77981 3240 351 414 192 500 144 720 855 94 352 150 307433 711 139 5943 19758 85 419 15487
internal_value=-0.00065597 0.00036071 -0.00101624 0.00107261 0.000669085 -1.442e-05 -0.000414932 0.000103586 0.000363349 0.00131757 -0.000675459 0.000181526 -0.000259056 -5.14396e-05 0.000682772 0.00149639 -0.000586045 -3.22201e-05 0.000723338 -0.00101372 0.00355551 0.000995109 -0.00110703 0.00240676 0.00123323 0.00119639 0.00137018 0.00310223 -0.000129418 -0.000444174
internal_weight=527455 138005 389450 47625 17990 90380 20569 69811 33010 29635 81929 9650 6260 5909 3271 1993 1278 1134 1449 594 544 3390 307521 2967 8340 26668 20725 967 36801 15906
internal_count=527455 138005 389450 47625 17990 90380 20569 69811 33010 29635 81929 9650 6260 5909 3271 1993 1278 1134 1449 594 544 3390 307521 2967 8340 26668 20725 967 36801 15906
is_linear=0
shrinkage=0.03


Tree=89
num_leaves=31
num_cat=0
split_feature=3 3 3 11 10 3 4 4 11 4 9 9 10 1 4 11 7 1 3 5 10 11 0 9 5 9 3 10 6 11
split_gain=204.263 31.8151 20.3883 5.73924 4.45164 4.69197 4.30181 3.90535 3.66279 3.63113 3.45549 3.29756 5.45848 4.57901 4.19211 3.30972 3.25394 3.27144 4.42136 3.2337 3.08711 3.06451 2.9381 3.77809 4.13487 2.90914 2.92313 3.42089 3.34184 3.07771
threshold=7.4500000000000011 3.2500000000000004 14.350000000000003 6.5000000000000009 1.5000000000000002 4.5500000000000007 2.5000000000000004 1.5000000000000002 92.500000000000014 3.5000000000000004 5.0500000000000007 8.3500000000000032 5.5000000000000009 12.500000000000002 3.5000000000000004 139.50000000000003 11.500000000000002 8.5000000000000018 33.050000000000004 7.5000000000000009 3.5000000000000004 63.500000000000007 2.5000000000000004 5.1500000000000012 7.5000000000000009 123.05000000000001 1.5500000000000003 14.500000000000002 0.24283374283374287 29.500000000000004
decision_type=2 2 2 2 2 2 2 2 2 2 2 2 2 2 2 2 2 2 2 2 2 2 2 2 2 2 2 2 2 2
left_child=1 7 20 -3 22 6 -6 25 9 -4 -10 14 13 19 15 -7 17 18 -11 -13 -2 -15 23 24 -5 26 -1 28 -28 -29
right_child=2 3 8 4 5 11 -8 -9 10 16 -12 12 -14 21 -16 -17 -18 -19 -20 -21 -22 -23 -24 -25 -26 -27 27 29 -30 -31
leaf_value=0.0020424504892305028 -0.00083315944991968038 0.0037792289371968543 0.0026874937806278467 -0.0012613509301886414 0.00037826079046003667 -0.00034868567242434879 0.0015294832891678282 0.0020278058096044032 -0.0022121116386263091 -0.00057579342304295256 -0.0011916985620281965 0.0019464850232236142 -1.9687527989900027e-05 0.00011166868323075248 0.00047326906140150921 -0.0020970704436071384 -0.00118159992785127 -0.00108322159486562 -0.00098363954482714685 0.000618234038251684 -0.0003996431047909959 -0.0033157703088794103 -0.00023265370430541527 -0.00049425511907305771 -0.0058751144053075252 0.0065451284878971904 0.0027640078154531986 -0.00077279685709415451 0.0010739649895135559 0.00077993063677850359
leaf_weight=2599 20114 389 240 396 23015 17192 3346 4732 3099 39300 82467 3096 18483 958 5883 1033 67609 77783 61138 3531 55787 311 6926 1109 313 88 1112 1623 19850 3933
leaf_count=2599 20114 389 240 396 23015 17192 3346 4732 3099 39300 82467 3096 18483 958 5883 1033 67609 77783 61138 3531 55787 311 6926 1109 313 88 1112 1623 19850 3933
internal_value=-0.000637824 0.000450516 -0.000958069 0.000143521 0.000126998 0.000199978 0.000524385 0.0012283 -0.00105958 -0.00100079 -0.00122866 3.05931e-05 0.000262375 0.000922629 -0.000223023 -0.000447785 -0.00100439 -0.000937166 -0.000824055 0.00123877 -0.000514526 -0.00072831 -0.000514398 -0.00158775 -0.00329817 0.00109876 0.0010823 0.000988197 0.00116362 0.000326353
internal_weight=527455 119918 407537 85981 85592 76848 26361 33937 331636 246070 85566 50487 26379 7896 24108 18225 245830 178221 100438 6627 75901 1269 8744 1818 709 29205 29117 26518 20962 5556
internal_count=527455 119918 407537 85981 85592 76848 26361 33937 331636 246070 85566 50487 26379 7896 24108 18225 245830 178221 100438 6627 75901 1269 8744 1818 709 29205 29117 26518 20962 5556
is_linear=0
shrinkage=0.03


Tree=90
num_leaves=31
num_cat=0
split_feature=3 3 3 10 9 11 7 3 5 11 2 2 3 11 7 3 9 9 8 11 9 6 3 5 9 1 9 11 5 11
split_gain=193.927 30.4899 19.0956 4.22806 3.99295 3.95978 3.92094 4.59177 3.79075 4.10565 3.78805 3.5379 3.61299 3.46156 3.48718 3.40069 3.35574 4.15073 3.27155 4.17647 4.53355 4.09151 3.3476 3.24288 6.40739 3.84739 3.31427 3.30778 3.26355 3.141
threshold=7.4500000000000011 3.5500000000000003 14.350000000000003 1.5000000000000002 123.05000000000001 6.5000000000000009 2.5000000000000004 5.0500000000000007 10.500000000000002 168.50000000000003 57.750000000000007 58.250000000000007 2.3500000000000001 90.500000000000014 2.5000000000000004 37.150000000000013 9.3500000000000032 5.0500000000000007 1.5000000000000002 21.500000000000004 3.4500000000000006 0.6198686371100165 3.0500000000000003 1.5000000000000002 17.750000000000004 13.500000000000002 3.5500000000000003 28.500000000000004 5.5000000000000009 168.50000000000003
decision_type=2 2 2 2 2 2 2 2 2 2 2 2 2 2 2 2 2 2 2 2 2 2 2 2 2 2 2 2 2 2
left_child=1 4 -2 -3 8 -5 -7 -8 10 11 18 12 -10 15 -15 -4 17 -12 19 21 -21 -1 -22 27 26 28 -25 -20 -26 -29
right_child=2 3 13 5 -6 6 7 -9 9 -11 16 -13 -14 14 -16 -17 -18 -19 23 20 22 -23 -24 24 25 -27 -28 29 -30 -31
leaf_value=0.001223224695185613 -0.00050289813395496777 -0.00055656582960894878 -0.00082162182806706308 0.0033684147615254097 0.0063585214317024045 -0.00021001003234997218 0.00063969765377007589 6.2383161916793276e-05 0.0014644560303490391 -0.0057150607270825852 -0.00014509172022225247 0.0020410014879142426 -0.00017282826588686166 -0.0020630940743312713 -0.0011488662120209452 -0.0010559921977525255 0.0033882904347854776 -0.005121535762712905 -0.00017371041747771574 0.0014389871978536231 0.00021286632519437317 -0.0010874040214013971 -0.0047506783719502349 0.0026916401260848543 0.0041274090383634915 0.008069478053244223 0.001332574263306741 0.0026652145785208297 0.0011807661626621016 0.00093329993301968827
leaf_weight=1173 75901 7982 87443 347 130 19225 20569 31218 1662 95 571 1215 4490 3925 86685 153583 154 205 1742 6680 386 1674 179 1881 929 152 11416 1225 532 4086
leaf_count=1173 75901 7982 87443 347 130 19225 20569 31218 1662 95 571 1215 4490 3925 86685 153583 154 205 1742 6680 386 1674 179 1881 929 152 11416 1225 532 4086
internal_value=-0.000620112 0.000440334 -0.000932149 9.82381e-05 0.00110924 0.000171482 0.000155861 0.000291684 0.00109237 0.000481749 0.00123051 0.000561659 0.000269494 -0.00103039 -0.00118847 -0.000970964 -0.000656952 -0.00145975 0.00128527 0.000838165 0.00122074 -0.000135396 -0.00135965 0.00149071 0.00174143 0.00352702 0.00152483 0.00096069 0.00305444 0.00133277
internal_weight=527455 119918 407537 79341 40577 71359 71012 51787 40447 7462 32985 7367 6152 331636 90610 241026 930 776 32055 10092 7245 2847 565 21963 14910 1613 13297 7053 1461 5311
internal_count=527455 119918 407537 79341 40577 71359 71012 51787 40447 7462 32985 7367 6152 331636 90610 241026 930 776 32055 10092 7245 2847 565 21963 14910 1613 13297 7053 1461 5311
is_linear=0
shrinkage=0.03


Tree=91
num_leaves=31
num_cat=0
split_feature=3 3 3 9 3 9 11 10 2 5 11 0 0 2 11 9 6 10 1 3 10 10 2 1 6 6 2 3 1 1
split_gain=184.241 33.8885 12.7158 4.73411 4.72239 4.70323 3.91811 3.80452 3.71 3.38144 4.2708 4.26663 4.01566 3.68793 3.27283 3.21356 3.20077 4.0049 4.4583 3.43248 3.23163 3.03347 4.97698 7.48369 3.82209 3.32508 3.24456 2.94838 2.89122 3.49845
threshold=8.2500000000000018 3.8500000000000001 14.350000000000003 123.05000000000001 3.0500000000000003 6.3500000000000005 68.500000000000014 2.5000000000000004 59.250000000000007 8.5000000000000018 110.50000000000001 6.5000000000000009 7.5000000000000009 53.500000000000007 92.500000000000014 5.0500000000000007 0.063508064516129045 15.500000000000002 7.5000000000000009 9.6500000000000004 4.5000000000000009 16.500000000000004 55.750000000000007 12.500000000000002 0.082650273224043724 0.040408163265306128 56.750000000000007 3.6500000000000008 9.5000000000000018 14.500000000000002
decision_type=2 2 2 2 2 2 2 2 2 2 2 2 2 2 2 2 2 2 2 2 2 2 2 2 2 2 2 2 2 2
left_child=1 3 16 4 -1 -6 21 8 -8 13 11 -11 27 -7 -4 -16 17 19 -19 20 -2 24 23 -23 25 26 28 -13 -3 -30
right_child=2 6 14 -5 5 9 7 -9 -10 10 -12 12 -14 -15 15 -17 -18 18 -20 -21 -22 22 -24 -25 -26 -27 -28 -29 29 -31
leaf_value=0.0012208544421820969 -0.001094977201926226 0.0005826346301231525 -0.00094647579061774034 0.0060629613217841605 0.00015370350294780234 0.0038061556290887606 -0.0010721115208976897 -9.8047032164350656e-05 0.0033224491775035855 0.0013469992633982609 -0.0051062081287835386 -0.0059151762642272523 0.00064344749572256804 0.0012644741740807843 -0.0021102731787425617 -0.001126230254509399 -0.00066684986345159479 4.365795317876261e-05 -0.0012340525723642556 -2.161687028284459e-05 0.0021380923391646853 0.00057510691570950858 -0.0018616905694024517 -0.0031675881939259632 0.00013928812944880167 0.0055256139783010092 -0.0011507154687857015 0.00056029830420954837 0.0031724953838757103 -0.00045907703418176149
leaf_weight=29548 346 2173 246070 166 9650 568 6030 20424 178 1518 131 219 353 5383 3099 82467 46387 5067 4773 5305 1421 3516 1719 557 48208 146 585 89 1050 309
leaf_count=29548 346 2173 246070 166 9650 568 6030 20424 178 1518 131 219 353 5383 3099 82467 46387 5067 4773 5305 1421 3516 1719 557 48208 146 585 89 1050 309
internal_value=-0.000602892 0.000365037 -0.00092768 0.00100555 0.000987864 0.000603496 5.71574e-06 -0.000295733 -0.000946108 0.00112892 0.000154724 0.000471007 -0.00154073 0.00150707 -0.00100205 -0.00116187 -0.00053804 -0.000184734 -0.00057611 0.000359826 0.00150502 0.000143508 -0.000508031 6.32775e-05 0.000215428 0.00107645 0.000918669 -0.00404402 0.00126142 0.00234677
internal_weight=527455 132520 394935 47625 47459 17911 84895 26632 6208 8261 2310 2179 661 5951 331636 85566 63299 16912 9840 7072 1767 58263 5792 4073 52471 4263 4117 308 3532 1359
internal_count=527455 132520 394935 47625 47459 17911 84895 26632 6208 8261 2310 2179 661 5951 331636 85566 63299 16912 9840 7072 1767 58263 5792 4073 52471 4263 4117 308 3532 1359
is_linear=0
shrinkage=0.03


Tree=92
num_leaves=31
num_cat=0
split_feature=4 4 4 10 5 2 11 11 9 0 11 10 8 11 5 0 6 11 11 2 0 2 0 11 9 7 11 6 5 9
split_gain=167.327 13.1475 7.5184 5.74983 5.2898 4.88039 4.70053 3.83693 5.25236 5.01327 4.40841 3.71606 3.65913 3.63744 3.51205 4.70261 4.97823 3.8383 4.29544 3.37685 4.08262 3.34844 3.28059 6.24095 3.24727 3.38091 5.1422 3.13174 3.45842 3.36213
threshold=4.5000000000000009 2.5000000000000004 6.5000000000000009 1.5000000000000002 5.5000000000000009 57.250000000000007 30.500000000000004 22.500000000000004 2.7500000000000004 5.5000000000000009 99.500000000000014 7.5000000000000009 2.5000000000000004 8.5000000000000018 8.5000000000000018 3.5000000000000004 0.87083333333333346 196.50000000000003 28.500000000000004 58.250000000000007 4.5000000000000009 58.250000000000007 7.5000000000000009 133.50000000000003 43.750000000000007 7.5000000000000009 26.500000000000004 0.20761494252873566 26.500000000000004 51.850000000000001
decision_type=2 2 2 2 2 2 2 2 2 2 2 2 2 2 2 2 2 2 2 2 2 2 2 2 2 2 2 2 2 2
left_child=1 3 21 7 -3 6 11 12 9 -9 -11 27 -1 -5 15 -15 -17 18 -18 22 -21 -2 -16 -24 -7 26 -26 29 -29 -6
right_child=2 4 -4 13 5 24 -8 8 -10 10 -12 -13 -14 14 19 16 17 -19 -20 20 -22 -23 23 -25 25 -27 -28 28 -30 -31
leaf_value=-0.0029192627087210217 -0.0006935484420625928 0.00022803952659078712 -0.00099280477389932929 0.0022628668087582566 0.00089059835947906927 0.00081758145901971672 -0.00079761530687224485 0.00020331785084920222 -0.00033156755780876636 0.0021950303975660388 0.007784398418669341 -0.00080364209391072439 -0.00018772804187447016 0.00030893169867759243 -3.7668689020958594e-05 0.0011403401757304552 -0.00049543722099038619 -0.0046409249079638519 0.0011231984306135864 0.0031300891199859903 0.00030373355303048316 0.00046794662484899162 0.0013670384896190177 -0.0065828980404235744 -0.0045424485206604004 -0.003848501072361551 0.0037944887570299942 7.1142155175896862e-05 -0.002793871836008759 0.0057319227056781743
leaf_weight=812 73347 37667 300294 1204 2239 4816 15182 941 5261 511 169 4645 967 15168 15079 24992 3004 145 2900 781 1119 2304 2614 92 105 290 182 10094 394 137
leaf_count=812 73347 37667 300294 1204 2239 4816 15182 941 5261 511 169 4645 967 15168 15079 24992 3004 145 2900 781 1119 2304 2614 92 105 290 182 10094 394 137
internal_value=-0.000586256 0.000255437 -0.000925467 0.000534884 -2.404e-05 -0.000273359 -0.000411296 -0.000192565 0.000128476 0.00162156 0.00358415 -7.63191e-05 -0.0014345 0.000628783 0.000598925 0.000741875 0.00095343 0.000181195 0.000299624 0.000263362 0.00146551 -0.000658174 0.000134934 0.00109675 0.000562775 -0.001564 0.00074439 0.000186306 -3.64871e-05 0.00116975
internal_weight=527455 151510 375945 75759 75751 38084 32691 8661 6882 1621 680 17509 1779 67098 65894 46209 31041 6049 5904 19685 1900 75651 17785 2706 5393 577 287 12864 10488 2376
internal_count=527455 151510 375945 75759 75751 38084 32691 8661 6882 1621 680 17509 1779 67098 65894 46209 31041 6049 5904 19685 1900 75651 17785 2706 5393 577 287 12864 10488 2376
is_linear=0
shrinkage=0.03


Tree=93
num_leaves=31
num_cat=0
split_feature=3 3 3 9 5 3 9 4 1 1 0 7 1 1 0 1 0 9 2 7 3 5 3 7 1 3 0 9 0 8
split_gain=167.217 27.4839 15.7594 4.12659 5.0402 3.94981 3.92473 3.90841 3.89234 5.41502 4.81793 4.64499 4.99842 4.06852 5.82683 5.51144 4.08924 3.73529 3.69006 3.64185 3.40868 3.30657 3.21748 3.19978 4.38094 4.00719 4.88534 3.12202 3.09888 3.01699
threshold=7.4500000000000011 3.2500000000000004 12.350000000000003 7.9500000000000011 7.5000000000000009 3.8500000000000001 10.750000000000002 1.5000000000000002 12.500000000000002 15.500000000000002 6.5000000000000009 6.5000000000000009 8.5000000000000018 4.5000000000000009 4.5000000000000009 8.5000000000000018 3.5000000000000004 12.350000000000003 53.500000000000007 12.500000000000002 6.2500000000000009 8.5000000000000018 5.5500000000000007 11.500000000000002 8.5000000000000018 26.150000000000002 4.5000000000000009 2.6500000000000008 5.5000000000000009 10.500000000000002
decision_type=2 2 2 2 2 2 2 2 2 2 2 2 2 2 2 2 2 2 2 2 2 2 2 2 2 2 2 2 2 2
left_child=1 7 27 19 5 -5 -6 -1 10 -10 13 29 -13 16 22 18 -7 -14 20 -3 -16 -8 -15 24 25 26 -4 -2 -21 -12
right_child=2 3 23 4 6 8 21 -9 9 -11 11 12 17 14 15 -17 -18 -19 -20 28 -22 -23 -24 -25 -26 -27 -28 -29 -30 -31
leaf_value=0.0010079535287586549 -0.0015418920622912444 -3.4504061707338377e-05 -0.00067941687975841929 0.0015046191317281156 0.00072773044738366354 0.00072683480291020695 -0.0018778467455633726 0.0019373633496991885 -0.0010375254912973651 0.001651678343317402 0.00091534967102655537 0.0060025341320233266 0.0077954372160890118 1.1552849134733511e-05 -0.0039188990459085148 -0.00015512001263829958 0.0031097622852602437 0.0013654195055698107 0.0020975119586309956 -0.0034843243100110767 0.0028563251460974031 -0.00020621605884135128 -0.0017787633948243421 -0.0010559472417321111 -0.0010179055250942885 -0.00087051562715831853 0.00010972786211387581 -0.00035692485013393769 8.7085134104678504e-05 -0.0047869110040450356
leaf_weight=29205 2076 43072 33259 3646 3832 6259 1193 4732 2978 871 1353 366 89 1720 187 3639 723 941 2197 515 104 9924 1903 126618 97667 83499 8963 55455 380 89
leaf_count=29205 2076 43072 33259 3646 3832 6259 1193 4732 2978 871 1353 366 89 1720 187 3639 723 941 2197 515 104 9924 1903 126618 97667 83499 8963 55455 380 89
internal_value=-0.000570077 0.000414637 -0.00085983 0.000129303 0.000341912 0.000586115 -0.000100214 0.00113755 0.000443117 -0.000428979 0.000614639 0.00175758 0.0029911 0.000420779 2.49087e-05 0.000588865 0.000973592 0.00192102 0.00167703 -7.38621e-05 -0.00149751 -0.000385604 -0.00092882 -0.000935464 -0.000867174 -0.000750077 -0.000511895 -0.000399684 -0.00196797 0.000563407
internal_weight=527455 119918 407537 85981 42014 27065 14949 33937 23419 3849 19570 2838 1396 16732 9750 6127 6982 1030 2488 43967 291 11117 3623 350006 223388 125721 42222 57531 895 1442
internal_count=527455 119918 407537 85981 42014 27065 14949 33937 23419 3849 19570 2838 1396 16732 9750 6127 6982 1030 2488 43967 291 11117 3623 350006 223388 125721 42222 57531 895 1442
is_linear=0
shrinkage=0.03


Tree=94
num_leaves=31
num_cat=0
split_feature=4 4 4 1 10 5 11 9 11 2 2 5 2 1 7 11 10 11 9 7 4 11 7 9 8 4 2 9 5 11
split_gain=150.808 11.7906 6.47726 6.13453 5.47811 3.92041 3.65353 4.98414 3.62191 3.55715 3.19122 3.13421 3.70163 3.49664 4.25436 3.80681 3.4464 4.4224 3.81379 3.07743 3.06895 3.04602 3.10741 3.02141 3.01539 3.14133 2.98328 3.40194 2.9085 2.88867
threshold=4.5000000000000009 2.5000000000000004 6.5000000000000009 11.500000000000002 1.5000000000000002 5.5000000000000009 22.500000000000004 2.7500000000000004 69.500000000000014 54.250000000000007 59.250000000000007 10.500000000000002 58.250000000000007 3.5000000000000004 5.5000000000000009 20.500000000000004 9.5000000000000018 49.500000000000007 25.250000000000004 11.500000000000002 1.5000000000000002 35.500000000000007 2.5000000000000004 19.550000000000004 2.5000000000000004 1.5000000000000002 53.500000000000007 3.0500000000000003 11.500000000000002 140.50000000000003
decision_type=2 2 2 2 2 2 2 2 2 2 2 2 2 2 2 2 2 2 2 2 2 2 2 2 2 2 2 2 2 2
left_child=1 4 10 5 6 -3 9 -8 11 -1 -2 16 26 -14 15 -15 -6 -18 -19 -12 -17 -7 23 -23 25 -11 27 -13 29 -9
right_child=2 3 -4 -5 8 21 7 28 -10 24 19 12 13 14 -16 20 17 18 -20 -21 -22 22 -24 -25 -26 -27 -28 -29 -30 -31
leaf_value=-0.0033611355853345169 -0.00066017754136924508 0.00036455585437597846 -0.00093874966621575477 -0.00054364222999915698 0.0010518653513766931 0.00014360434711993027 0.0015671644724628564 0.0002724336263566408 0.00025306867480312674 -0.00034296294187606151 0.0010186944714167855 0.0075336077110318648 0.0043262827149689355 0.0046709254632971466 0.0058772601167073665 0.00096827896429108572 0.00011963958144620122 0.00155597530256517 0.0073963647681687559 -0.0024592269525270569 -0.0028931890146598285 -0.0010264078811698908 -0.00021187931030309829 -0.0045078729972487588 0.00087839536172407075 -0.0050149325339921887 6.9136052273386427e-06 0.0012372343801756844 -0.0017522544979861976 -0.0023865625721857828
leaf_weight=572 73661 29628 300294 15898 26840 17054 1621 3809 19205 338 1726 89 360 141 134 429 7806 991 112 264 326 2786 10141 244 659 210 10081 584 1045 407
leaf_count=572 73661 29628 300294 15898 26840 17054 1621 3809 19205 338 1726 89 360 141 134 429 7806 991 112 264 326 2786 10141 244 659 210 10081 584 1045 407
internal_value=-0.000554216 0.000244849 -0.000876248 -1.98136e-05 0.000509483 0.000119324 -0.000200569 0.000112705 0.000601137 -0.00141246 -0.000628152 0.000740712 0.000324321 0.00178117 0.000891617 0.000145996 0.00088216 0.000370891 0.00214902 0.000557302 -0.000699057 -0.000121063 -0.000463758 -0.00130676 -0.000488977 -0.00213332 0.000136017 0.00206989 -0.000335438 1.57421e-05
internal_weight=527455 151510 375945 75751 75759 59853 8661 6882 67098 1779 75651 47893 12144 1390 1030 896 35749 8909 1103 1990 755 30225 13171 3030 1207 548 10754 673 5261 4216
internal_count=527455 151510 375945 75751 75759 59853 8661 6882 67098 1779 75651 47893 12144 1390 1030 896 35749 8909 1103 1990 755 30225 13171 3030 1207 548 10754 673 5261 4216
is_linear=0
shrinkage=0.03


Tree=95
num_leaves=31
num_cat=0
split_feature=3 3 3 7 3 4 9 7 7 2 6 10 4 7 7 3 9 2 7 4 6 6 2 4 5 3 6 9 0 9
split_gain=151.824 23.7655 16.4184 4.05409 4.04036 3.81325 2.99674 2.99073 3.57434 3.21522 4.51296 4.37772 2.94739 2.91942 3.32103 2.96544 3.40403 3.01496 2.86606 3.31157 2.86414 3.23888 3.0856 2.63994 3.49153 2.64735 2.63238 2.61142 2.69021 3.06681
threshold=7.0500000000000007 3.2500000000000004 12.350000000000003 2.5000000000000004 3.9500000000000006 1.5000000000000002 2.6500000000000008 11.500000000000002 2.5000000000000004 55.250000000000007 0.072299651567944254 16.500000000000004 1.5000000000000002 11.500000000000002 2.5000000000000004 26.150000000000002 5.1500000000000012 59.250000000000007 3.5000000000000004 3.5000000000000004 0.23845060412224592 0.29198717948717956 58.250000000000007 3.5000000000000004 19.500000000000004 5.5500000000000007 0.26138716356107666 123.05000000000001 4.5000000000000009 5.2500000000000009
decision_type=2 2 2 2 2 2 2 2 2 2 2 2 2 2 2 2 2 2 2 2 2 2 2 2 2 2 2 2 2 2
left_child=1 5 6 23 -5 27 -2 8 -8 10 -10 -11 -6 14 -4 16 -16 -18 19 -12 -7 -22 -23 24 -3 -25 -19 28 -1 -30
right_child=2 3 13 4 12 20 7 -9 9 11 18 -13 -14 -15 15 -17 17 26 -20 -21 21 22 -24 25 -26 -27 -28 -29 29 -31
leaf_value=0.00063095747064672355 -0.0014005530512806203 -0.00019365675233738405 -0.001169360659519001 0.0008276529535790006 -0.0010100151199141359 0.0034402450980848759 -0.00074269431683499261 -0.00078037372164314661 0.00036116545608362767 0.0002752791223878496 0.001916436752230134 -0.0016133064054467184 0.00021664980334560398 -0.0010008714439281451 -0.0013514397180521152 -0.00085913620515651172 -0.00057961025689007805 -0.00021653638381487244 -0.00085395356420808798 -0.00034130453245273431 -0.002198919092947053 0.001587838126819195 0.0067122366306491604 0.0028994004236800328 -0.0017433323784284875 0.00029385623370735647 0.0023362947328368555 0.0061316970181228081 0.00085898767476169267 0.0016920128302978295
leaf_weight=12826 2418 18871 22133 10199 1836 874 9842 10693 5671 18952 727 1173 44280 126618 5112 139144 55465 942 11902 2987 198 3551 109 420 1406 2135 592 88 9391 6900
leaf_count=12826 2418 18871 22133 10199 1836 874 9842 10693 5671 18952 727 1173 44280 126618 5112 139144 55465 942 11902 2987 198 3551 109 420 1406 2135 592 88 9391 6900
internal_value=-0.000538916 0.000435384 -0.000804807 0.000150601 0.000287314 0.00109955 -0.00036445 -0.000324007 -0.000228796 -0.000106663 -0.000363687 0.000165202 0.000167813 -0.000885788 -0.000820557 -0.000782198 -0.000609836 -0.000543325 -0.00062692 0.000100639 0.00188957 0.00153827 0.00174045 -0.000186602 -0.000301111 0.000722165 0.00076865 0.000971542 0.000955947 0.00121181
internal_weight=527455 113084 414371 79147 56315 33937 64365 61947 51254 41412 21287 20125 46116 350006 223388 201255 62111 56999 15616 3714 4732 3858 3660 22832 20277 2555 1534 29205 29117 16291
internal_count=527455 113084 414371 79147 56315 33937 64365 61947 51254 41412 21287 20125 46116 350006 223388 201255 62111 56999 15616 3714 4732 3858 3660 22832 20277 2555 1534 29205 29117 16291
is_linear=0
shrinkage=0.03


Tree=96
num_leaves=31
num_cat=0
split_feature=3 3 3 11 7 3 11 7 7 9 5 10 11 0 1 1 7 9 2 11 10 11 6 5 10 9 1 10 9 0
split_gain=144.236 22.7621 15.4517 4.45679 3.97597 3.87088 3.47368 4.34048 4.26971 4.06288 3.86725 3.03666 2.9534 2.86556 5.18064 4.13184 4.00413 3.17801 3.34152 6.01232 4.54565 3.08409 2.8753 3.89946 2.76624 2.71679 2.94239 2.70253 3.1317 3.28962
threshold=7.0500000000000007 3.2500000000000004 12.15 6.5000000000000009 2.5000000000000004 3.9500000000000006 117.50000000000001 5.5000000000000009 11.500000000000002 3.5500000000000003 6.5000000000000009 11.500000000000002 117.50000000000001 4.5000000000000009 5.5000000000000009 8.5000000000000018 3.5000000000000004 5.7500000000000009 53.500000000000007 34.500000000000007 4.5000000000000009 21.500000000000004 0.8377192982456142 8.5000000000000018 1.5000000000000002 4.1500000000000012 4.5000000000000009 1.5000000000000002 25.250000000000004 5.5000000000000009
decision_type=2 2 2 2 2 2 2 2 2 2 2 2 2 2 2 2 2 2 2 2 2 2 2 2 2 2 2 2 2 2
left_child=1 13 6 -3 12 -6 8 -8 9 -2 11 -11 -5 14 21 16 -15 -17 19 20 -19 -1 -23 -24 -16 26 -9 28 -12 -30
right_child=2 3 -4 4 5 -7 7 25 -10 10 27 -13 -14 15 24 17 -18 18 -20 -21 -22 22 23 -25 -26 -27 -28 -29 29 -31
leaf_value=0.00031049571525419673 -0.0010499030982885381 0.0034681372352726551 -0.00086019256604841156 -0.00010285828189201381 0.00079719367977273883 0.00015013940401394283 -0.0020481877955908635 0.0070162616867616946 -0.001231075324953186 0.00045937095404661034 -0.00084836817942080065 -0.00036683282326702409 -0.0013708775231101053 0.0014253616565579393 -0.0029187795077029793 0.00064266452561066191 0.0030645081397018873 0.012095316992378615 0.0013821800800458131 5.0456009231247873e-05 0.003492551559061443 0.0010685147376193155 0.0021140311071728081 0.0088071300877008308 -1.9331927393362867e-05 -0.00064459016282438647 0.00049066508609441018 -0.00023847614570088479 -0.0064620073780417443 -0.00060698223545363071
leaf_weight=3563 4301 362 351977 20920 10163 45907 2138 83 3676 14212 1864 5574 1795 4064 332 7906 2002 104 4606 172 118 6490 1756 82 2742 8299 248 21647 200 152
leaf_count=3563 4301 362 351977 20920 10163 45907 2138 83 3676 14212 1864 5574 1795 4064 332 7906 2002 104 4606 172 118 6490 1756 82 2742 8299 248 21647 200 152
internal_value=-0.0005239 0.00042574 -0.000783061 0.000147034 0.000131774 0.000267422 -0.00034795 -0.00083808 -0.00024572 -0.000170179 -8.34947e-05 0.000226617 -0.000203061 0.00107573 0.000765342 0.00132056 0.00196634 0.00101704 0.00160901 0.00426069 0.00752268 0.00104914 0.00136516 0.00241264 -0.00033248 -0.000538287 0.00212699 -0.000340624 -0.00133846 -0.0039337
internal_weight=527455 113084 414371 79147 78785 56070 62394 10768 51626 47950 43649 19786 22715 33937 14965 18972 6066 12906 5000 394 222 11891 8328 1838 3074 8630 331 23863 2216 352
internal_count=527455 113084 414371 79147 78785 56070 62394 10768 51626 47950 43649 19786 22715 33937 14965 18972 6066 12906 5000 394 222 11891 8328 1838 3074 8630 331 23863 2216 352
is_linear=0
shrinkage=0.03


Tree=97
num_leaves=31
num_cat=0
split_feature=3 3 3 11 4 11 9 5 4 9 5 11 1 10 3 11 11 9 9 10 3 4 3 9 3 4 5 2 2 4
split_gain=137.04 21.7842 14.5571 4.24196 3.71022 3.31207 3.6536 3.46155 3.42918 3.29778 5.4525 4.42458 3.82972 3.82245 3.66037 3.46441 5.55712 3.79008 4.23865 3.46873 4.25054 3.21807 4.03494 3.21392 3.07065 3.1663 2.87826 2.84355 2.78016 2.8009
threshold=7.0500000000000007 3.2500000000000004 12.15 6.5000000000000009 1.5000000000000002 117.50000000000001 3.5500000000000003 6.5000000000000009 3.5000000000000004 8.3500000000000032 7.5000000000000009 84.500000000000014 12.500000000000002 7.5000000000000009 4.6500000000000012 113.50000000000001 84.500000000000014 29.050000000000004 18.350000000000005 1.5000000000000002 6.2500000000000009 3.5000000000000004 4.7500000000000009 19.850000000000005 3.5500000000000003 1.5000000000000002 20.500000000000004 54.250000000000007 55.750000000000007 1.5000000000000002
decision_type=2 2 2 2 2 2 2 2 2 2 2 2 2 2 2 2 2 2 2 2 2 2 2 2 2 2 2 2 2 2
left_child=1 4 5 -3 -1 6 27 8 -8 11 12 21 13 15 -15 16 23 18 -17 -18 -21 22 28 -11 -25 -26 -23 -2 29 -5
right_child=2 3 -4 9 -6 -7 7 -9 -10 10 -12 -13 -14 14 -16 17 19 -19 -20 20 -22 26 -24 24 25 -27 -28 -29 -30 -31
leaf_value=0.00092583154345968308 -0.0021323994951560061 0.0033836373843211492 -0.0008369084421369987 -0.0010538801274261038 0.0018313703191796715 -0.00081830757566316698 0.00092236709814922063 -0.00039503469850072465 -5.9633602277488722e-05 0.00078324017130722431 -0.00016792753751315013 -0.00074797152015107352 -0.00025539667478356119 0.0011120445822954785 5.1220819275235531e-05 -0.0011977674784138799 0.00095872061157768426 -0.0046255141496658325 0.0053547663659584228 0.0077937784801413125 -2.890721708536148e-05 0.00066237106093814681 -0.00039881926283415875 0.006729070439469069 -0.0038377021180420381 0.002187449198714797 0.0038667325245009525 -0.00052769764224200246 0.00065415229575045415 0.00020816902071818278
leaf_weight=29205 1483 362 351977 2101 4732 10768 3925 25868 17337 4248 12535 6869 3893 4704 7751 320 176 172 123 286 80 3845 14005 128 82 1838 270 3013 8944 6415
leaf_count=29205 1483 362 351977 2101 4732 10768 3925 25868 17337 4248 12535 6869 3893 4704 7751 320 176 172 123 286 80 3845 14005 128 82 1838 270 3013 8944 6415
internal_value=-0.000509429 0.000416219 -0.000762043 0.000143566 0.0010521 -0.000339715 -0.000239891 -0.000161942 0.000121645 0.000128678 0.000338464 -5.08965e-05 0.000605159 0.00077344 0.000451872 0.00131082 0.0015048 -0.000845915 0.000621559 0.00441964 0.0060839 8.36793e-05 -1.94986e-05 0.00125387 0.00223006 0.00193013 0.000872621 -0.00105701 0.000284762 -0.000103194
internal_weight=527455 113084 414371 79147 33937 62394 51626 47130 21262 78785 36336 42449 23801 19908 12455 7453 6838 615 443 542 366 35580 31465 6296 2048 1920 4115 4496 17460 8516
internal_count=527455 113084 414371 79147 33937 62394 51626 47130 21262 78785 36336 42449 23801 19908 12455 7453 6838 615 443 542 366 35580 31465 6296 2048 1920 4115 4496 17460 8516
is_linear=0
shrinkage=0.03


Tree=98
num_leaves=31
num_cat=0
split_feature=3 3 3 4 11 7 11 3 11 1 4 3 3 10 11 7 1 9 9 10 10 2 9 4 9 0 3 1 1 9
split_gain=130.324 18.0746 17.3669 4.23646 4.17315 3.54559 6.79199 3.68137 3.50897 3.37548 3.62554 3.96617 3.88959 3.14234 3.2682 4.25327 3.76139 4.33406 4.48872 2.97634 2.90768 3.84549 2.85767 2.82509 4.48879 3.77966 2.76602 2.69032 2.68994 2.64322
threshold=6.4500000000000011 3.1500000000000008 12.15 1.5000000000000002 6.5000000000000009 3.5000000000000004 117.50000000000001 5.0500000000000007 26.500000000000004 6.5000000000000009 1.5000000000000002 4.2500000000000009 4.1500000000000012 1.5000000000000002 117.50000000000001 11.500000000000002 4.5000000000000009 98.65000000000002 49.95000000000001 14.500000000000002 11.500000000000002 59.250000000000007 6.5500000000000007 2.5000000000000004 4.1500000000000012 3.5000000000000004 3.7500000000000004 11.500000000000002 16.500000000000004 50.050000000000004
decision_type=2 2 2 2 2 2 2 2 2 2 2 2 2 2 2 2 2 2 2 2 2 2 2 2 2 2 2 2 2 2
left_child=1 3 13 19 -3 6 9 23 -5 10 12 22 -6 -2 15 20 -16 18 -18 -1 29 28 -12 25 27 -7 -27 -25 -22 -15
right_child=2 4 -4 8 5 7 -8 -9 -10 -11 11 -13 -14 14 16 -17 17 -19 -20 -21 21 -23 -24 24 -26 26 -28 -29 -30 -31
leaf_value=0.0010966462714839867 -0.00094667905537815364 0.0035894693200404825 -0.00081425458324108047 0.00080527888798510134 -0.00018732956030614859 -0.00019105141748499557 -0.0016478256763401366 4.8924038034150137e-05 0.0026964438363016353 -0.000206925130995072 0.00072483128481659999 0.00022438287001107462 -0.0038142062214356434 -3.3259637671695688e-05 0.00012027293797766809 -0.0011458844999035454 -0.0018761449600770369 -0.0066385247649216068 -0.00041958044072226534 0.0003515704596784355 -0.00057594876541328186 0.003875000754307056 0.00234598409481986 0.00019668451329352149 0.0018146808709981462 0.0014412971082094468 0.00044050525511480818 -0.0041095097735524173 -0.0057585535337636752 0.00092022552661443716
leaf_weight=21787 6292 325 351977 1398 1686 5263 2213 16377 2397 17337 2420 7797 316 38779 3535 3593 3043 123 5088 6198 9472 174 1643 710 3470 3800 7185 160 91 2806
leaf_count=21787 6292 325 351977 1398 1686 5263 2213 16377 2397 17337 2420 7797 316 38779 3535 3593 3043 123 5088 6198 9472 174 1643 710 3470 3800 7185 160 91 2806
internal_value=-0.000495348 0.00046493 -0.000726918 0.00105918 0.000197818 0.000182156 -4.18164e-05 0.0003846 0.00199978 7.21007e-05 0.000421074 0.00062041 -0.000759804 -0.000305794 -0.000245341 -0.000148046 -0.000698559 -0.00104925 -0.000964695 0.00093163 -7.81884e-05 -0.000544846 0.00138039 0.000651619 0.00133158 0.000469994 0.000786705 -0.000595259 -0.000625266 3.1078e-05
internal_weight=527455 102482 424973 31780 70702 70377 33412 36965 3795 31199 13862 11860 2002 72996 66704 54915 11789 8254 8131 27985 51322 9737 4063 20588 4340 16248 10985 870 9563 41585
internal_count=527455 102482 424973 31780 70702 70377 33412 36965 3795 31199 13862 11860 2002 72996 66704 54915 11789 8254 8131 27985 51322 9737 4063 20588 4340 16248 10985 870 9563 41585
is_linear=0
shrinkage=0.03


Tree=99
num_leaves=31
num_cat=0
split_feature=3 3 3 11 9 11 7 5 10 3 1 9 6 6 9 0 1 1 7 5 7 3 5 11 10 1 7 9 6 7
split_gain=123.935 19.9794 12.8804 4.00357 3.63787 5.16883 5.24713 4.19063 3.80247 6.46547 4.7477 3.46651 3.68348 3.50042 3.04653 3.15192 5.1071 3.75451 3.75683 3.37884 3.31842 3.12754 3.74471 3.6154 2.97156 3.2415 3.17318 2.89182 2.79056 3.07237
threshold=7.0500000000000007 3.3500000000000001 12.350000000000003 6.5000000000000009 12.350000000000003 139.50000000000003 12.500000000000002 7.5000000000000009 7.5000000000000009 3.6500000000000008 12.500000000000002 12.950000000000001 0.24283374283374287 0.53452380952380962 123.05000000000001 4.5000000000000009 4.5000000000000009 8.5000000000000018 3.5000000000000004 10.500000000000002 1.5000000000000002 3.0500000000000003 7.5000000000000009 49.500000000000007 9.5000000000000018 8.5000000000000018 8.5000000000000018 31.050000000000004 0.43019480519480524 10.500000000000002
decision_type=2 2 2 2 2 2 2 2 2 2 2 2 2 2 2 2 2 2 2 2 2 2 2 2 2 2 2 2 2 2
left_child=1 14 28 -3 5 24 -7 8 9 -6 -11 12 -9 -14 15 16 -1 18 -17 -18 21 22 23 -19 -5 -26 -27 -12 -2 -30
right_child=2 3 -4 4 7 6 -8 11 -10 10 27 -13 13 -15 -16 17 19 20 -20 -21 -22 -23 -24 -25 25 26 -28 -29 29 -31
leaf_value=0.0010054413943533249 -0.00019952833297746703 0.0033278372781617299 -0.00079355340520216827 0.00013499392810089177 0.0050086277464161744 -0.0010192417434283663 -0.0073345430051126783 -0.0030907104794795697 0.00035637659828176846 0.0014211280473064353 -0.0019051104976699268 -0.00031957407020605526 0.0051158417344093323 -0.0019468053616583346 0.0057954809535294772 0.0013060261361305307 0.00016163774977130758 -0.00080047268546312245 0.0028565338713026286 -0.002093317572341484 0.0011023284214528616 -0.0032929943289075579 -0.0020833374866801395 0.0031772124269231952 -1.4630551793343606e-05 -0.001610342317259014 0.0021654980894057979 0.0019686805737483036 -0.00050410148516982127 -0.0017578384193090292
leaf_weight=11007 44441 350 350006 39988 391 2625 124 91 12872 4430 696 7800 300 80 118 4242 4072 370 2104 701 12168 273 413 463 4353 2605 217 231 17974 1950
leaf_count=11007 44441 350 350006 39988 391 2625 124 91 12872 4430 696 7800 300 80 118 4242 4072 370 2104 701 12168 273 413 463 4353 2605 217 231 17974 1950
internal_value=-0.000481595 0.000398684 -0.000721827 0.000126558 0.000111969 -3.95811e-05 -0.00130411 0.000393259 0.00064286 0.00128441 0.00101258 -0.000168652 0.00233069 0.00362897 0.000983008 0.000967151 0.000650042 0.00121694 0.00182009 -0.000169543 0.000937284 -0.000384813 0.000252372 0.00141041 3.41247e-05 -0.000528044 -0.00132 -0.000939797 -0.000331791 -0.000626807
internal_weight=527455 113084 414371 77153 76803 49912 2749 26891 18620 5748 5357 8271 471 380 35931 35813 15780 20033 6346 4773 13687 1519 1246 833 47163 7175 2822 927 64365 19924
internal_count=527455 113084 414371 77153 76803 49912 2749 26891 18620 5748 5357 8271 471 380 35931 35813 15780 20033 6346 4773 13687 1519 1246 833 47163 7175 2822 927 64365 19924
is_linear=0
shrinkage=0.03


Tree=100
num_leaves=31
num_cat=0
split_feature=3 3 3 4 9 4 3 4 3 3 2 9 1 1 2 1 10 9 2 3 5 10 9 10 6 9 10 10 0 9
split_gain=117.984 16.6511 15.3766 3.99884 3.19725 3.04543 5.87478 3.7951 3.42173 3.34055 5.13664 3.49158 4.00575 3.7906 5.29264 3.6916 2.965 2.81781 3.21109 2.8084 3.56189 2.79311 5.83323 2.7898 3.04159 3.30627 2.79436 2.75732 3.18561 2.74885
threshold=6.4500000000000011 3.0500000000000003 12.15 1.5000000000000002 11.350000000000003 1.5000000000000002 4.0500000000000007 2.5000000000000004 3.8500000000000001 5.2500000000000009 54.250000000000007 9.1500000000000004 1.5000000000000002 8.5000000000000018 54.250000000000007 3.5000000000000004 1.5000000000000002 7.3500000000000005 55.750000000000007 4.6500000000000012 2.5000000000000004 4.5000000000000009 2.5500000000000003 14.500000000000002 0.24283374283374287 26.450000000000003 4.5000000000000009 7.5000000000000009 7.5000000000000009 95.050000000000011
decision_type=2 2 2 2 2 2 2 2 2 2 2 2 2 2 2 2 2 2 2 2 2 2 2 2 2 2 2 2 2 2
left_child=1 3 16 23 17 8 29 -8 -3 11 21 13 -13 14 -9 -14 -2 -5 -19 -16 -21 -11 -23 24 25 26 -1 28 -24 -7
right_child=2 5 -4 4 -6 6 7 9 -10 10 -12 12 15 -15 19 -17 -18 18 -20 20 -22 22 27 -25 -26 -27 -28 -29 -30 -31
leaf_value=0.0039029879892598196 -0.00091489204770997307 8.96284936113315e-05 -0.00077079147210256597 0.0019512945268961139 0.0038439548241941232 0.00079335988485857887 -0.00018124440567925457 -0.00094537838748315469 -0.0010540668877336967 4.6954294207573341e-05 -0.00023798308765734681 -0.0016867342401634562 0.0038628439338633811 -0.00070013993813414612 0.0029088029082192752 0.0013360417022547368 -0.00023363159530259743 -0.0039963162693240481 0.0022510086926631626 -0.0024406003747736256 0.001481717068222037 0.0093967004455625999 0.0017833913203461177 0.00035571438707026958 0.0010126265849276579 0.0083865201893974766 0.00052546774946628206 0.00061202634403276918 0.006429172477414531 0.0054918215417228966
leaf_weight=435 6292 7855 351977 1957 711 13587 20491 984 3362 2333 12035 330 626 2058 976 3084 66704 164 135 248 1304 80 929 5943 19758 85 447 2297 155 113
leaf_count=435 6292 7855 351977 1957 711 13587 20491 984 3362 2333 12035 330 626 2058 976 3084 66704 164 135 248 1304 80 929 5943 19758 85 447 2297 155 113
internal_value=-0.000468277 0.00044541 -0.000688612 0.00104496 0.00208973 0.000201508 0.00028426 0.000127665 -0.000253164 0.000358354 0.000115333 0.000809221 0.00148066 0.000322216 0.000921307 0.0017624 -0.000292354 0.00153687 -0.00117562 0.0016479 0.000854955 0.000849223 0.00139002 0.000928717 0.00109303 0.00273582 0.00219125 0.00120057 0.00244769 0.000832114
internal_weight=527455 102482 424973 29635 2967 72847 61630 47930 11217 27439 17829 9610 4040 5570 3512 3710 72996 2256 299 2528 1552 5794 3461 26668 20725 967 882 3381 1084 13700
internal_count=527455 102482 424973 29635 2967 72847 61630 47930 11217 27439 17829 9610 4040 5570 3512 3710 72996 2256 299 2528 1552 5794 3461 26668 20725 967 882 3381 1084 13700
is_linear=0
shrinkage=0.03


Tree=101
num_leaves=31
num_cat=0
split_feature=3 3 3 4 11 9 9 11 2 3 4 3 2 11 10 11 1 9 9 9 2 4 4 10 3 0 1 10 9 11
split_gain=112.215 15.9606 14.4902 3.91298 3.6256 3.12204 3.01218 4.84274 3.38802 4.91518 3.17296 3.10921 3.08379 2.89342 2.82522 3.11837 3.58034 4.09384 4.23332 2.71813 3.09551 2.70801 2.68984 3.0925 2.8554 3.05673 5.24012 2.66687 2.98857 2.65749
threshold=6.4500000000000011 3.0500000000000003 12.15 1.5000000000000002 6.5000000000000009 11.350000000000003 8.3500000000000032 139.50000000000003 54.250000000000007 5.3500000000000005 3.5000000000000004 5.0500000000000007 51.750000000000007 11.500000000000002 1.5000000000000002 117.50000000000001 4.5000000000000009 98.65000000000002 49.95000000000001 7.3500000000000005 55.750000000000007 1.5000000000000002 2.5000000000000004 1.5000000000000002 4.1500000000000012 3.5000000000000004 4.5000000000000009 14.500000000000002 15.950000000000001 14.500000000000002
decision_type=2 2 2 2 2 2 2 2 2 2 2 2 2 2 2 2 2 2 2 2 2 2 2 2 2 2 2 2 2 2
left_child=1 3 14 27 -3 19 7 10 22 -10 11 13 -13 -6 -2 -16 -17 18 -18 -5 -21 -15 23 -8 25 -25 -27 28 -1 -11
right_child=2 4 -4 5 6 -7 8 -9 9 29 -12 12 -14 21 15 16 17 -19 -20 20 -22 -23 -24 24 -26 26 -28 -29 -30 -31
leaf_value=0.00097260148108345142 -0.00089317017786076929 0.0033488182969596404 -0.00074992729795474861 0.0019169866744654681 0.0026484491403253982 0.0037897467588365297 -0.0016970344676227166 -0.0013245009072124958 0.0005064945660972147 -0.0021441794179995126 0.0010950106901456262 -0.003983726139380553 -0.00034474172056442375 -0.00037714072491349553 -0.00013312395157562647 0.00012801195295393213 -0.0018159796136443329 -0.0064451869013832834 -0.00040145940498782779 -0.0039235908303447923 0.002210273645100339 0.0003393892501867287 0.0013519556959869204 -0.00011217432864515593 4.6894851959674373e-06 0.0087389320864969377 0.0016211215576370621 0.00034755991474858233 0.0024225199929572153 -0.00026929358152899367
leaf_weight=19355 6292 327 351977 1957 426 711 567 2304 13392 763 2641 214 10167 6393 54915 3535 3043 123 5088 164 135 18438 4829 929 3217 98 1857 5943 1370 6285
leaf_count=19355 6292 327 351977 1957 426 711 567 2304 13392 763 2641 214 10167 6393 54915 3535 3043 123 5088 164 135 18438 4829 929 3217 98 1857 5943 1370 6285
internal_value=-0.000455271 0.000435796 -0.000670152 0.00102278 0.000197005 0.00205628 0.000182793 1.12758e-05 0.000400744 0.000169005 9.16757e-05 1.73223e-05 -0.000419758 0.000196969 -0.000285484 -0.000228163 -0.00067087 -0.00101301 -0.000930839 0.00150996 -0.00115412 0.000154911 0.000812742 0.00042224 0.000619196 0.00130466 0.00197792 0.000907796 0.00106845 -0.000472264
internal_weight=527455 102482 424973 29635 72847 2967 72520 40583 31937 20440 38279 35638 10381 25257 72996 66704 11789 8254 8131 2256 299 24831 11497 6668 6101 2884 1955 26668 20725 7048
internal_count=527455 102482 424973 29635 72847 2967 72520 40583 31937 20440 38279 35638 10381 25257 72996 66704 11789 8254 8131 2256 299 24831 11497 6668 6101 2884 1955 26668 20725 7048
is_linear=0
shrinkage=0.03


Tree=102
num_leaves=31
num_cat=0
split_feature=3 3 3 9 7 9 10 1 0 6 1 7 1 0 0 1 6 5 9 2 5 3 10 3 7 9 6 10 7 6
split_gain=106.828 19.9722 8.1322 4.53979 3.87 3.84526 3.59754 3.11186 6.71079 4.01249 4.21083 3.5911 3.57137 8.08049 6.15138 5.55409 3.77664 3.65773 3.19776 3.17546 4.12263 3.45177 3.13966 3.0689 3.41292 3.05859 4.32149 4.54097 3.31086 3.49148
threshold=7.6500000000000012 3.7500000000000004 14.350000000000003 123.05000000000001 1.5000000000000002 1.7500000000000002 4.5000000000000009 12.500000000000002 6.5000000000000009 0.76696832579185525 10.500000000000002 9.5000000000000018 4.5000000000000009 3.5000000000000004 4.5000000000000009 8.5000000000000018 0.96875000000000011 7.5000000000000009 3.4500000000000006 53.500000000000007 5.5000000000000009 5.7500000000000009 5.5000000000000009 2.8500000000000001 2.5000000000000004 9.7500000000000018 0.40824915824915831 7.5000000000000009 6.5000000000000009 0.18107302533532046
decision_type=2 2 2 2 2 2 2 2 2 2 2 2 2 2 2 2 2 2 2 2 2 2 2 2 2 2 2 2 2 2
left_child=1 3 -2 23 5 6 -3 8 12 10 11 -10 13 17 22 19 -15 -6 -9 21 -21 -16 -14 -1 -25 26 28 -28 -12 -30
right_child=2 4 -4 -5 7 -7 -8 18 9 -11 25 -13 14 16 15 -17 -18 -19 -20 20 -22 -23 -24 24 -26 -27 27 -29 29 -31
leaf_value=0.0010350681891408864 -0.00039073807922290017 0.00071918202095602192 -0.00074131066130134313 0.0060428214745596046 0.00052053634851875871 -0.00074060627760724708 0.0069969571492773421 -0.0017314997820799794 0.0012712904946370557 -0.0014376383766764372 -0.00014129491107416805 0.0032291054376924924 -0.00022730807527688397 0.0018276565841907593 -0.002906247651014967 -0.00023984820447148615 0.0074190314800842948 -0.00034258252271542831 -0.00015714806866040396 0.0018825983504454293 0.00037077079756477369 0.0011981029492967269 -0.0012507486669210079 4.5602721892044055e-05 0.00085126143703522514 0.0012772277263238836 -0.0029025714031126943 0.0035284233563824701 -0.0010220267213881017 0.0067386431932449338
leaf_weight=25176 72586 652 331636 150 10908 8102 94 1315 3498 577 659 1111 5711 1991 403 10776 115 7428 9924 2916 3662 340 5113 7768 12109 1649 742 114 80 150
leaf_count=25176 72586 652 331636 150 10908 8102 94 1315 3498 577 659 1111 5711 1991 403 10776 115 7428 9924 2916 3662 340 5113 7768 12109 1649 742 114 80 150
internal_value=-0.000442623 0.000330625 -0.000678358 0.000832411 3.9939e-05 -0.000550833 0.00151022 0.000115496 0.000204109 0.000978508 0.00115271 0.00174322 6.95071e-05 0.000373024 -0.000145025 0.000193344 0.00213298 0.000170883 -0.000341352 0.000830973 0.00104096 -0.00102808 -0.000710757 0.000815063 0.000536407 0.000350796 -0.000524669 -0.00204611 0.000940294 0.00403928
internal_weight=527455 123233 404222 45203 78030 8848 746 69182 57943 8580 8003 4609 49363 20442 28921 18097 2106 18336 11239 7321 6578 743 10824 45053 19877 3394 1745 856 889 230
internal_count=527455 123233 404222 45203 78030 8848 746 69182 57943 8580 8003 4609 49363 20442 28921 18097 2106 18336 11239 7321 6578 743 10824 45053 19877 3394 1745 856 889 230
is_linear=0
shrinkage=0.03


Tree=103
num_leaves=31
num_cat=0
split_feature=4 5 11 2 7 4 7 11 1 0 4 5 4 10 2 11 9 7 5 7 4 7 10 0 5 10 11 9 4 1
split_gain=95.7279 7.26038 8.57258 6.27627 4.93683 4.78011 4.3621 4.03339 3.81616 4.37437 5.39138 3.90626 3.78165 3.72682 7.8689 7.16971 5.62635 4.37505 3.29301 3.25598 3.12867 3.89076 3.06709 3.06178 3.99136 3.00811 2.91343 4.01652 2.89905 2.85078
threshold=4.5000000000000009 7.5000000000000009 84.500000000000014 57.750000000000007 3.5000000000000004 3.5000000000000004 11.500000000000002 6.5000000000000009 8.5000000000000018 5.5000000000000009 6.5000000000000009 3.5000000000000004 1.5000000000000002 11.500000000000002 56.250000000000007 139.50000000000003 18.050000000000004 10.500000000000002 4.5000000000000009 2.5000000000000004 2.5000000000000004 3.5000000000000004 4.5000000000000009 3.5000000000000004 16.500000000000004 3.5000000000000004 18.500000000000004 8.7500000000000018 1.5000000000000002 12.500000000000002
decision_type=2 2 2 2 2 2 2 2 2 2 2 2 2 2 2 2 2 2 2 2 2 2 2 2 2 2 2 2 2 2
left_child=1 5 3 7 -4 13 8 -3 9 -2 -11 -10 23 15 -15 16 17 26 -17 29 21 -20 -13 24 -9 -22 27 -1 -23 -5
right_child=6 2 4 19 -6 -7 -8 12 11 10 -12 22 -14 14 -16 18 -18 -19 20 -21 25 28 -24 -25 -26 -27 -28 -29 -30 -31
leaf_value=-0.00035883627011101571 -0.00056325924004152321 0.0034074412400282943 -0.0019181910734508117 0.00036869822276031848 -0.00036517808233754625 -1.2888022414226931e-05 -0.00082708541988646606 -0.0008365977568192619 -0.001028800244239322 0.00082574989449437969 -0.00043857549936721123 -0.00094381513348306052 -0.00024698812444310259 0.00033615154658987208 -0.0017628558263014485 -0.0018045787209969662 0.0015932153384041641 -0.0010915060180991035 -0.0005053894184036523 0.0012901526700136627 -0.0042190565430157553 0.0075388100013881916 -0.00051431422574827715 0.00080503423694146216 0.0020504665481884871 0.0011882225654341956 0.00077981915677264387 0.0014486216330085399 0.001714814084395766 -0.0026301028833000195
leaf_weight=4713 125037 299 3103 2389 4534 22579 130499 2541 31299 4703 8561 20510 31701 23035 1728 1497 5938 1327 384 5259 211 125 55336 6461 519 165 31032 1446 200 324
leaf_count=4713 125037 299 3103 2389 4534 22579 130499 2541 31299 4703 8561 20510 31701 23035 1728 1497 5938 1327 384 5259 211 125 55336 6461 519 165 31032 1446 200 324
internal_value=-0.000430369 0.000206264 -6.066e-05 8.36958e-05 -0.000996185 0.000367839 -0.000686939 -6.43342e-05 -0.000612426 -0.000508307 9.71478e-06 -0.000746821 -8.95164e-05 0.000487564 0.00018968 0.000644385 0.000733645 0.000601133 -0.000892476 0.000854689 0.000365973 0.00153913 -0.000630458 0.000434799 -0.000346929 -0.00184618 0.000661527 6.55158e-05 0.00395481 1.05664e-05
internal_weight=527455 151510 57130 49493 7637 94380 375945 41521 245446 138301 13264 107145 41222 71801 24763 47038 44456 38518 2582 7972 1085 709 75846 9521 3060 376 37191 6159 325 2713
internal_count=527455 151510 57130 49493 7637 94380 375945 41521 245446 138301 13264 107145 41222 71801 24763 47038 44456 38518 2582 7972 1085 709 75846 9521 3060 376 37191 6159 325 2713
is_linear=0
shrinkage=0.03


Tree=104
num_leaves=31
num_cat=0
split_feature=3 3 3 4 7 3 11 4 3 5 10 11 4 7 8 7 11 11 10 8 7 11 11 0 1 10 8 11 1 11
split_gain=97.3821 14.4829 12.0361 3.92276 3.57941 4.09119 3.47379 3.17852 4.62251 3.14256 3.07948 3.02479 3.80915 2.94169 3.40297 3.69257 3.18749 3.06467 2.78043 2.89861 2.76524 2.92951 3.32581 3.14236 4.49346 3.6204 3.17371 2.66856 5.74458 2.64352
threshold=6.4500000000000011 3.0500000000000003 12.15 1.5000000000000002 2.5000000000000004 3.8500000000000001 127.50000000000001 2.5000000000000004 5.3500000000000005 19.500000000000004 3.5000000000000004 12.500000000000002 1.5000000000000002 2.5000000000000004 1.5000000000000002 11.500000000000002 118.50000000000001 174.50000000000003 12.500000000000002 2.5000000000000004 8.5000000000000018 104.50000000000001 315.50000000000006 6.5000000000000009 10.500000000000002 5.5000000000000009 10.500000000000002 117.50000000000001 8.5000000000000018 120.50000000000001
decision_type=2 2 2 2 2 2 2 2 2 2 2 2 2 2 2 2 2 2 2 2 2 2 2 2 2 2 2 2 2 2
left_child=1 3 13 -1 6 -6 9 -7 -9 11 -5 12 -3 16 17 27 -2 -15 19 -8 -10 23 -23 26 -25 -26 -22 -16 -29 -18
right_child=2 4 -4 10 5 7 18 8 20 -11 -12 -13 -14 14 15 -17 29 -19 -20 -21 21 22 -24 24 25 -27 -28 28 -30 -31
leaf_value=0.00085560183606250633 -0.00052701519217654273 0.0080053882016224796 -0.00069139249729724514 0.00094487169847467254 0.00082977250243690501 -0.00010349750604790032 -0.0010088294401685608 0.00099216977110584063 -0.00019674453159503451 -0.0013885073977175969 0.0028862248502538965 2.4256610091638757e-06 0.0011431640703231094 -0.0012943017826427163 6.7070347456805684e-05 -0.00059682286942106606 -0.006988228955801497 0.0023834934816931801 0.0019440691819080725 -0.004106069182006406 0.0014351982045570182 -0.0027051989908690927 0.00060063900108547539 0.0086182842005130839 -0.00048919607251882559 0.0060850276779537355 -0.0041056184600857856 0.00024833586323023369 -0.0023710880464250929 -0.0017435042060643352
leaf_weight=26668 12102 89 351977 1346 11191 18715 752 8152 9148 1443 1621 18967 400 3382 41387 11633 94 217 173 426 962 333 1543 129 200 121 103 1804 1294 1083
leaf_count=26668 12102 89 351977 1346 11191 18715 752 8152 9148 1443 1621 18967 400 3382 41387 11633 94 217 173 426 962 333 1543 129 200 121 103 1804 1294 1083
internal_value=-0.00041851 0.00041158 -0.000618685 0.000970729 0.000184111 0.000323563 -0.000133005 0.000179804 0.000436049 -3.76986e-05 0.00200552 6.24873e-05 0.00239212 -0.000268102 -0.000178296 -0.000120945 -0.000671967 -0.00107255 -0.00160733 -0.00212888 7.44976e-05 0.000806235 1.38351e-05 0.00178745 0.00388935 0.00198894 0.000899326 3.49894e-06 -0.000845768 -0.00216237
internal_weight=527455 102482 424973 29635 72847 50597 22250 39406 20691 20899 2967 19456 489 72996 59717 56118 13279 3599 1351 1178 12539 3391 1876 1515 450 321 1065 44485 3098 1177
internal_count=527455 102482 424973 29635 72847 50597 22250 39406 20691 20899 2967 19456 489 72996 59717 56118 13279 3599 1351 1178 12539 3391 1876 1515 450 321 1065 44485 3098 1177
is_linear=0
shrinkage=0.03


Tree=105
num_leaves=31
num_cat=0
split_feature=3 3 3 4 7 3 5 4 3 2 9 1 0 1 7 10 7 8 7 2 7 1 0 8 5 9 9 10 5 2
split_gain=92.6264 13.8816 11.3509 3.83558 3.4064 3.91121 3.03781 3.02603 4.39512 3.79573 3.02385 3.0167 4.89749 3.01103 2.80755 3.28968 2.80101 3.2359 3.52259 4.29605 3.44309 2.90445 3.24354 3.11469 2.78757 2.77286 2.68272 2.94505 2.75421 2.67261
threshold=6.4500000000000011 3.0500000000000003 12.15 1.5000000000000002 2.5000000000000004 3.8500000000000001 20.500000000000004 2.5000000000000004 5.3500000000000005 54.250000000000007 11.350000000000003 10.500000000000002 5.5000000000000009 5.5000000000000009 15.500000000000002 3.5000000000000004 2.5000000000000004 1.5000000000000002 11.500000000000002 55.250000000000007 4.5000000000000009 10.500000000000002 5.5000000000000009 11.500000000000002 23.500000000000004 5.4500000000000011 3.5500000000000003 7.5000000000000009 8.5000000000000018 58.750000000000007
decision_type=2 2 2 2 2 2 2 2 2 2 2 2 2 2 2 2 2 2 2 2 2 2 2 2 2 2 2 2 2 2
left_child=1 3 16 -1 6 -6 -3 -7 26 -10 -5 12 -11 24 15 -14 -2 -18 19 20 -19 22 -22 -24 -8 -17 27 28 -9 -20
right_child=2 4 -4 10 5 7 13 8 9 11 -12 -13 14 -15 -16 25 17 18 29 -21 21 -23 23 -25 -26 -27 -28 -29 -30 -31
leaf_value=0.00083630179977653993 -0.00065570240627526243 -4.3193755458957135e-05 -0.00067267753923534789 0.0014357061223281464 0.00081101642860482981 -0.00010091735569512878 -0.0027072295976832586 0.0014851711539528038 0.00082564043419066009 -0.00039809869981935665 0.0036793611625618133 -0.0012305627712253572 0.0031774650772582796 -0.0027641635260496483 0.0057713610740532557 -0.003797620612550789 -0.0010460073521780483 0.00018807873047479886 -0.0005195721181659919 0.00030726229061081269 -0.00056328795765467723 -0.0012562091793000116 0.00049270732241031231 0.0055597793747638831 0.0018849737901206411 0.00083767717721693936 0.0011914681669956022 -0.0038316113707181571 -0.001799426645948616 -0.0038504424933934103
leaf_weight=26668 13279 20983 351977 2256 11191 18715 187 632 4072 4838 711 2249 467 753 133 142 3599 8684 11412 21577 8258 3993 1857 116 327 638 6974 185 361 221
leaf_count=26668 13279 20983 351977 2256 11191 18715 187 632 4072 4838 711 2249 467 753 133 142 3599 8684 11412 21577 8258 3993 1857 116 327 638 6974 185 361 221
internal_value=-0.000406844 0.000402723 -0.00060207 0.000950143 0.000180027 0.000316066 -0.000129331 0.000175505 0.000425528 7.29814e-05 0.00197337 -0.000288992 5.15667e-05 -0.00155586 0.001628 0.00118609 -0.000261613 -0.000173981 -0.000118055 3.49086e-06 -0.000282631 -0.000570007 -0.000302193 0.000790619 0.000214269 -6.18473e-06 0.000967798 -0.000356378 0.000291073 -0.000582851
internal_weight=527455 102482 424973 29635 72847 50597 22250 39406 20691 12539 2967 8467 6218 1267 1380 1247 72996 59717 56118 44485 22908 14224 10231 1973 514 780 8152 1178 993 11633
internal_count=527455 102482 424973 29635 72847 50597 22250 39406 20691 12539 2967 8467 6218 1267 1380 1247 72996 59717 56118 44485 22908 14224 10231 1973 514 780 8152 1178 993 11633
is_linear=0
shrinkage=0.03


Tree=106
num_leaves=31
num_cat=0
split_feature=3 3 3 7 4 11 4 3 4 3 10 11 1 9 9 0 10 10 6 7 1 9 10 1 10 0 3 2 7 9
split_gain=88.1231 12.6163 11.5877 3.78633 4.03339 4.14479 3.75447 3.3448 3.65686 3.27305 2.96753 2.73983 3.88933 5.18372 3.2143 3.23758 2.9476 2.66667 3.28267 2.78783 2.85431 3.12101 2.80966 2.71353 2.7113 2.69857 2.68828 2.91172 2.58957 2.5562
threshold=6.2500000000000009 3.0500000000000003 12.15 2.5000000000000004 3.5000000000000004 117.50000000000001 1.5000000000000002 3.8500000000000001 2.5000000000000004 5.0500000000000007 3.5000000000000004 117.50000000000001 6.5000000000000009 98.65000000000002 43.050000000000004 6.5000000000000009 1.5000000000000002 11.500000000000002 0.063508064516129045 7.5000000000000009 3.5000000000000004 100.55000000000001 10.500000000000002 16.500000000000004 9.5000000000000018 6.5000000000000009 6.6500000000000012 56.750000000000007 2.5000000000000004 120.55000000000001
decision_type=2 2 2 2 2 2 2 2 2 2 2 2 2 2 2 2 2 2 2 2 2 2 2 2 2 2 2 2 2 2
left_child=1 6 11 4 5 -3 29 -5 -9 -10 -8 16 28 14 -14 -16 -2 18 19 20 -18 22 24 -19 25 -22 -27 -28 -13 -1
right_child=2 3 -4 7 -6 -7 10 8 9 -11 -12 12 13 -15 15 -17 17 23 -20 -21 21 -23 -24 -25 -26 26 27 -29 -30 -31
leaf_value=0.00080125389764997273 -0.00080863484193932514 -0.00011806459637520984 -0.00065446916558303239 0.0007926870336849816 0.0015712120280816004 -0.0017475344336801959 0.00090125689766880736 -9.8913097964193581e-05 0.001115405602574261 0.00023793219172480937 0.002806995652865157 -0.0019850247755100587 -0.0017704304610299576 -0.0076264797068304477 -0.0013334072231094059 0.00031807330114477734 -0.00042820806679485726 -0.00047652950383971149 -9.9391177863958382e-05 -0.00042267001824561687 0.0018686454341961787 0.0053862997381126177 -0.0025975355018268932 -0.0055165061293189054 0.004863825696737655 -0.0051199641508214615 0.0010467589368874375 -0.003829292662086941 0.00013708437248378759 0.0061387407572733033
leaf_weight=26587 5826 18707 351977 11191 1170 1519 1346 18354 5464 12761 1621 573 2930 108 2069 2209 954 10889 40502 1618 1937 170 165 97 193 85 880 126 5346 81
leaf_count=26587 5826 18707 351977 11191 1170 1519 1346 18354 5464 12761 1621 573 2930 108 2069 2209 954 10889 40502 1618 1937 170 165 97 193 85 880 126 5346 81
internal_value=-0.000395501 0.000412191 -0.000581668 0.000190289 -0.000141373 -0.00024044 0.000930096 0.000338839 0.000199988 0.000501006 0.00194244 -0.00024748 -0.000640104 -0.00110268 -0.00100493 -0.000480644 -0.000165572 -0.000100547 -1.48209e-06 0.000645632 0.00102889 0.0014198 0.00122066 -0.00052103 0.00141625 0.00119651 3.17144e-06 0.000436041 -6.83504e-05 0.000817466
internal_weight=527455 98801 428654 69166 21396 20226 29635 47770 36579 18225 2967 76677 13235 7316 7208 4278 63442 57616 46630 6128 4510 3556 3386 10986 3221 3028 1091 1006 5919 26668
internal_count=527455 98801 428654 69166 21396 20226 29635 47770 36579 18225 2967 76677 13235 7316 7208 4278 63442 57616 46630 6128 4510 3556 3386 10986 3221 3028 1091 1006 5919 26668
is_linear=0
shrinkage=0.03


Tree=107
num_leaves=31
num_cat=0
split_feature=3 3 4 4 9 5 11 3 11 3 8 10 6 6 11 8 9 5 9 6 3 1 1 1 0 1 0 1 5 5
split_gain=83.8353 18.1212 4.6679 4.141 4.07735 3.39701 6.7897 3.97584 3.1832 3.12039 3.14413 3.06239 3.10873 3.12382 3.04082 6.61474 5.47961 3.23874 4.39695 3.1305 2.9215 2.91918 2.89212 2.8384 10.9127 2.82342 2.80166 2.80659 4.57592 2.6379
threshold=8.2500000000000018 3.8500000000000001 3.5000000000000004 1.5000000000000002 123.05000000000001 7.5000000000000009 64.500000000000014 3.2500000000000004 69.500000000000014 19.750000000000004 3.5000000000000004 16.500000000000004 0.082650273224043724 0.040408163265306128 15.500000000000002 4.5000000000000009 54.45000000000001 2.5000000000000004 19.550000000000004 0.39791666666666675 16.750000000000004 10.500000000000002 12.500000000000002 8.5000000000000018 6.5000000000000009 9.5000000000000018 4.5000000000000009 4.5000000000000009 6.5000000000000009 11.500000000000002
decision_type=2 2 2 2 2 2 2 2 2 2 2 2 2 2 2 2 2 2 2 2 2 2 2 2 2 2 2 2 2 2
left_child=1 4 20 29 5 14 7 -7 11 10 -4 12 13 25 15 -1 19 -16 -19 -17 -2 -20 -13 24 26 -5 27 -10 -29 -3
right_child=2 3 9 8 -6 6 -8 -9 23 -11 -12 22 -14 -15 17 16 -18 18 21 -21 -22 -23 -24 -25 -26 -27 -28 28 -30 -31
leaf_value=-0.00047321445501116835 0.0001957638956588521 -0.001547730542599639 -0.00077337859322404467 0.00025510925356824122 0.0054303535646815079 0.001038173316169519 -0.00091714237179014253 -0.00010840812417916566 -4.1954766792192755e-05 -0.00066478386490019352 -0.00037524236387741553 -0.00020869145196282811 0.00017620766120965593 0.0053541615708120934 0.00066051502503580511 0.005252847917241862 -0.0050606043482548553 0.0011754362001059147 0.0022981094333667019 0.0015116223647453628 0.0053492666028513765 0.0060761303776000145 -0.0021297025604681535 -0.00061923880937735294 0.0033337174582397135 0.0018844276962345211 0.00069005151676662115 -0.0017540242904851237 0.0004992765089884627 0.00032700824909485303
leaf_weight=3313 5004 2427 23397 2524 166 8385 3034 4030 7439 291112 75321 4863 46652 145 12821 361 80 14018 714 455 101 248 825 10184 849 1542 2742 2585 1182 936
leaf_count=3313 5004 2427 23397 2524 166 8385 3034 4030 7439 291112 75321 4863 46652 145 12821 361 80 14018 714 455 101 248 825 10184 849 1542 2742 2585 1182 936
internal_value=-0.000384466 0.00026846 -0.000603555 5.70532e-06 0.000736839 0.000720422 0.000355077 0.000665985 4.82585e-05 -0.000615358 -0.000469604 0.000172846 0.000246672 0.00102732 0.000896748 0.000145274 0.00243216 0.00101052 0.00131008 0.00316675 0.000297723 0.00327207 -0.000487319 -0.000233777 3.15157e-05 0.000873016 -0.000169486 -0.000379806 -0.00104699 -0.00102595
internal_weight=527455 132520 394935 84895 47625 47459 15449 12415 81532 389830 98718 56551 50863 4211 32010 4209 896 27801 14980 816 5105 962 5688 24981 14797 4066 13948 11206 3767 3363
internal_count=527455 132520 394935 84895 47625 47459 15449 12415 81532 389830 98718 56551 50863 4211 32010 4209 896 27801 14980 816 5105 962 5688 24981 14797 4066 13948 11206 3767 3363
is_linear=0
shrinkage=0.03


Tree=108
num_leaves=31
num_cat=0
split_feature=4 5 11 2 7 11 7 4 10 10 2 11 9 7 10 5 4 9 7 8 2 0 10 4 7 8 0 11 9 10
split_gain=74.4385 6.62711 7.69477 5.92831 4.56634 3.82174 3.78778 3.61109 3.5132 3.42352 7.45414 6.44315 5.40868 4.0826 3.35719 3.16951 3.16297 3.43188 3.067 3.22569 2.9626 2.92169 2.91897 3.54845 4.12831 2.91424 2.81113 2.71721 3.79723 2.67687
threshold=4.5000000000000009 7.5000000000000009 84.500000000000014 57.750000000000007 3.5000000000000004 6.5000000000000009 11.500000000000002 3.5000000000000004 14.500000000000002 11.500000000000002 56.250000000000007 139.50000000000003 18.050000000000004 10.500000000000002 7.5000000000000009 4.5000000000000009 7.5000000000000009 2.9500000000000006 2.5000000000000004 12.500000000000002 53.500000000000007 1.5000000000000002 3.5000000000000004 2.5000000000000004 5.5000000000000009 2.5000000000000004 3.5000000000000004 18.500000000000004 8.7500000000000018 9.5000000000000018
decision_type=2 2 2 2 2 2 2 2 2 2 2 2 2 2 2 2 2 2 2 2 2 2 2 2 2 2 2 2 2 2
left_child=1 7 3 5 -4 26 8 9 16 11 -11 12 13 27 -7 25 17 -2 -5 -20 -19 -16 23 24 -17 -13 -3 28 -1 -6
right_child=6 2 4 18 29 14 -8 -9 -10 10 -12 15 -14 -15 21 22 -18 20 19 -21 -22 -23 -24 -25 -26 -27 -28 -29 -30 -31
leaf_value=-0.00037880764116757183 -0.0013112868472266986 -0.00079852238819003098 -0.001840463664474937 -5.7236227751888029e-07 -7.8265896468994412e-05 3.7430065348943561e-05 -0.00073061603548679331 1.1077561819171656e-05 -0.00079878392283910902 0.00030310453610860478 -0.0017398351703175447 -0.00048632171284407382 0.0015237502337554713 -0.0010840401970618212 -0.0023436842209382637 -0.0011773802419499811 -0.00057257871988909735 -0.00079084289660376881 0.0013725123907538707 -0.0029665965108938938 -0.00021841310337775477 -0.00045176861389226809 0.002402305693483786 -0.0040538603321635894 0.004990923698667599 -0.0031359699857908311 0.0053670072061332624 0.00072362799676919855 0.0013786181497954689 -0.0023251487826413003
leaf_weight=4713 3084 100 3103 2713 3992 32873 130499 22579 37281 23035 1728 780 5938 1327 814 334 130704 9300 5100 159 65077 7535 402 211 138 717 199 31032 1446 542
leaf_count=4713 3084 100 3103 2713 3992 32873 130499 22579 37281 23035 1728 780 5938 1327 814 334 130704 9300 5100 159 65077 7535 402 211 138 717 199 31032 1446 542
internal_value=-0.000373773 0.000187623 -6.73949e-05 6.93706e-05 -0.000953729 -7.44976e-05 -0.000600021 0.00034199 -0.000530586 0.000446051 0.000160545 0.000596355 0.000680972 0.000551048 -9.90102e-05 -0.000860556 -0.000482554 -0.00033065 0.000818687 0.00124132 -0.000289989 -0.000636224 0.000374069 -0.00081971 0.000626065 -0.00175539 0.00330496 0.000609389 3.37979e-05 -0.000346861
internal_weight=527455 151510 57130 49493 7637 41521 375945 94380 245446 71801 24763 47038 44456 38518 41222 2582 208165 77461 7972 5259 74377 8349 1085 683 472 1497 299 37191 6159 4534
internal_count=527455 151510 57130 49493 7637 41521 375945 94380 245446 71801 24763 47038 44456 38518 41222 2582 208165 77461 7972 5259 74377 8349 1085 683 472 1497 299 37191 6159 4534
is_linear=0
shrinkage=0.03


Tree=109
num_leaves=31
num_cat=0
split_feature=3 3 3 7 3 5 1 0 1 5 11 7 9 3 10 6 0 11 3 5 9 7 7 3 1 9 10 7 11 10
split_gain=76.7387 11.5843 9.53846 3.57011 3.06401 2.89491 2.85281 4.45238 4.1145 3.28055 3.11325 4.38315 5.75499 3.41081 3.87719 4.0236 3.79679 2.84246 3.72114 2.77395 2.6238 3.24955 3.12237 3.83382 2.93797 3.13638 2.70363 2.57821 2.56899 2.8003
threshold=6.2500000000000009 3.0500000000000003 10.850000000000003 2.5000000000000004 3.9500000000000006 19.500000000000004 12.500000000000002 5.5000000000000009 8.5000000000000018 18.500000000000004 28.500000000000004 6.5000000000000009 4.1500000000000012 6.6500000000000012 10.500000000000002 0.6198686371100165 2.5000000000000004 12.500000000000002 3.5500000000000003 26.500000000000004 6.5500000000000007 11.500000000000002 2.5000000000000004 19.750000000000004 12.500000000000002 320.65000000000003 4.5000000000000009 1.5000000000000002 113.50000000000001 8.5000000000000018
decision_type=2 2 2 2 2 2 2 2 2 2 2 2 2 2 2 2 2 2 2 2 2 2 2 2 2 2 2 2 2 2
left_child=1 -1 6 5 -5 17 7 10 9 -9 11 12 -2 14 15 -14 -16 18 -3 -8 -4 22 -22 24 25 -24 -23 -15 -19 -30
right_child=2 3 20 4 -6 -7 19 8 -10 -11 -12 -13 13 27 16 -17 -18 28 -20 -21 21 26 23 -25 -26 -27 -28 -29 29 -31
leaf_value=0.00088659119022292297 -0.001461217564215763 0.0078906237645897746 -0.00087298718685428214 0.00072023105533649612 0.00017699910024504079 -0.0014448746195790164 -0.00071553569390591385 0.0014332038898703077 1.9796691731228099e-05 -0.0010176994387434903 -0.0005290720990210894 -0.00099612405123822973 0.0022976470854987334 -0.0015237589097171096 0.0034961350302438474 0.0092773998225176776 -0.0034104723815280612 -5.0213398770226838e-06 0.00099325648441757125 0.0027347656221033256 -0.00093182337923843235 -0.0011777415978549445 -0.00010941579442866458 -0.0005374137065611923 -0.00077428119896338682 0.0056269889931346096 -0.00065321349429337829 0.00043792003350360121 -0.0018961528288304144 0.0013294159457087516
leaf_weight=29635 1529 86 28453 12745 35025 1437 10471 3692 11855 567 21129 3056 903 644 111 81 202 17927 388 214 14080 9565 33681 154634 6897 86 117337 9467 1258 300
leaf_count=29635 1529 86 28453 12745 35025 1437 10471 3692 11855 567 21129 3056 903 644 111 81 202 17927 388 214 14080 9565 33681 154634 6897 86 117337 9467 1258 300
internal_value=-0.000363397 0.00039032 -0.000537122 0.000177687 0.000321933 -0.000144366 -0.000199079 -0.000109291 0.000307127 0.00110692 -0.00029005 2.5732e-05 0.000267117 0.000498763 0.00194711 0.0028722 -0.000961164 -5.07328e-05 0.00224468 -0.000646433 -0.000596366 -0.000572961 -0.000500358 -0.000469252 -0.000210051 -9.48059e-05 -0.000692749 0.000312975 -0.000106572 -0.00127505
internal_weight=527455 98801 428654 69166 47770 21396 63921 53236 16114 4259 37122 15993 12937 11408 1297 984 313 19959 474 10685 364733 336280 209378 195298 40664 33767 126902 10111 19485 1558
internal_count=527455 98801 428654 69166 47770 21396 63921 53236 16114 4259 37122 15993 12937 11408 1297 984 313 19959 474 10685 364733 336280 209378 195298 40664 33767 126902 10111 19485 1558
is_linear=0
shrinkage=0.03


Tree=110
num_leaves=31
num_cat=0
split_feature=3 3 3 4 7 4 11 5 3 4 9 3 9 1 0 1 5 11 7 9 3 9 5 11 6 11 5 9 7 4
split_gain=72.9612 11.0907 9.00373 3.75375 3.39457 3.8753 3.60036 3.18079 2.93097 3.40855 3.12653 3.11344 2.92021 2.7169 4.24284 3.92395 3.12597 2.96797 4.17725 5.47566 3.2463 2.67826 2.65053 2.61418 2.55109 2.54347 4.51587 2.51586 3.057 3.42518
threshold=6.2500000000000009 3.0500000000000003 10.850000000000003 1.5000000000000002 2.5000000000000004 3.5000000000000004 117.50000000000001 19.500000000000004 3.9500000000000006 2.5000000000000004 3.1500000000000008 5.0500000000000007 11.350000000000003 12.500000000000002 5.5000000000000009 8.5000000000000018 18.500000000000004 28.500000000000004 6.5000000000000009 4.1500000000000012 6.6500000000000012 7.3500000000000005 26.500000000000004 18.500000000000004 0.53452380952380962 17.500000000000004 5.5000000000000009 6.5500000000000007 11.500000000000002 3.5000000000000004
decision_type=2 2 2 2 2 2 2 2 2 2 2 2 2 2 2 2 2 2 2 2 2 2 2 2 2 2 2 2 2 2
left_child=1 3 13 -1 5 6 7 -3 -6 24 23 -12 21 14 17 16 -16 18 19 -2 -21 25 -15 -11 -10 26 -5 -4 29 -29
right_child=2 4 27 12 8 -7 -8 -9 9 10 11 -13 -14 22 15 -17 -18 -19 -20 20 -22 -23 -24 -25 -26 -27 -28 28 -30 -31
leaf_value=0.00075465811202598643 -0.0014249299736565587 -1.7918545031974123e-05 -0.00085106478638213021 -0.0048307176634358861 0.00070384912940510207 0.0015382899863597675 -0.0016421336275013439 -0.0015735672287484433 6.5254896095996744e-05 -0.0037563557640231887 0.0012350192162155901 0.00032137353267232982 0.0035560319892632801 -0.00069831871787725988 0.0013994781688291614 1.9323528190043242e-05 -0.00099298386189041929 -0.00051641240658855531 -0.00097227424919527224 0.0018998791512931964 0.00030564172946313827 -0.0012933000395725478 0.0026743542911293354 -0.00030885072926223675 -0.00081613483805257291 0.0021897306661672533 0.002900520166752683 0.0014249777745987686 -0.00067345942820410114 -0.00049455682455760313
leaf_weight=26668 1529 17438 28453 135 12745 1170 1519 1269 13166 232 4696 11771 711 10471 3692 11855 567 21129 3056 1297 10111 299 214 1349 3811 1685 137 840 126902 208538
leaf_count=26668 1529 17438 28453 135 12745 1170 1519 1269 13166 232 4696 11771 711 10471 3692 11855 567 21129 3056 1297 10111 299 214 1349 3811 1685 137 840 126902 208538
internal_value=-0.000353239 0.000381694 -0.000522634 0.000867278 0.000173639 -0.000140396 -0.000237502 -0.000123447 0.000314294 0.000172542 0.000459576 0.000581924 0.00187953 -0.000194203 -0.000106579 0.000299921 0.00108097 -0.000283034 2.52922e-05 0.000260939 0.000486894 0.00135116 -0.000630771 -0.000814746 -0.0001326 0.0017552 -0.000936675 -0.000580193 -0.000557274 -0.000486856
internal_weight=527455 98801 428654 29635 69166 21396 20226 18707 47770 35025 18048 16467 2967 63921 53236 16114 4259 37122 15993 12937 11408 2256 10685 1581 16977 1957 272 364733 336280 209378
internal_count=527455 98801 428654 29635 69166 21396 20226 18707 47770 35025 18048 16467 2967 63921 53236 16114 4259 37122 15993 12937 11408 2256 10685 1581 16977 1957 272 364733 336280 209378
is_linear=0
shrinkage=0.03


Tree=111
num_leaves=31
num_cat=0
split_feature=3 3 3 9 11 5 0 9 6 11 1 9 1 2 9 3 6 3 11 3 6 8 9 5 3 6 6 5 6 9
split_gain=69.4249 10.6461 8.501 3.23381 3.53405 3.3136 3.92771 3.27937 3.71287 3.0787 3.62794 2.75834 2.66301 4.36887 3.72552 5.92113 4.16879 3.11852 2.89321 3.66723 5.26299 2.61134 4.36568 3.36888 3.34228 3.2033 4.06077 2.54702 2.49695 2.49503
threshold=6.2500000000000009 3.0500000000000003 12.15 8.3500000000000032 139.50000000000003 7.5000000000000009 1.5000000000000002 8.5500000000000025 0.4156504065040651 11.500000000000002 2.5000000000000004 12.15 1.5000000000000002 58.750000000000007 5.9500000000000011 4.8500000000000005 0.48858329008822005 4.2500000000000009 18.500000000000004 3.3500000000000001 0.26352339181286555 1.5000000000000002 2.9500000000000006 7.5000000000000009 5.5500000000000007 0.26138716356107666 0.47140522875816998 17.500000000000004 0.24283374283374287 7.1500000000000012
decision_type=2 2 2 2 2 2 2 2 2 2 2 2 2 2 2 2 2 2 2 2 2 2 2 2 2 2 2 2 2 2
left_child=1 -1 -2 4 9 -5 11 8 -8 10 -3 -7 13 14 -11 17 -17 -16 21 20 -20 27 -23 -24 25 -25 -27 -14 29 -21
right_child=2 3 -4 5 -6 6 7 -9 -10 12 -12 -13 18 -15 15 16 -18 -19 19 28 -22 22 23 24 -26 26 -28 -29 -30 -31
leaf_value=0.00084926462178944835 -0.00022238961076357725 -0.0031481084388655582 -0.00057098366708848206 0.00062637070361190215 -0.0011774905442623351 -0.0041622696620113447 0.0078449442556926176 5.7617124889260494e-05 0.00016432025083681429 5.8490325977012375e-05 0.0026908592638535621 -0.00072371886844195207 -0.001528601215664963 0.0075377416096884635 0.0022265009200427592 0.0094114059686660756 0.0018742552854247013 -0.0035472594480961562 0.0049140982850865052 -0.0012728243449891645 0.00064189520199682472 0.0064003771894118365 -0.0013638391343338532 0.0041749648193278944 -0.0023858093271161068 -0.0010867757372249511 0.0024791366529464719 -0.0067914359723584032 5.0034058715565446e-05 0.0010894221698100142
leaf_weight=29635 76677 111 351977 20040 2203 318 105 8873 123 1974 698 618 1181 87 246 150 118 128 286 2437 2803 85 1862 249 303 676 500 89 22421 482
leaf_count=29635 76677 111 351977 20040 2203 318 105 8873 123 1974 698 618 1181 87 246 150 118 128 286 2437 2803 85 1862 249 303 676 500 89 22421 482
internal_value=-0.000343388 0.000373513 -0.000508628 0.000169671 -1.02668e-05 0.000403523 -4.1416e-05 0.000148903 0.00370145 5.94452e-05 0.00188972 -0.00189194 1.84027e-05 0.000924079 0.00070413 0.00268932 0.00609281 0.000250455 -5.49491e-05 6.15465e-05 0.00103744 -0.000724687 -0.000319418 -0.000478522 0.000475448 0.00108384 0.000429343 -0.00189741 -5.74174e-05 -0.000882758
internal_weight=527455 98801 428654 69166 39089 30077 10037 9101 228 36886 809 936 36077 2703 2616 642 268 374 33374 28429 3089 4945 3675 3590 1728 1425 1176 1270 25340 2919
internal_count=527455 98801 428654 69166 39089 30077 10037 9101 228 36886 809 936 36077 2703 2616 642 268 374 33374 28429 3089 4945 3675 3590 1728 1425 1176 1270 25340 2919
is_linear=0
shrinkage=0.03


Tree=112
num_leaves=31
num_cat=0
split_feature=3 3 3 4 4 3 4 10 1 0 0 6 8 6 0 7 11 1 7 3 6 8 11 6 8 8 5 10 6 5
split_gain=66.055 10.1868 8.06303 3.71767 3.26076 4.44302 3.25604 2.90274 2.65622 4.52321 4.12242 4.12917 6.28446 2.91156 2.6477 4.07832 2.89026 3.43879 2.60341 2.98286 4.60711 3.1315 2.597 4.71463 3.13563 2.52229 3.20403 2.482 2.90243 2.55916
threshold=6.2500000000000009 3.0500000000000003 10.850000000000003 1.5000000000000002 1.5000000000000002 4.0500000000000007 2.5000000000000004 3.5000000000000004 5.5000000000000009 5.5000000000000009 3.5000000000000004 0.87867647058823539 3.5000000000000004 0.52440476190476204 3.5000000000000004 1.5000000000000002 62.500000000000007 13.500000000000002 5.5000000000000009 4.1500000000000012 0.55718954248366026 10.500000000000002 35.500000000000007 0.36451048951048953 1.5000000000000002 12.500000000000002 21.500000000000004 14.500000000000002 0.24283374283374287 10.500000000000002
decision_type=2 2 2 2 2 2 2 2 2 2 2 2 2 2 2 2 2 2 2 2 2 2 2 2 2 2 2 2 2 2
left_child=1 3 22 27 14 8 -7 -5 10 -10 -6 12 -12 -14 -3 16 17 -16 19 20 -8 -21 23 24 -2 -24 -27 28 -1 -30
right_child=2 4 -4 7 5 6 18 -9 9 -11 11 -13 13 -15 15 -17 -18 -19 -20 21 -22 -23 25 -25 -26 26 -28 -29 29 -31
leaf_value=0.0024785143202427154 -0.0016097523074997356 -0.00095855859407982102 -0.00054946975975512569 0.00080845320609140099 0.00076970649187157797 -0.00017275119166553673 0.00024233191839756409 0.0026932745494034028 -0.00072904343087139961 0.00083045967159923084 -0.00018617137138076165 0.0068582511604156184 0.0052677561428501156 -7.7632116644006023e-05 -0.0014993787224752357 0.00029607420573131248 -0.0037402023027714032 0.0044284469139910191 0.0007747016493966077 -2.6184111886299123e-06 0.008526638755574821 0.0026510548287064489 -0.00033125463357103847 -0.00041609372942815392 0.00040220454178966204 -0.0012147319760728388 -0.0063912125694470141 0.00017829125855566537 0.00097353761821879952 0.00014153060236634575
leaf_weight=967 726 3704 364733 1346 4100 20007 163 1621 2334 5918 581 184 469 114 498 6508 399 107 8312 15261 96 411 31258 13557 17548 705 127 5943 15523 4235
leaf_count=967 726 3704 364733 1346 4100 20007 163 1621 2334 5918 581 184 469 114 498 6508 399 107 8312 15261 96 411 31258 13557 17548 705 127 5943 15523 4235
internal_value=-0.000333821 0.000365464 -0.000495001 0.000830838 0.000166068 0.000256689 0.000110526 0.00183821 0.000728785 0.000389369 0.00124289 0.00268211 0.00202196 0.00422252 -0.000302143 2.15207e-05 -0.00175815 -0.000450986 0.000344306 0.000119746 0.00331296 6.69745e-05 -0.000184199 7.79813e-06 0.000322272 -0.000374647 -0.00200489 0.000718761 0.000873743 0.000795202
internal_weight=527455 98801 428654 29635 69166 57950 44250 2967 13700 8252 5448 1348 1164 583 11216 7512 1004 605 24243 15931 259 15672 63921 31831 18274 32090 832 26668 20725 19758
internal_count=527455 98801 428654 29635 69166 57950 44250 2967 13700 8252 5448 1348 1164 583 11216 7512 1004 605 24243 15931 259 15672 63921 31831 18274 32090 832 26668 20725 19758
is_linear=0
shrinkage=0.03


Tree=113
num_leaves=31
num_cat=0
split_feature=4 5 11 2 7 11 10 2 11 10 11 0 1 0 1 11 10 11 1 10 1 7 8 4 1 0 7 7 8 2
split_gain=57.8284 5.97612 7.06721 5.61604 4.27544 3.61052 3.29814 6.09545 5.37278 4.22581 3.61171 3.60518 3.28087 10.3271 3.38007 3.37299 3.22864 3.88127 3.2107 3.11864 4.09773 3.11481 3.09883 3.19945 4.19213 5.06805 3.62465 2.92764 3.00352 2.80328
threshold=4.5000000000000009 7.5000000000000009 84.500000000000014 57.750000000000007 3.5000000000000004 6.5000000000000009 9.5000000000000018 55.750000000000007 126.50000000000001 1.5000000000000002 17.500000000000004 7.5000000000000009 9.5000000000000018 5.5000000000000009 5.5000000000000009 30.500000000000004 11.500000000000002 103.50000000000001 1.5000000000000002 7.5000000000000009 1.5000000000000002 11.500000000000002 4.5000000000000009 2.5000000000000004 6.5000000000000009 5.5000000000000009 1.5000000000000002 2.5000000000000004 12.500000000000002 55.750000000000007
decision_type=2 2 2 2 2 2 2 2 2 2 2 2 2 2 2 2 2 2 2 2 2 2 2 2 2 2 2 2 2 2
left_child=1 6 3 5 -4 -3 8 12 9 10 -1 -9 13 14 -8 -14 17 21 -10 -7 -21 -2 -11 -24 25 -25 -26 -5 -29 -20
right_child=16 2 4 27 -6 19 7 11 18 22 -12 -13 15 -15 -16 -17 -18 -19 29 20 -22 -23 23 24 26 -27 -28 28 -30 -31
leaf_value=-0.0023863544470373393 -0.00034279496810435433 0.0032039155389951622 -0.001779315352291388 -1.1913956076150826e-05 -0.00033407002872013847 2.6852288373517743e-05 0.00049520135043251636 -0.00074141074985791162 0.0025681642654765031 0.000483118927583082 7.0717553747004407e-05 0.00085010631440353326 -0.0010457298148101686 0.0019832062389118928 -0.00051525923908484297 0.00026084585851547751 -0.00063275819514846518 -0.00076291333046345363 -0.0016507975328535695 -0.0029772544326563061 -0.00043484431518342687 -0.00063928822239594965 0.0016278916372447307 0.0012073277689319097 -0.0041142601028762082 0.0068144955722898833 0.00026716302900478762 0.0013280300331315682 -0.0028589852421351198 1.262116155006839e-05
leaf_weight=583 156074 299 3103 2713 4534 32873 10306 9021 266 32086 7041 1493 2629 3677 4191 5495 148453 31340 1884 616 7733 40078 4986 3698 176 151 4930 5100 159 1767
leaf_count=583 156074 299 3103 2713 4534 32873 10306 9021 266 32086 7041 1493 2629 3677 4191 5495 148453 31340 1884 616 7733 40078 4986 3698 176 151 4930 5100 159 1767
internal_value=-0.000324511 0.000170301 -7.18675e-05 5.92023e-05 -0.00092129 -8.08255e-05 0.000316891 9.5116e-05 0.000458705 0.000537015 -0.000117172 -0.000515414 0.000339207 0.000563241 0.000203083 -0.000161974 -0.000523926 -0.000452906 -0.000613906 -0.000104651 -0.000622427 -0.000403375 0.000645376 0.00101882 0.000679697 0.0014273 0.000116139 0.000788516 0.00120144 -0.000845741
internal_weight=527455 151510 57130 49493 7637 41521 94380 36812 57568 53651 7624 10514 26298 18174 14497 8124 375945 227492 3917 41222 8349 196152 46027 13941 8955 3849 5106 7972 5259 3651
internal_count=527455 151510 57130 49493 7637 41521 94380 36812 57568 53651 7624 10514 26298 18174 14497 8124 375945 227492 3917 41222 8349 196152 46027 13941 8955 3849 5106 7972 5259 3651
is_linear=0
shrinkage=0.03


Tree=114
num_leaves=31
num_cat=0
split_feature=3 3 3 4 4 3 0 1 1 0 11 0 5 10 8 7 5 4 4 1 3 10 11 7 1 0 0 5 8 2
split_gain=60.4496 9.58666 7.76176 3.63829 3.54091 3.1729 3.12875 7.70569 7.31076 5.55054 3.89958 3.61414 3.56717 3.50459 5.65785 3.14021 2.96429 2.89483 2.85348 3.72902 3.23806 2.81413 2.63483 3.53698 2.54709 4.28567 3.96998 3.02184 5.85545 2.98838
threshold=5.5500000000000007 9.6500000000000004 3.0500000000000003 1.5000000000000002 1.5000000000000002 4.0500000000000007 4.5000000000000009 10.500000000000002 4.5000000000000009 5.5000000000000009 19.500000000000004 3.5000000000000004 18.500000000000004 8.5000000000000018 3.5000000000000004 5.5000000000000009 26.500000000000004 3.5000000000000004 3.5000000000000004 1.5000000000000002 16.750000000000004 3.5000000000000004 12.500000000000002 2.5000000000000004 5.5000000000000009 5.5000000000000009 3.5000000000000004 4.5000000000000009 3.5000000000000004 56.750000000000007
decision_type=2 2 2 2 2 2 2 2 2 2 2 2 2 2 2 2 2 2 2 2 2 2 2 2 2 2 2 2 2 2
left_child=2 6 3 -1 22 24 8 9 11 -8 -11 16 -12 -10 15 -15 -2 -7 19 -3 -21 -5 23 -4 26 -26 -6 -28 -29 -27
right_child=1 18 4 21 5 17 7 -9 13 10 12 -13 -14 14 -16 -17 -18 -19 -20 20 -22 -23 -24 -25 25 29 27 28 -30 -31
leaf_value=0.00069785044999266246 -7.5629244586466156e-05 -0.0034768828043003673 0.0073020897712558503 0.00079136589674966165 0.00074616389027455958 9.4044539747462243e-05 -3.9974530972697146e-05 -0.00036332096394869391 -0.00060443601120673256 -0.0003378301334334988 0.0015556975799390221 0.0012164540721006714 -0.00044436220499928649 -0.0028331112892278363 -0.0012171711131213183 -0.0073853943347930908 -0.0024594077671536746 0.0014958084485700784 -0.00052099334398369936 0.00062637458012637073 0.0064665366592032182 0.0026471948509164804 -0.00033749007874689076 -0.00020755890077047974 -0.00071393658404638339 0.0011921410911598139 0.0042016907822136854 -0.00083267885673741061 0.0045932786066994616 -0.00036701514770688443
leaf_weight=26668 16792 194 96 1346 4100 29194 8317 18135 6843 1551 6635 1962 913 389 2805 210 483 1389 374918 2138 89 1621 10930 137 2334 4445 603 446 299 1473
leaf_count=26668 16792 194 96 1346 4100 29194 8317 18135 6843 1551 6635 1962 913 389 2805 210 483 1389 374918 2138 89 1621 10930 137 2334 4445 603 446 299 1473
internal_value=-0.000315539 -0.000456385 0.000416786 0.000808725 0.000207302 0.000327671 -0.000119988 6.95081e-05 -0.000348478 0.000520206 0.00103224 -3.70002e-06 0.00131377 -0.000995739 -0.00178237 -0.00442907 -0.000142278 0.000157709 -0.000514364 0.000512266 0.000859771 0.00180529 -0.000270196 0.00288655 0.000707083 0.000374712 0.00121052 0.00262287 0.00134499 0.000804065
internal_weight=527455 442374 85081 29635 55446 44283 65035 35551 29484 17416 9099 19237 7548 10247 3404 599 17275 30583 377339 2421 2227 2967 11163 233 13700 8252 5448 1348 745 5918
internal_count=527455 442374 85081 29635 55446 44283 65035 35551 29484 17416 9099 19237 7548 10247 3404 599 17275 30583 377339 2421 2227 2967 11163 233 13700 8252 5448 1348 745 5918
is_linear=0
shrinkage=0.03


Tree=115
num_leaves=31
num_cat=0
split_feature=3 3 4 1 4 11 9 11 1 5 0 9 4 2 2 0 1 1 0 11 7 5 2 11 7 1 5 0 0 4
split_gain=57.5716 9.3772 6.71859 4.22303 3.836 3.4237 3.10755 3.50778 3.67906 3.09351 3.51944 3.75431 2.996 2.95164 3.00125 2.84113 5.75475 3.48032 4.21774 3.33836 3.31545 3.15359 3.09434 2.76541 2.76323 2.65548 4.08225 3.33406 3.17459 2.64164
threshold=6.2500000000000009 3.1500000000000008 5.5000000000000009 12.500000000000002 1.5000000000000002 26.500000000000004 8.3500000000000032 11.500000000000002 2.5000000000000004 7.5000000000000009 1.5000000000000002 10.15 3.5000000000000004 54.250000000000007 57.750000000000007 5.5000000000000009 8.5000000000000018 4.5000000000000009 2.5000000000000004 62.500000000000007 12.500000000000002 7.5000000000000009 56.750000000000007 16.500000000000004 12.500000000000002 5.5000000000000009 33.500000000000007 3.5000000000000004 5.5000000000000009 1.5000000000000002
decision_type=2 2 2 2 2 2 2 2 2 2 2 2 2 2 2 2 2 2 2 2 2 2 2 2 2 2 2 2 2 2
left_child=1 4 3 15 -1 -6 7 8 -3 -8 -11 -12 -13 -14 -15 17 23 18 21 20 -19 -2 -22 -17 25 27 28 -9 -27 -29
right_child=2 6 -4 -5 5 -7 9 24 -10 10 11 12 13 14 -16 16 -18 19 -20 -21 22 -23 -24 -25 -26 26 -28 29 -30 -31
leaf_value=0.00064916755032748104 4.8861698855444596e-05 -0.0031027605646365398 -0.00051866702397401353 -0.00069512421220698254 0.00048568174416472129 0.0023537275198010294 0.00059518861899009114 6.2755388607608974e-05 0.0027946613922782007 -0.0018312162957342926 0.0014295386207632569 -0.00035902495900562523 0.0054978760286253318 -0.00055797512442977328 0.0047761330417087 -0.00041858870649347566 -0.00016173351136950854 -0.00017178134769597938 0.00056272821529633867 -0.0009731163167518847 -0.0013168728384976476 -0.00073837894691569888 -0.0065220911955604184 0.0011610419431734654 -0.0020012690614570269 -0.0007149322656654722 -0.0059525902409638676 -0.0017717493344575931 3.846211149112174e-05 0.0015722438935206456
leaf_weight=27985 11549 111 338097 14593 1398 2397 19500 10830 669 913 1623 6641 147 405 124 1217 16746 15778 7843 9092 491 7589 130 5529 660 7526 112 234 15200 2326
leaf_count=27985 11549 111 338097 14593 1398 2397 19500 10830 669 913 1623 6641 147 405 124 1217 16746 15778 7843 9092 491 7589 130 5529 660 7526 112 234 15200 2326
internal_value=-0.000306726 0.000346112 -0.000457199 -0.000227708 0.000770542 0.00166558 0.000144856 -3.54723e-05 0.00195541 0.000376268 -5.69974e-05 0.000124195 -0.000165346 0.00173735 0.000692364 -0.000137915 0.000136284 -0.000260676 -2.31932e-05 -0.000512039 -0.000256407 -0.000263311 -0.00240653 0.000876072 -7.75698e-05 -4.25239e-05 -0.000239191 0.000292912 -0.000211034 0.00126658
internal_weight=527455 98801 428654 90557 31780 3795 67021 37668 780 29353 9853 8940 7317 676 529 75964 23492 52472 26981 25491 16399 19138 621 6746 36888 36228 22838 13390 22726 2560
internal_count=527455 98801 428654 90557 31780 3795 67021 37668 780 29353 9853 8940 7317 676 529 75964 23492 52472 26981 25491 16399 19138 621 6746 36888 36228 22838 13390 22726 2560
is_linear=0
shrinkage=0.03


Tree=116
num_leaves=31
num_cat=0
split_feature=3 3 3 4 4 11 9 0 1 1 0 11 0 10 9 7 9 9 3 6 6 4 1 3 9 4 7 9 7 7
split_gain=54.9443 8.64035 7.15735 3.49261 3.34033 3.20199 3.73598 2.98413 7.20207 6.80934 5.11466 3.65341 3.34748 3.31587 5.77805 3.27588 3.04619 2.78439 2.77834 3.94381 2.79048 2.68349 3.56849 3.12872 2.68912 5.60453 2.65204 2.63351 2.5734 2.56204
threshold=5.5500000000000007 9.6500000000000004 3.0500000000000003 1.5000000000000002 1.5000000000000002 117.50000000000001 13.350000000000003 4.5000000000000009 10.500000000000002 4.5000000000000009 5.5000000000000009 19.500000000000004 3.5000000000000004 8.5000000000000018 6.1500000000000012 5.5000000000000009 3.8500000000000001 11.350000000000003 4.2500000000000009 0.8047619047619049 0.28035087719298252 3.5000000000000004 1.5000000000000002 16.750000000000004 21.650000000000002 5.5000000000000009 11.500000000000002 7.3500000000000005 2.5000000000000004 9.5000000000000018
decision_type=2 2 2 2 2 2 2 2 2 2 2 2 2 2 2 2 2 2 2 2 2 2 2 2 2 2 2 2 2 2
left_child=2 7 3 -1 -4 6 18 9 10 12 16 -12 -2 -11 15 -15 -9 27 20 -20 -6 22 -3 -24 -23 -26 28 -5 -27 -22
right_child=1 21 4 17 5 -7 -8 8 -10 13 11 -13 -14 14 -16 -17 -18 -19 19 -21 29 24 23 -25 25 26 -28 -29 -30 -31
leaf_value=0.00066779636854573973 -0.00013680958606399778 -0.003394209370785153 -0.00026488042252578264 0.0016375467576521128 0.0016783436737010848 -0.0002613635869361887 0.00098589119033026806 0.001432208471154437 -0.00034642054331608305 -0.00058023431318363354 -0.00032685512788521709 0.0012717653126329989 0.0011708376422205466 -0.0030073090772474967 -0.0012307081079669996 -0.0082820627056293603 -0.00025542679240463377 0.0033898852451729983 0.00017803301941672498 -0.0012923720170655978 0.00050304685184684203 -0.00061366274056535541 0.00061865635725022244 0.0063593713487132206 8.8081195175746454e-05 -0.0010902125537815715 -0.00058647917450480155 -0.0013853759333774772 -0.00036194515134241101 -0.0022372293392378447
leaf_weight=26668 17275 194 11163 1957 1871 7237 8377 1111 18135 6843 1551 7548 1962 310 2933 161 7206 711 14831 1846 9804 116330 2138 89 16906 4521 109096 299 128065 317
leaf_count=26668 17275 194 11163 1957 1871 7237 8377 1111 18135 6843 1551 7548 1962 310 2933 161 7206 711 14831 1846 9804 116330 2138 89 16906 4521 109096 299 128065 317
internal_value=-0.000298122 -0.000432402 0.000400059 0.000776428 0.000198896 0.000315807 0.000428558 -0.000113039 7.20254e-05 -0.000336185 0.000507746 0.000999267 -3.4414e-06 -0.000960856 -0.00172601 -0.00481036 -2.99894e-05 0.00175283 0.000265706 1.52719e-05 0.00061398 -0.000487445 0.000508135 0.000848079 -0.000493874 -0.000439985 -0.000476924 0.0012369 -0.000386778 0.000417219
internal_weight=527455 442374 85081 29635 55446 44283 37046 65035 35551 29484 17416 9099 19237 10247 3404 471 8317 2967 28669 16677 11992 377339 2421 2227 374918 258588 241682 2256 132586 10121
internal_count=527455 442374 85081 29635 55446 44283 37046 65035 35551 29484 17416 9099 19237 10247 3404 471 8317 2967 28669 16677 11992 377339 2421 2227 374918 258588 241682 2256 132586 10121
is_linear=0
shrinkage=0.03


Tree=117
num_leaves=31
num_cat=0
split_feature=3 3 3 4 4 1 0 1 1 0 11 0 2 10 9 7 9 11 7 11 0 3 7 4 3 1 9 9 10 9
split_gain=52.3009 8.17709 6.8785 3.41955 3.20188 3.82786 2.83501 6.85099 6.46484 4.86481 3.47431 3.18388 3.18347 3.14293 5.45351 3.0887 2.89849 2.8337 2.87382 5.8976 3.32486 3.62329 3.05087 3.30582 3.70517 3.62678 3.55654 3.31977 3.09207 3.08544
threshold=5.5500000000000007 9.6500000000000004 3.0500000000000003 1.5000000000000002 2.5000000000000004 8.5000000000000018 4.5000000000000009 10.500000000000002 4.5000000000000009 5.5000000000000009 19.500000000000004 3.5000000000000004 56.250000000000007 8.5000000000000018 6.1500000000000012 5.5000000000000009 3.8500000000000001 8.5000000000000018 3.5000000000000004 118.50000000000001 3.5000000000000004 3.7500000000000004 10.500000000000002 1.5000000000000002 3.8500000000000001 2.5000000000000004 4.3500000000000005 35.250000000000007 2.5000000000000004 15.350000000000003
decision_type=2 2 2 2 2 2 2 2 2 2 2 2 2 2 2 2 2 2 2 2 2 2 2 2 2 2 2 2 2 2
left_child=2 6 3 -1 17 -6 8 9 11 16 -11 -2 -12 -10 15 -15 -8 -4 19 -19 22 -22 23 -20 -25 28 -27 -28 -26 -30
right_child=1 -3 4 -5 5 -7 7 -9 13 10 12 -13 -14 14 -16 -17 -18 18 20 -21 21 -23 -24 24 25 26 27 -29 29 -31
leaf_value=0.00065291054850126267 -0.00013342017259680586 -0.00047430054722659052 0.0019150026970896226 0.0017265400958536873 0.00094088635102129671 -5.5714945178519472e-05 0.0013971517627352963 -0.00033780818137381071 -0.00056567074488464647 -0.00031856383645557571 0.0016371866062967824 0.0011418713624688828 0.0002837753454808245 -0.0029268645153891653 -0.0011999753954830812 -0.0080487005199704857 -0.00024906132280280648 -9.1900723410501123e-05 -0.001208726433210803 -0.0021793606759263917 0.0012666496032263798 0.00020448312691469171 -0.0013251676762660964 0.0022723068967461586 -0.0011389622724131692 0.0013438158835036844 -0.0026232509517726578 0.0037014565307919569 0.0036107226832994247 -0.00081456353523067589
leaf_weight=26668 17275 377339 725 2967 9345 5516 1111 18135 6843 1551 5335 1962 2213 310 2933 161 7206 19334 1197 1300 4345 8634 1798 900 316 395 838 82 527 194
leaf_count=26668 17275 377339 725 2967 9345 5516 1111 18135 6843 1551 5335 1962 2213 310 2933 161 7206 19334 1197 1300 4345 8634 1798 900 316 395 838 82 527 194
internal_value=-0.000289744 -0.000420754 0.000391436 0.0007604 0.00019423 0.000570975 -0.00011007 7.03114e-05 -0.00032757 0.00049528 0.000974645 -3.35197e-06 0.00124038 -0.000936233 -0.00168117 -0.00467764 -2.91572e-05 5.62778e-05 2.24701e-05 -0.000223417 0.000286364 0.000560066 -0.00028229 0.000139174 0.000635311 8.90981e-06 -0.00103723 -0.00205953 0.0013355 0.00242001
internal_weight=527455 442374 85081 29635 55446 14861 65035 35551 29484 17416 9099 19237 7548 10247 3404 471 8317 40585 39860 20634 19226 12979 6247 4449 3252 2352 1315 920 1037 721
internal_count=527455 442374 85081 29635 55446 14861 65035 35551 29484 17416 9099 19237 7548 10247 3404 471 8317 40585 39860 20634 19226 12979 6247 4449 3252 2352 1315 920 1037 721
is_linear=0
shrinkage=0.03


Tree=118
num_leaves=31
num_cat=0
split_feature=3 3 3 4 10 4 4 1 1 9 2 3 0 5 0 2 2 5 1 2 2 7 9 9 8 1 0 7 1 0
split_gain=49.9448 10.6928 4.42301 4.26851 3.60618 3.25753 3.03806 3.24738 3.19662 2.69333 3.11637 3.09752 2.64179 2.59483 2.56341 3.54578 2.53512 2.48653 3.85005 4.5357 2.61313 2.45773 4.90607 3.96635 3.47256 3.3944 4.48267 4.33484 4.15914 5.43579
threshold=4.7500000000000009 9.4500000000000011 2.8500000000000001 2.5000000000000004 1.5000000000000002 1.5000000000000002 3.5000000000000004 1.5000000000000002 6.5000000000000009 10.750000000000002 54.250000000000007 26.550000000000004 4.5000000000000009 22.500000000000004 7.5000000000000009 59.250000000000007 57.750000000000007 4.5000000000000009 12.500000000000002 53.500000000000007 55.750000000000007 1.5000000000000002 10.15 8.3500000000000032 1.5000000000000002 2.5000000000000004 2.5000000000000004 6.5000000000000009 4.5000000000000009 4.5000000000000009
decision_type=2 2 2 2 2 2 2 2 2 2 2 2 2 2 2 2 2 2 2 2 2 2 2 2 2 2 2 2 2 2
left_child=2 21 5 4 13 -1 7 -3 12 10 -8 -11 -9 -4 -6 17 -10 18 20 -20 -16 22 23 -2 -23 27 -27 -26 -28 -30
right_child=1 6 3 -5 14 -7 9 8 16 11 -12 -13 -14 -15 15 -17 -18 -19 19 -21 -22 24 -24 -25 25 26 28 -29 29 -31
leaf_value=0.00070109958015458285 -0.00040690849794281853 -0.0029577433447772212 -0.00053285576743300066 0.0010701533936452337 0.00017016040603496692 0.0020905199533676152 -0.00096238258189712609 0.0015156514412087644 -0.0003706575810555009 -0.00027393988381980945 -0.00050349435159229613 -0.00048808460533882362 0.005821424483858197 -0.0052442066868146255 0.00093994097556303997 -0.0036327915742993353 0.004803094208895505 0.0016526673205072909 0.0047856019756623673 -0.001183268593659601 0.0049877590727266949 -0.00069571047835350036 -0.0022031591485088837 0.0028334818447435369 0.0010712158118828447 -0.00099565515867515485 0.00081968019171757989 -0.00023937320085290251 -0.00067297909902926621 0.00011340038107911503
leaf_weight=23625 6750 218 4074 5509 28417 1623 19531 851 1346 82211 41878 233325 151 108 515 150 91 2705 126 1264 199 6250 1372 358 5890 4136 5386 3697 10178 35521
leaf_count=23625 6750 218 4074 5509 28417 1623 19531 851 1346 82211 41878 233325 151 108 515 150 91 2705 126 1264 199 6250 1372 358 5890 4136 5386 3697 10178 35521
internal_value=-0.000281666 -0.000394272 0.000475146 0.00029032 0.000175934 0.000790415 -0.000460542 0.000550336 0.000863891 -0.000467667 -0.000649443 -0.00043229 0.00216453 -0.000654526 0.00027999 0.00090936 -4.30226e-05 0.00105104 0.000277551 -0.000642206 0.00206811 -7.79928e-05 -0.000560729 -0.000243704 -2.03835e-05 4.47442e-05 -4.57203e-05 0.000565818 3.11894e-05 -6.17407e-05
internal_weight=527455 459140 68315 43067 37558 25248 379602 2657 2439 376945 61409 315536 1002 4182 33376 4959 1437 4809 2104 1390 714 79538 8480 7108 71058 64808 55221 9587 51085 45699
internal_count=527455 459140 68315 43067 37558 25248 379602 2657 2439 376945 61409 315536 1002 4182 33376 4959 1437 4809 2104 1390 714 79538 8480 7108 71058 64808 55221 9587 51085 45699
is_linear=0
shrinkage=0.03


Tree=119
num_leaves=31
num_cat=0
split_feature=4 10 10 11 1 11 9 7 2 9 9 6 6 6 9 11 11 11 6 4 2 2 10 10 9 9 9 7 2 6
split_gain=42.693 4.79901 4.15672 8.70164 4.17932 3.86104 3.60106 4.5703 3.56849 3.89245 3.56138 4.23921 3.33983 3.55679 3.31031 3.8212 3.98283 3.57131 3.25314 3.46128 3.11014 3.057 2.89617 3.85191 2.83847 2.76596 2.72809 3.32573 2.81008 3.78964
threshold=4.5000000000000009 1.5000000000000002 7.5000000000000009 117.50000000000001 5.5000000000000009 22.500000000000004 93.15000000000002 10.500000000000002 53.500000000000007 9.1500000000000004 6.7500000000000009 0.54226190476190483 0.082650273224043724 0.091750841750841763 6.5500000000000007 56.500000000000007 21.500000000000004 82.500000000000014 0.16172624237140368 3.5000000000000004 52.500000000000007 55.250000000000007 11.500000000000002 3.5000000000000004 14.15 139.55000000000004 2.7500000000000004 1.5000000000000002 54.250000000000007 0.63245614035087727
decision_type=2 2 2 2 2 2 2 2 2 2 2 2 2 2 2 2 2 2 2 2 2 2 2 2 2 2 2 2 2 2
left_child=1 5 3 6 -5 8 7 12 9 -1 11 -9 14 -14 17 16 20 -3 21 -20 -16 -4 23 -2 -18 -23 28 -28 -7 -30
right_child=22 2 18 4 -6 26 -8 10 -10 -11 -12 -13 13 -15 15 -17 24 -19 19 -21 -22 25 -24 -25 -26 -27 27 -29 29 -31
leaf_value=-0.0054599501113765511 -0.00061756671040590094 -0.00078574226699773216 0.00044444021958749992 0.00026697583869796278 -0.0013969594275148277 -0.0011577307892309382 0.0028059161689729284 -0.00080440646029698349 -0.00082994591480298533 -0.00011993080889082326 0.00016663525281252251 -0.0044465979314599257 -0.0037268802595329794 0.00041623965357578773 -0.0043134979838910306 -0.00034718212066152019 0.0046459621742114621 0.0048630635639918696 -2.6391740325706211e-05 -0.00079578445874399365 0.0013749466046050335 -0.00036010087583855579 -0.00054816070431775322 -0.00031425791741296962 0.0020241834129912108 0.0037423537903471496 -0.0016523620457633544 -8.8031986327023065e-05 -0.00067196831253003842 0.0024624003000298694
leaf_weight=338 47674 1001 18768 2164 3650 470 568 1080 2715 193 2016 392 187 67783 92 703 677 112 20154 7122 1448 7231 148453 179818 824 151 1425 8634 506 1106
leaf_count=338 47674 1001 18768 2164 3650 470 568 1080 2715 193 2016 392 187 67783 92 703 677 112 20154 7122 1448 7231 148453 179818 824 151 1425 8634 506 1106
internal_value=-0.000273742 0.000151414 0.00020818 0.000341429 -0.000777634 -0.000350772 0.000426054 0.000408341 -0.00126984 -0.00351904 -0.000652491 -0.00177434 0.000459149 0.000404841 0.00121915 0.00164617 0.00210698 -0.000217309 1.9276e-06 -0.000227287 0.00103512 0.000241012 -0.000445084 -0.00037782 0.00320669 -0.000276185 -0.000105051 -0.000309642 0.000883413 0.00147854
internal_weight=527455 151510 136123 82697 5814 15387 76883 76315 3246 531 3488 1472 72827 67970 4857 3744 3041 1113 53426 27276 1540 26150 375945 227492 1501 7382 12141 10059 2082 1612
internal_count=527455 151510 136123 82697 5814 15387 76883 76315 3246 531 3488 1472 72827 67970 4857 3744 3041 1113 53426 27276 1540 26150 375945 227492 1501 7382 12141 10059 2082 1612
is_linear=0
shrinkage=0.03


Tree=120
num_leaves=31
num_cat=0
split_feature=4 5 11 2 11 10 2 9 9 11 0 11 9 4 1 0 11 1 9 10 11 11 5 10 6 0 11 11 9 9
split_gain=40.5291 5.37095 6.44609 5.25236 3.37966 2.99603 5.55369 5.08673 4.42509 4.2309 3.41664 3.18267 3.19852 3.16844 3.06411 9.16084 3.1624 2.93129 2.79466 2.78058 4.93568 2.83197 2.75403 3.01532 2.67249 2.65537 2.64834 3.02129 3.11335 3.95329
threshold=4.5000000000000009 7.5000000000000009 84.500000000000014 57.750000000000007 6.5000000000000009 9.5000000000000018 55.750000000000007 18.050000000000004 145.45000000000002 139.50000000000003 7.5000000000000009 97.500000000000014 29.050000000000004 3.5000000000000004 9.5000000000000018 5.5000000000000009 30.500000000000004 5.5000000000000009 10.750000000000002 1.5000000000000002 99.500000000000014 17.500000000000004 2.5000000000000004 1.5000000000000002 0.56594202898550738 3.5000000000000004 14.500000000000002 12.500000000000002 20.950000000000003 22.850000000000005
decision_type=2 2 2 2 2 2 2 2 2 2 2 2 2 2 2 2 2 2 2 2 2 2 2 2 2 2 2 2 2 2
left_child=1 5 3 4 25 7 14 9 10 19 -8 26 13 -13 15 17 -16 -7 -6 20 21 -1 -2 -24 -17 -3 27 -9 -29 -30
right_child=22 2 -4 -5 18 6 8 11 -10 -11 -12 12 -14 -15 16 24 -18 -19 -20 -21 -22 -23 23 -25 -26 -27 -28 28 29 -31
leaf_value=-0.0026738332995207784 -0.00055345882401750467 -0.00090198119245469568 -0.00089279113594952365 0.00074892876168289302 5.6638742214586546e-05 0.00045794373136120829 -0.00080057620627949078 0.0033927172862495167 0.0047717248360091384 -0.00082492600983372923 0.00075836803939004064 0.0032736720224842428 -0.0018175014903211871 -0.00205456334530123 -0.0010314520944147941 0.0023625980671836567 0.00023367909126888767 -0.000483047378687128 -0.00047065623894748025 0.00046632462211727567 0.0023169077992957979 -0.00027624578347101966 -0.00075375176207350303 -0.00035036450915722054 0.00055448859358607483 0.0050903075257662548 0.0015264964536761717 -0.0044846671618941443 0.0061693164977957224 -0.00067681705921521066
leaf_weight=483 117665 100 7637 7972 27816 10306 8898 193 141 2825 1475 300 632 151 2629 2660 5495 4191 13406 39363 632 5406 17921 240359 1017 199 6624 164 85 710
leaf_count=483 117665 100 7637 7972 27816 10306 8898 193 141 2825 1475 300 632 151 2629 2660 5495 4191 13406 39363 632 5406 17921 240359 1017 199 6624 164 85 710
internal_value=-0.000266215 0.000148026 -8.15538e-05 4.36239e-05 -9.17941e-05 0.000286995 7.56221e-05 0.000422159 -0.000507145 0.000301894 -0.0005789 0.0010834 -0.000440257 0.00148972 0.000308614 0.000525121 -0.000175729 0.000185909 -0.000114845 0.000371271 -0.000202509 -0.000472889 -0.000433159 -0.000378354 0.0018625 0.0030862 0.00129561 -3.19785e-05 -0.000721203 5.51595e-05
internal_weight=527455 151510 57130 49493 41521 94380 36812 57568 10514 48709 10373 8859 1083 451 26298 18174 8124 14497 41222 45884 6521 5889 375945 258280 3677 299 7776 1152 959 795
internal_count=527455 151510 57130 49493 41521 94380 36812 57568 10514 48709 10373 8859 1083 451 26298 18174 8124 14497 41222 45884 6521 5889 375945 258280 3677 299 7776 1152 959 795
is_linear=0
shrinkage=0.03


Tree=121
num_leaves=31
num_cat=0
split_feature=3 3 3 10 11 9 6 11 5 1 1 0 1 7 7 1 3 0 10 9 7 1 11 0 6 9 11 11 10 11
split_gain=44.665 8.83087 4.20441 3.41901 2.76105 8.38597 4.39178 2.73487 3.16481 2.74452 2.88009 5.43572 3.70709 2.63852 3.07159 4.12014 3.63712 5.16547 2.88549 2.81053 2.56829 3.02405 3.80896 3.76288 3.74349 3.01985 2.74967 2.65307 3.84642 3.33468
threshold=4.7500000000000009 9.4500000000000011 2.8500000000000001 1.5000000000000002 21.500000000000004 5.1500000000000012 0.55086206896551737 117.50000000000001 25.500000000000004 15.500000000000002 10.500000000000002 5.5000000000000009 6.5000000000000009 2.5000000000000004 11.500000000000002 8.5000000000000018 26.150000000000002 4.5000000000000009 4.5000000000000009 9.3500000000000032 2.5000000000000004 4.5000000000000009 26.500000000000004 3.5000000000000004 0.60990338164251223 1.7500000000000002 7.5000000000000009 28.500000000000004 9.5000000000000018 132.50000000000003
decision_type=2 2 2 2 2 2 2 2 2 2 2 2 2 2 2 2 2 2 2 2 2 2 2 2 2 2 2 2 2 2
left_child=2 7 -1 4 5 -4 -7 -2 9 10 11 12 -9 -3 15 16 17 -15 -16 -17 21 23 26 25 -25 -5 -23 28 -24 -29
right_child=1 13 3 20 -6 6 -8 8 -10 -11 -12 -13 -14 14 18 19 -18 -19 -20 -21 -22 22 27 24 -26 -27 -28 29 -30 -31
leaf_value=0.00076417692608137368 2.3468325629330952e-06 -0.00071238674403280408 -0.0054258151243960434 0.004190093656380971 -0.00014132056654751345 -0.0024323278240700984 0.0032264643815847539 -0.0002062180357091654 -0.0048415323787805989 0.0017278555508277863 -0.0012748944929982377 0.0011848493354661123 -0.0016871162635608782 -0.00017706022173061251 -0.0009787959801272365 -0.0008606806722930711 -0.0003474950754390694 0.00059071380847437575 -0.00047563651874112485 -0.00041326496141477753 0.00055204964043727904 0.0043269725595751112 -0.0012053915925839636 0.00085594199207280914 0.0063723679795861235 0.00020319614130578055 0.00025778324869237277 -0.00014994013875004755 -0.0056309265393896827 -0.002822044939116428
leaf_weight=25248 65822 26833 371 180 3857 235 260 5818 147 517 3249 1925 2060 36890 11212 14953 77615 10031 120522 81546 24781 155 838 248 200 3414 4177 3652 224 475
leaf_count=25248 65822 26833 371 180 3857 235 260 5818 147 517 3249 1925 2060 36890 11212 14953 77615 10031 120522 81546 24781 155 838 248 200 3414 4177 3652 224 475
internal_value=-0.000258895 -0.000365383 0.000456798 0.000276597 -0.000485024 -0.00201581 0.000539967 -7.7956e-05 -0.000463323 -0.000415892 -0.000500807 -0.000244252 -0.000593455 -0.000425607 -0.000403794 -0.000335454 -0.000221439 -1.29217e-05 -0.000518461 -0.000482594 0.000370409 3.85327e-05 -0.000253341 0.000726045 0.00331863 0.000402874 0.00040338 -0.000801599 -0.00213884 -0.000457488
internal_weight=527455 459140 68315 43067 4723 866 495 79538 13716 13569 13052 9803 7878 379602 352769 221035 124536 46921 131734 96499 38344 13563 9521 4042 448 3594 4332 5189 1062 4127
internal_count=527455 459140 68315 43067 4723 866 495 79538 13716 13569 13052 9803 7878 379602 352769 221035 124536 46921 131734 96499 38344 13563 9521 4042 448 3594 4332 5189 1062 4127
is_linear=0
shrinkage=0.03


Tree=122
num_leaves=31
num_cat=0
split_feature=3 3 3 4 4 6 0 5 11 7 5 5 4 4 11 9 6 7 3 9 4 11 5 2 7 9 8 6 6 5
split_gain=42.5396 8.35403 4.01949 4.0529 3.19151 3.02673 2.83911 3.60268 3.67792 3.435 4.24048 3.31711 2.75022 2.71188 3.32956 2.79153 4.20105 4.45892 2.62891 2.60242 4.76746 2.5983 3.00108 2.47075 2.42876 4.29748 4.2131 3.58064 5.23682 4.90255
threshold=4.7500000000000009 9.4500000000000011 2.8500000000000001 1.5000000000000002 1.5000000000000002 0.91987179487179505 3.5000000000000004 8.5000000000000018 56.500000000000007 1.5000000000000002 7.5000000000000009 11.500000000000002 3.5000000000000004 3.5000000000000004 22.500000000000004 4.5500000000000007 0.33072916666666669 5.5000000000000009 3.6500000000000008 21.650000000000002 5.5000000000000009 117.50000000000001 25.500000000000004 57.750000000000007 1.5000000000000002 10.15 1.5000000000000002 0.7947368421052633 0.6198686371100165 14.500000000000002
decision_type=2 2 2 2 2 2 2 2 2 2 2 2 2 2 2 2 2 2 2 2 2 2 2 2 2 2 2 2 2 2
left_child=2 21 4 5 -1 6 7 -4 11 10 -8 18 -5 14 15 -3 17 -17 -9 -15 23 24 -23 -21 25 -2 27 28 -26 -30
right_child=1 13 3 12 -6 -7 9 8 -10 -11 -12 -13 -14 19 -16 16 -18 -19 -20 20 -22 22 -24 -25 26 -27 -28 -29 29 -31
leaf_value=0.00065897517383052399 -0.0001812735969361329 -0.0032417793294718098 6.4814548496724893e-05 0.00044898330483331936 0.0020342440349565773 -0.001514514149783785 -0.0036998896443230264 -0.0012672667435764038 -0.0041284765161054074 0.00052559881486908123 0.00038069636455913345 0.00031326686985584044 0.0043807739944931885 -0.00053786020644792346 -0.00027547887181807423 -0.0014016715176852353 0.0050404167428743808 0.0040470383747627861 -0.0061041322715820797 1.5809737867661445e-05 -0.00040232356589102507 -0.00040541757597428832 -0.0047150597523669801 0.0014498986195714979 -0.00092876257542388397 -0.0020960555319988663 0.00014974456821838147 -0.0030766586636409108 0.00081417884932288647 0.0078335295573319537
leaf_weight=23625 6205 86 2499 29093 1623 1328 408 291 430 7422 523 757 161 117670 1670 332 341 228 155 16310 241807 13569 147 1158 4081 1271 52848 526 790 101
leaf_count=23625 6205 86 2499 29093 1623 1328 408 291 430 7422 523 757 161 117670 1670 332 341 228 155 16310 241807 13569 147 1158 4081 1271 52848 526 790 101
internal_value=-0.00025162 -0.000355543 0.000446837 0.000270643 0.000747381 -0.000152883 -8.04981e-06 -0.000651269 -0.0017471 0.000310133 -0.00140757 -0.000895904 0.000470622 -0.000414119 0.000540952 0.00192235 0.00241526 0.000816732 -0.00294824 -0.000420851 -0.000367748 -7.59842e-05 -0.000451606 0.000110879 2.28794e-06 -0.000506807 6.75194e-05 -0.000722847 -0.000473832 0.00160986
internal_weight=527455 459140 68315 43067 25248 13813 12485 4132 1633 8353 931 1203 29254 379602 2657 987 901 560 446 376945 259275 79538 13716 17468 65822 7476 58346 5498 4972 891
internal_count=527455 459140 68315 43067 25248 13813 12485 4132 1633 8353 931 1203 29254 379602 2657 987 901 560 446 376945 259275 79538 13716 17468 65822 7476 58346 5498 4972 891
is_linear=0
shrinkage=0.03


Tree=123
num_leaves=31
num_cat=0
split_feature=3 3 3 4 10 4 7 8 7 1 3 6 10 5 5 10 5 2 9 1 2 5 9 10 2 3 7 4 1 6
split_gain=40.5189 7.91123 3.85391 3.94128 3.10285 3.10087 2.78107 3.35017 3.30156 4.09508 4.55138 2.90061 2.94619 2.51106 2.4671 2.41129 2.41031 2.2755 2.27174 2.26865 2.78533 3.5208 4.08725 2.23376 2.22246 2.14108 2.66149 2.13919 2.59475 2.10095
threshold=4.7500000000000009 9.2500000000000018 2.8500000000000001 2.5000000000000004 1.5000000000000002 1.5000000000000002 2.5000000000000004 1.5000000000000002 11.500000000000002 8.5000000000000018 26.150000000000002 0.16172624237140368 11.500000000000002 3.5000000000000004 22.500000000000004 4.5000000000000009 20.500000000000004 59.250000000000007 8.1500000000000004 2.5000000000000004 58.250000000000007 26.500000000000004 13.350000000000003 4.5000000000000009 57.750000000000007 3.6500000000000008 3.5000000000000004 3.5000000000000004 14.500000000000002 0.8047619047619049
decision_type=2 2 2 2 2 2 2 2 2 2 2 2 2 2 2 2 2 2 2 2 2 2 2 2 2 2 2 2 2 2
left_child=2 19 5 4 14 -1 -3 -8 9 10 11 18 17 -11 -4 -10 -14 -13 -9 20 21 -2 -23 -15 -7 26 -5 28 -27 -21
right_child=1 6 3 25 -6 24 7 8 15 13 -12 12 16 23 -16 -17 -18 -19 -20 29 -22 22 -24 -25 -26 27 -28 -29 -30 -31
leaf_value=0.00064426713532167402 0.00030109557870479386 -0.00069412538931909245 -0.0004970094319076355 0.0059222047559397166 0.00025120173455599952 0.0016890152531367163 -0.0012387047021097627 -0.00054263162558321773 -0.00091440201978100792 -0.00067850382811205365 -0.00032520484324191016 -6.433396672564441e-05 -0.0012114812777698424 -0.00065737699471586782 -0.0050909390962786145 -0.00044968705083978935 0.0010031423839973286 0.0014841384015876243 0.00050788643051444932 -9.1276407113488725e-05 0.0027335094055497503 0.00046740665119521468 -0.008312680769351221 -0.00024757702061915072 0.0059645241864372863 0.00090613897087660471 0.00028287113880488406 0.0042746558544798667 -0.0024473135015382198 -0.00076821894329344388
leaf_weight=23625 10846 27230 4074 172 33376 1505 4038 2129 10962 29046 77265 25259 3249 15661 108 120639 512 884 14273 61308 415 98 93 50809 118 4825 134 161 217 4424
leaf_count=23625 10846 27230 4074 172 33376 1505 4038 2129 10962 29046 77265 25259 3249 15661 108 120639 512 884 14273 61308 415 98 93 50809 118 4825 134 161 217 4424
internal_value=-0.000244546 -0.000345971 0.00043712 0.000264594 0.00015468 0.000731408 -0.00040195 -0.000379522 -0.000369629 -0.000298287 -0.000184256 5.0928e-05 -0.000124917 -0.000445812 -0.000615648 -0.000488397 -0.000909996 -1.19739e-05 0.000371528 -6.8949e-05 0.000320714 0.000229991 -0.00380771 -0.00034413 0.00199987 0.00101394 0.00345269 0.000870512 0.000761811 -0.000136837
internal_weight=527455 459140 68315 43067 37558 25248 381956 354726 350688 219087 123571 46306 29904 95516 4182 131601 3761 26143 16402 77184 11452 11037 191 66470 1623 5509 306 5203 5042 65732
internal_count=527455 459140 68315 43067 37558 25248 381956 354726 350688 219087 123571 46306 29904 95516 4182 131601 3761 26143 16402 77184 11452 11037 191 66470 1623 5509 306 5203 5042 65732
is_linear=0
shrinkage=0.03


Tree=124
num_leaves=31
num_cat=0
split_feature=3 3 3 10 7 8 7 2 3 11 10 9 7 7 11 2 0 0 11 5 11 11 9 11 0 6 5 0 5 9
split_gain=38.5763 7.48534 3.70536 3.06158 2.65668 3.19409 3.11725 3.15351 3.18707 3.66162 3.46993 2.57065 3.83021 3.14902 3.31045 3.30002 4.09176 3.95024 4.80107 3.4102 5.70484 3.40883 3.26652 2.94635 2.93076 3.32482 2.65247 3.05026 2.86393 2.69173
threshold=4.7500000000000009 9.2500000000000018 2.7500000000000004 1.5000000000000002 2.5000000000000004 1.5000000000000002 11.500000000000002 57.250000000000007 14.050000000000002 16.500000000000004 1.5000000000000002 7.5500000000000007 10.500000000000002 3.5000000000000004 153.50000000000003 55.750000000000007 7.5000000000000009 2.5000000000000004 50.500000000000007 6.5000000000000009 34.500000000000007 57.500000000000007 7.1500000000000012 105.50000000000001 6.5000000000000009 0.53033088235294124 19.500000000000004 6.5000000000000009 21.500000000000004 95.050000000000011
decision_type=2 2 2 2 2 2 2 2 2 2 2 2 2 2 2 2 2 2 2 2 2 2 2 2 2 2 2 2 2 2
left_child=2 -2 -1 -4 -3 -6 7 -7 9 -9 -11 12 13 -5 15 16 21 18 -17 -18 -21 22 -15 -19 25 -14 29 28 -28 -13
right_child=1 4 3 11 5 6 -8 8 -10 10 -12 26 24 14 -16 17 19 23 -20 20 -22 -23 -24 -25 -26 -27 27 -29 -30 -31
leaf_value=0.00073731157223019795 -6.7155063511405258e-05 -0.00067663511190135231 -0.00043111770310211235 -4.8307325099458716e-05 -0.0012080775915657518 -0.00032456125667305728 -0.00047489289795043968 -0.0019429906339288872 -7.464932719649735e-05 -0.0022963933691382407 0.0018400734213405642 0.00067354775566751395 -0.0018665791647647745 0.00036807508258559986 0.0039534550404856572 0.0046812594779758491 0.00037530040795649954 0.00046548634176530435 -0.00010276176985995522 0.001033316169977188 0.010845703047610098 -0.0021109865611035274 -0.005263257807063073 0.0043859865443139773 0.00079314091988883092 -0.0078242078895975897 -0.0028830681332657412 -0.0033644481680389334 0.0015215638969694413 0.0036200824263177703
leaf_weight=23028 77184 27230 4989 14636 4038 200754 131601 321 15724 200 2088 15945 268 2094 271 541 327 3013 290 125 93 859 97 183 191 123 186 307 465 284
leaf_count=23028 77184 27230 4989 14636 4038 200754 131601 321 15724 200 2088 15945 268 2094 271 541 327 3013 290 125 93 859 97 183 191 123 186 307 465 284
internal_value=-0.000237654 -0.000336617 0.000427472 0.000269921 -0.000391069 -0.000369148 -0.000359488 -0.000290166 8.6473e-05 0.00105753 0.00147849 0.000356712 0.000150082 0.000212157 0.000695136 0.000579286 -8.1387e-05 0.00116909 0.00301175 0.00231291 0.00521933 -0.000509221 0.000118765 0.000689971 -0.0022528 -0.00374072 0.000634562 -0.000899383 0.000263098 0.000725111
internal_weight=527455 459140 68315 45287 381956 354726 350688 219087 18333 2609 2288 40298 23111 22529 7893 7622 3595 4027 831 545 218 3050 2191 3196 582 391 17187 958 651 16229
internal_count=527455 459140 68315 45287 381956 354726 350688 219087 18333 2609 2288 40298 23111 22529 7893 7622 3595 4027 831 545 218 3050 2191 3196 582 391 17187 958 651 16229
is_linear=0
shrinkage=0.03


Tree=125
num_leaves=31
num_cat=0
split_feature=4 5 11 2 7 11 7 10 2 9 9 7 11 0 7 7 9 6 1 10 1 0 11 1 1 10 1 6 1 5
split_gain=31.3979 5.03232 5.92597 4.88965 4.07217 3.2116 2.87403 2.79224 5.29081 4.96467 4.22509 4.09484 3.99109 3.26649 3.12045 3.24534 3.02009 5.06055 4.15166 2.97286 2.83585 8.62277 3.0278 2.71138 2.68442 2.7006 3.93169 2.68295 2.60321 2.98978
threshold=4.5000000000000009 7.5000000000000009 84.500000000000014 57.750000000000007 3.5000000000000004 6.5000000000000009 2.5000000000000004 9.5000000000000018 55.750000000000007 18.050000000000004 145.45000000000002 10.500000000000002 182.50000000000003 7.5000000000000009 1.5000000000000002 6.5000000000000009 3.3500000000000001 0.74642857142857155 6.5000000000000009 1.5000000000000002 9.5000000000000018 5.5000000000000009 30.500000000000004 5.5000000000000009 16.500000000000004 7.5000000000000009 1.5000000000000002 0.48858329008822005 12.500000000000002 19.500000000000004
decision_type=2 2 2 2 2 2 2 2 2 2 2 2 2 2 2 2 2 2 2 2 2 2 2 2 2 2 2 2 2 2
left_child=1 7 3 5 -4 -3 28 9 20 11 13 12 -1 -10 27 -16 19 18 -18 -14 21 23 -22 -9 25 -7 -27 -11 -5 -30
right_child=-2 2 4 6 -6 24 -8 8 10 14 -12 -13 16 -15 15 -17 17 -19 -20 -21 22 -23 -24 -25 -26 26 -28 -29 29 -31
leaf_value=0.00038970494022999336 -0.00037794553841639727 0.0029987045431690272 -0.0017038292868825837 0.00026106980034890532 -0.00029335875865895702 2.2067855910365231e-05 0.0011210350428714007 0.00043228535239199598 -0.00079161700562900366 -0.0064218174884824644 0.0046534451210816846 -0.00098192802750166324 0.0041762256702173005 0.00073268767735778779 0.0015461720259724709 0.0003131325976901736 0.0015833299402512753 -0.0062822631866826361 -0.0031144998653725494 -0.00079049511101518934 -0.001011801476874798 0.0017972648788336233 0.00022611323892527866 -0.00047272163549266121 -0.0029074318659971059 -0.0028904598559760914 -0.00039925094970543157 0.00059551770346505297 -0.00089964643176062957 -0.0074757445284298488
leaf_weight=45044 375945 299 3103 2389 4534 32634 5259 10306 8898 92 141 2210 148 1475 5786 2876 306 216 379 406 2629 3677 5495 4191 309 616 7663 105 240 84
leaf_count=45044 375945 299 3103 2389 4534 32634 5259 10306 8898 92 141 2210 148 1475 5786 2876 306 216 379 406 2629 3677 5495 4191 309 616 7663 105 240 84
internal_value=-0.000231007 0.000133596 -8.86283e-05 3.13931e-05 -0.000866449 -9.92655e-05 0.000711909 0.000268113 6.40554e-05 0.000398599 -0.000504752 0.000279786 0.000339752 -0.000574867 0.00105186 0.00113677 -0.00120668 -0.00227843 -0.00101591 0.000536354 0.000291466 0.000499752 -0.000174487 0.000170653 -0.000121736 -0.000100697 -0.00058461 -0.00268161 -8.11581e-05 -0.00260456
internal_weight=527455 151510 57130 49493 7637 41521 7972 94380 36812 57568 10514 48709 46499 10373 8859 8662 1455 901 685 554 26298 18174 8124 14497 41222 40913 8279 197 2713 324
internal_count=527455 151510 57130 49493 7637 41521 7972 94380 36812 57568 10514 48709 46499 10373 8859 8662 1455 901 685 554 26298 18174 8124 14497 41222 40913 8279 197 2713 324
is_linear=0
shrinkage=0.03


Tree=126
num_leaves=31
num_cat=0
split_feature=4 5 11 2 7 11 7 8 10 2 9 9 7 11 0 11 9 4 2 1 0 1 11 0 1 9 11 9 10 10
split_gain=29.8088 4.79567 5.63845 4.65677 3.87009 3.0586 2.7375 2.84724 2.66072 5.04457 4.7332 4.03876 3.90151 3.78888 3.11406 2.9614 3.06695 2.99371 2.94623 2.7333 8.74356 5.23881 4.08302 3.37433 4.44023 2.75931 2.75135 2.69649 3.76918 3.08926
threshold=4.5000000000000009 7.5000000000000009 84.500000000000014 57.750000000000007 3.5000000000000004 6.5000000000000009 2.5000000000000004 12.500000000000002 9.5000000000000018 55.750000000000007 18.050000000000004 145.45000000000002 10.500000000000002 182.50000000000003 7.5000000000000009 97.500000000000014 29.050000000000004 3.5000000000000004 53.500000000000007 8.5000000000000018 4.5000000000000009 4.5000000000000009 30.500000000000004 2.5000000000000004 2.5000000000000004 3.6500000000000008 24.500000000000004 3.3500000000000001 4.5000000000000009 1.5000000000000002
decision_type=2 2 2 2 2 2 2 2 2 2 2 2 2 2 2 2 2 2 2 2 2 2 2 2 2 2 2 2 2 2
left_child=1 8 3 5 -4 -3 -5 -8 10 19 12 14 13 -1 -11 -12 17 -17 -15 20 21 23 25 24 -10 -21 -27 29 -29 -20
right_child=-2 2 4 6 -6 -7 7 -9 9 11 15 -13 -14 18 -16 16 -18 -19 27 22 -22 -23 -24 -25 -26 26 -28 28 -30 -31
leaf_value=0.00038047836149235581 -0.00036783622597005215 0.0029264949353094085 -0.0016613982266042238 -7.9157815170173768e-05 -0.00028637095310103498 -0.00011870872891439597 0.001217384400343358 -0.0028592434652009099 0.00057119731800357233 -0.00077288259363638085 0.0012318347317983511 0.0045504752297865899 -0.00095829511199270825 -0.0054847656929722195 0.00071543098794517378 0.0031813240788877008 -0.0017912254902708073 -0.0019979067038226601 0.0047214959384477197 -0.0034662710777730332 0.0016251831514189311 -0.0008781631502020311 0.00031359090866578371 0.0013700600332584979 -0.0013895896370154169 -0.00016225933875850312 -0.0023642418266332766 -0.0031457377691797091 0.0013935657203584522 -0.00047805974785066949
leaf_weight=45044 375945 299 3103 2713 4534 41222 5100 159 4121 8898 7776 141 2210 130 1475 300 632 151 141 359 4640 3537 6688 2707 1390 2190 666 573 231 380
leaf_count=45044 375945 299 3103 2713 4534 41222 5100 159 4121 8898 7776 141 2210 130 1475 300 632 151 141 359 4640 3537 6688 2707 1390 2190 666 573 231 380
internal_value=-0.000224664 0.000130593 -8.63439e-05 3.07295e-05 -0.00084506 -9.67797e-05 0.000694843 0.00109413 0.000261909 6.27147e-05 0.000389284 -0.000492698 0.000273274 0.000331808 -0.00056125 0.00102714 -0.000442605 0.00144726 -0.00117495 0.00028477 0.000522471 8.72024e-05 -0.000108758 0.000502693 7.66421e-05 -0.000987348 -0.000675747 -0.000752095 -0.00184153 0.000929114
internal_weight=527455 151510 57130 49493 7637 41521 7972 5259 94380 36812 57568 10514 48709 46499 10373 8859 1083 451 1455 26298 16395 11755 9903 8218 5511 3215 2856 1325 804 521
internal_count=527455 151510 57130 49493 7637 41521 7972 5259 94380 36812 57568 10514 48709 46499 10373 8859 1083 451 1455 26298 16395 11755 9903 8218 5511 3215 2856 1325 804 521
is_linear=0
shrinkage=0.03


Tree=127
num_leaves=31
num_cat=0
split_feature=3 3 4 11 3 5 4 6 4 9 8 9 2 3 11 6 1 0 1 6 11 8 1 0 0 1 0 9 9 5
split_gain=34.7493 8.07229 3.2098 3.28791 2.92894 3.29539 3.028 2.79011 2.6872 2.54513 2.51187 2.50463 2.86509 2.7367 2.49771 3.10556 2.44234 6.31105 4.79156 4.18097 3.64346 3.46387 2.78358 4.63079 4.06333 4.41361 5.3862 3.65303 3.83762 3.47284
threshold=4.1500000000000012 9.2500000000000018 2.5000000000000004 14.500000000000002 2.8500000000000001 8.5000000000000018 1.5000000000000002 0.66333333333333344 1.5000000000000002 3.2500000000000004 1.5000000000000002 10.950000000000001 54.250000000000007 26.550000000000004 84.500000000000014 0.70185185185185195 12.500000000000002 6.5000000000000009 8.5000000000000018 0.40824915824915831 56.500000000000007 11.500000000000002 2.5000000000000004 1.5000000000000002 2.5000000000000004 4.5000000000000009 4.5000000000000009 3.6500000000000008 3.1500000000000008 1.5000000000000002
decision_type=2 2 2 2 2 2 2 2 2 2 2 2 2 2 2 2 2 2 2 2 2 2 2 2 2 2 2 2 2 2
left_child=2 8 4 -4 6 7 -1 -6 9 -2 -11 12 -3 -13 -7 -16 17 22 20 21 -19 -20 23 -10 -24 -26 29 28 -28 -27
right_child=1 11 3 -5 5 14 -8 -9 16 10 -12 13 -14 -15 15 -17 -18 18 19 -21 -22 -23 24 -25 25 26 27 -29 -30 -31
leaf_value=0.00060594606006092531 -0.0038434683550487869 -0.00082448746210296217 0.0054516153695619652 0.0013125877512802241 0.00072776485111498296 -4.8642587668425295e-05 0.0019455225915579074 -4.4883092590164286e-05 -5.0886149076828072e-05 0.0036358335855844861 -0.0010460725070274982 -0.00018081740204118287 -0.00039552502269576847 -0.00038010551829984732 -0.0022894808876554704 0.0023775203466415403 -0.00038244551211437497 0.00094548682613628194 0.0010825249110466312 -0.00041892824487324635 0.0032372393680305442 -0.0030695229879719147 -0.00093335342796875738 0.001172038871064857 0.00057889503799938799 -0.0017087807812214482 0.00034154686853258339 -8.8055930668717354e-05 0.002594850896662023 -0.00046159311427464384
leaf_weight=23625 275 20547 197 1402 12569 7805 1623 6322 9295 111 1455 84536 44069 232804 888 150 14332 1643 4744 3614 1007 188 5614 3980 7651 2443 2383 19910 952 11321
leaf_count=23625 275 20547 197 1402 12569 7805 1623 6322 9295 111 1455 84536 44069 232804 888 150 14332 1643 4744 3614 1007 188 5614 3980 7651 2443 2383 19910 952 11321
internal_value=-0.000218482 -0.000301209 0.000498245 0.00182252 0.000458278 0.000245455 0.000692057 0.000469193 -4.71534e-05 -0.00118165 -0.000714213 -0.000361683 -0.000531929 -0.000327017 -0.00023251 -0.00161506 -2.37063e-05 4.50803e-05 0.000701836 0.000356239 0.00181635 0.000924255 -7.06263e-05 0.000315761 -0.000172653 -7.70289e-05 -0.00021263 6.58641e-05 0.000984769 -0.000682959
internal_weight=527455 472874 54581 1599 52982 27734 25248 18891 90918 1841 1566 381956 64616 317340 8843 1038 89077 74745 11196 8546 2650 4932 63549 13275 50274 44660 37009 23245 3335 13764
internal_count=527455 472874 54581 1599 52982 27734 25248 18891 90918 1841 1566 381956 64616 317340 8843 1038 89077 74745 11196 8546 2650 4932 63549 13275 50274 44660 37009 23245 3335 13764
is_linear=0
shrinkage=0.03


Tree=128
num_leaves=31
num_cat=0
split_feature=3 3 4 11 3 4 9 9 9 7 1 2 10 2 4 7 4 7 1 0 3 9 10 5 11 0 1 9 3 5
split_gain=33.1359 7.6438 3.06414 3.16051 2.81513 3.15707 2.85616 2.82527 2.63805 2.77249 4.6397 4.56077 3.02821 2.6096 2.55067 2.53481 2.90807 2.55324 3.80126 3.26582 5.40028 2.68101 2.64919 2.51559 4.11039 2.6234 3.61521 3.39943 5.12988 2.54608
threshold=4.1500000000000012 9.2500000000000018 2.5000000000000004 14.500000000000002 3.0500000000000003 1.5000000000000002 11.350000000000003 7.3500000000000005 5.5500000000000007 2.5000000000000004 4.5000000000000009 52.500000000000007 1.5000000000000002 55.750000000000007 1.5000000000000002 2.5000000000000004 2.5000000000000004 11.500000000000002 8.5000000000000018 4.5000000000000009 21.350000000000005 9.3500000000000032 4.5000000000000009 8.5000000000000018 110.50000000000001 3.5000000000000004 4.5000000000000009 9.7500000000000018 3.6500000000000008 1.5000000000000002
decision_type=2 2 2 2 2 2 2 2 2 2 2 2 2 2 2 2 2 2 2 2 2 2 2 2 2 2 2 2 2 2
left_child=2 14 4 -4 5 -1 7 -7 9 10 12 -12 -6 -9 -2 -3 -17 18 19 -18 -21 -20 -19 25 -25 27 29 28 -10 -27
right_child=1 15 3 -5 8 6 -8 13 23 -11 11 -13 -14 -15 -16 16 17 22 21 20 -22 -23 -24 24 -26 26 -28 -29 -30 -31
leaf_value=0.00053950079012534931 -0.0011511784856698877 -0.00063088769211973881 0.005339538995838407 0.001281495702196545 -0.0028235864934030466 0.0014635609490233315 0.0032326715762614651 -0.0042093460497846713 0.0033480904576380336 0.00029129778518675962 -0.0055482917108706066 -0.00098628845689585631 0.0013258446156978608 0.0014457289315760135 -2.3037207665004411e-05 0.0039467474526458692 -0.00023751240930119388 -0.00087630364740177438 -0.00077746164825647445 0.00077011448669086764 -0.00016563922984767058 -0.00034330177357657499 -0.00039566862641854205 9.0336011275713609e-05 -0.0041752070726619826 0.0078024018161437095 0.00096975583191804529 -0.0007290999711263333 -0.0010166359197843324 0.0019430917285774884
leaf_weight=26668 1841 27230 197 1402 182 1954 709 164 557 5992 210 3243 1215 133 89077 143 100381 11285 15172 8318 16683 81910 120834 3463 216 119 5712 1864 429 152
leaf_count=26668 1841 27230 197 1402 182 1954 709 164 557 5992 210 3243 1215 133 89077 143 100381 11285 15172 8318 16683 81910 120834 3463 216 119 5712 1864 429 152
internal_value=-0.000212318 -0.000293102 0.000487573 0.00178145 0.000448524 0.000642673 0.0015722 0.0010492 0.000202217 -0.000140307 -0.000673539 -0.00126373 0.00078526 -0.00167694 -4.5881e-05 -0.000351948 -0.000330536 -0.000332261 -0.000270222 -0.000161102 0.000145692 -0.000411152 -0.000436722 0.000499023 -0.000160101 0.000773552 0.00113038 2.44587e-05 0.00144904 0.004516
internal_weight=527455 472874 54581 1599 52982 29628 2960 2251 23354 10842 4850 3453 1397 297 90918 381956 354726 354583 222464 125382 25001 97082 132119 12512 3679 8833 5983 2850 986 271
internal_count=527455 472874 54581 1599 52982 29628 2960 2251 23354 10842 4850 3453 1397 297 90918 381956 354726 354583 222464 125382 25001 97082 132119 12512 3679 8833 5983 2850 986 271
is_linear=0
shrinkage=0.03


Tree=129
num_leaves=31
num_cat=0
split_feature=3 3 3 11 7 11 6 0 1 3 10 1 11 5 1 1 0 1 7 11 2 5 5 10 9 1 0 1 11 11
split_gain=31.6927 5.46049 3.21075 2.99903 2.44365 4.69707 2.54421 3.39882 2.72883 3.35885 2.63399 2.60608 2.35717 2.80905 2.61859 2.69661 4.85849 3.39204 2.34133 3.00208 3.4243 3.22321 2.32612 2.31553 4.42957 2.54448 2.30604 4.50748 2.64577 3.09363
threshold=4.7500000000000009 9.4500000000000011 3.0500000000000003 11.500000000000002 3.5000000000000004 118.50000000000001 0.43019480519480524 3.5000000000000004 8.5000000000000018 3.2500000000000004 5.5000000000000009 6.5000000000000009 117.50000000000001 25.500000000000004 15.500000000000002 10.500000000000002 5.5000000000000009 6.5000000000000009 7.5000000000000009 18.500000000000004 56.250000000000007 7.5000000000000009 17.500000000000004 3.5000000000000004 5.4500000000000011 2.5000000000000004 4.5000000000000009 5.5000000000000009 21.500000000000004 139.50000000000003
decision_type=2 2 2 2 2 2 2 2 2 2 2 2 2 2 2 2 2 2 2 2 2 2 2 2 2 2 2 2 2 2
left_child=2 12 26 -4 5 -5 7 10 9 11 23 -9 -2 14 15 16 17 -14 19 20 21 -8 -20 -6 -25 -26 27 28 -1 -30
right_child=1 -3 3 4 6 -7 18 8 -10 -11 -12 -13 13 -15 -16 -17 -18 -19 22 -21 -22 -23 -24 24 25 -27 -28 -29 29 -31
leaf_value=-0.00011350945824874525 4.5793044706923976e-06 -0.00034334704046564774 0.00215112417683763 7.0584210316772177e-05 -4.7462847478453571e-05 -0.0018491398354566653 -0.00083377345426548157 0.00196781996351022 0.00058183148893270085 0.0014003136143826618 -0.00066822588863507117 0.0074874056405142726 -0.00017747466206222763 -0.0045525351835756884 0.0017109344279973603 -0.0012150246579120912 0.0011333421846488852 -0.0015940489972968703 -0.00072207939684077133 0.00058773015273680526 0.0025573992199986891 -0.0069193401228483404 -0.0056445330741641282 0.0059349103271961207 0.0032879353510706045 -0.0015577069325331549 0.0008674526170150571 -0.00076387379948710693 0.0012344123290283734 -0.00031598623850713958
leaf_weight=3132 65822 379602 708 18946 859 1221 169 156 4700 2967 2343 152 5818 147 517 3249 1925 2060 1709 3801 107 146 91 207 171 227 16513 2676 5871 1443
leaf_count=3132 65822 379602 708 18946 859 1221 169 156 4700 2967 2343 152 5818 147 517 3249 1925 2060 1709 3801 107 146 91 207 171 227 16513 2676 5871 1443
internal_value=-0.000206289 -0.00029599 0.000396579 0.000216557 0.000180486 -4.56444e-05 0.000436615 0.000693019 0.00104507 0.00170986 -4.44602e-05 0.00469177 -6.99725e-05 -0.000427741 -0.000383055 -0.000465999 -0.00021775 -0.000547891 -6.49533e-05 0.000321211 -0.00207936 -0.00365439 -0.000970937 0.000953821 0.00237548 0.000524215 0.000631546 0.000334677 0.000616098 0.00092853
internal_weight=527455 459140 68315 38680 37972 20167 17805 11782 7975 3275 3807 308 79538 13716 13569 13052 9803 7878 6023 4223 422 315 1800 1464 605 398 29635 13122 10446 7314
internal_count=527455 459140 68315 38680 37972 20167 17805 11782 7975 3275 3807 308 79538 13716 13569 13052 9803 7878 6023 4223 422 315 1800 1464 605 398 29635 13122 10446 7314
is_linear=0
shrinkage=0.03


Tree=130
num_leaves=31
num_cat=0
split_feature=3 3 4 3 4 10 9 10 9 6 1 6 9 7 7 5 2 1 10 6 9 9 5 5 2 1 3 4 7 8
split_gain=30.256 6.83696 2.94282 2.61709 3.20453 2.67188 3.79438 2.71157 3.62417 3.75813 3.3331 3.25829 2.76261 2.75416 2.64689 2.60023 6.28373 2.759 2.54652 3.94682 4.00037 4.21985 3.07433 2.54175 2.86837 2.53894 2.52498 2.43 2.42923 3.034
threshold=4.1500000000000012 9.2500000000000018 2.5000000000000004 2.7500000000000004 1.5000000000000002 3.5000000000000004 3.6500000000000008 4.5000000000000009 2.6500000000000008 0.37089947089947095 8.5000000000000018 0.15450928381962867 3.5500000000000003 3.5000000000000004 11.500000000000002 10.500000000000002 56.750000000000007 7.5000000000000009 5.5000000000000009 0.23132664437012265 13.65 20.250000000000004 7.5000000000000009 19.500000000000004 57.750000000000007 16.500000000000004 3.3500000000000001 1.5000000000000002 2.5000000000000004 1.5000000000000002
decision_type=2 2 2 2 2 2 2 2 2 2 2 2 2 2 2 2 2 2 2 2 2 2 2 2 2 2 2 2 2 2
left_child=2 27 3 4 -1 14 7 15 10 11 13 -10 -11 -9 25 16 17 -7 19 26 23 -22 -23 24 -21 -5 -8 -2 -3 -30
right_child=1 28 -4 5 -6 6 18 8 9 12 -12 -13 -14 -15 -16 -17 -18 -19 -20 20 21 22 -24 -25 -26 -27 -28 -29 29 -31
leaf_value=0.00059173227480407769 -0.0011227446501504981 -0.00060644120194963225 0.001736269059117471 3.7647066462179693e-05 0.0022612026671252534 0.0028138701240085573 0.0055306024437114009 0.00080466358538936161 -0.001981790417238422 -0.00059258159018225139 -0.0020297938086092475 -0.0084110217684344058 -0.0062439076958054843 0.0065356761977537394 -0.0026267159746986039 -0.0021432183459799557 0.0082362451384726323 -0.0018290672685813019 0.00045177323056915615 0.0013513791782193744 -0.0042219643251991817 0.0042981994073641927 -0.0028578554089744011 -0.0022012153188032762 0.0058471888500977957 -0.0045395314937288107 0.0019902304261048011 -2.1612409756999621e-05 -0.0011300466608748748 -0.00030299651434786805
leaf_weight=21942 1841 27230 1599 12881 1086 219 281 340 138 675 300 146 88 97 355 187 114 243 10382 2098 261 133 91 168 136 110 511 89077 4038 350688
leaf_count=21942 1841 27230 1599 12881 1086 219 281 340 138 675 300 146 88 97 355 187 114 243 10382 2098 261 133 91 168 136 110 511 89077 4038 350688
internal_value=-0.000200525 -0.000277719 0.00046826 0.000429992 0.000670464 0.000245121 0.000499113 -0.000566321 -0.00120647 -0.00234093 0.000405167 -0.00528696 -0.00124437 0.00207676 -7.09502e-05 0.000930438 0.00192831 0.000371806 0.000692105 0.00137031 0.000855653 -0.00162956 0.00139105 0.00135746 0.00162507 -1.10974e-06 0.00324635 -4.39093e-05 -0.000333373 -0.000312411
internal_weight=527455 472874 54581 52982 23028 29954 16608 2547 1784 1047 737 284 763 437 13346 763 576 462 14061 3679 2887 485 224 2402 2234 12991 792 90918 381956 354726
internal_count=527455 472874 54581 52982 23028 29954 16608 2547 1784 1047 737 284 763 437 13346 763 576 462 14061 3679 2887 485 224 2402 2234 12991 792 90918 381956 354726
is_linear=0
shrinkage=0.03


Tree=131
num_leaves=31
num_cat=0
split_feature=4 5 11 2 7 11 7 6 7 2 6 9 10 10 2 7 9 0 11 7 1 0 11 6 1 0 1 0 1 1
split_gain=23.25 4.37234 5.13846 4.34103 3.66992 2.93468 2.65127 2.58973 3.20938 2.93286 2.58753 2.51343 2.50511 2.5045 5.51827 4.52672 4.57782 2.96337 2.84785 2.57874 2.5497 7.66718 2.89535 2.64132 2.58698 3.35597 3.4458 3.07396 3.32106 2.53152
threshold=4.5000000000000009 7.5000000000000009 84.500000000000014 57.750000000000007 3.5000000000000004 8.5000000000000018 2.5000000000000004 0.82085561497326209 3.5000000000000004 54.250000000000007 0.48074074074074075 123.05000000000001 9.5000000000000018 9.5000000000000018 55.750000000000007 12.500000000000002 18.050000000000004 7.5000000000000009 139.50000000000003 1.5000000000000002 9.5000000000000018 5.5000000000000009 33.500000000000007 0.56594202898550738 4.5000000000000009 2.5000000000000004 2.5000000000000004 4.5000000000000009 8.5000000000000018 7.5000000000000009
decision_type=2 2 2 2 2 2 2 2 2 2 2 2 2 2 2 2 2 2 2 2 2 2 2 2 2 2 2 2 2 2
left_child=1 11 3 5 -4 -3 10 -7 9 -9 -5 13 -6 15 20 16 18 -16 -1 -18 21 24 -22 -23 25 26 -15 -26 -29 -17
right_child=-2 2 4 6 12 7 -8 8 -10 -11 -12 -13 -14 14 17 29 19 -19 -20 -21 22 23 -24 -25 27 -27 -28 28 -30 -31
leaf_value=0.00034088223838078563 -0.00032140713805705934 0.0012916239067521876 -0.0016075977986641 -0.00077445294315737351 -8.7666061971866644e-06 -0.00017736141108431989 0.0010575607488142629 -0.001809606599406554 -0.00361565669067204 0.0034790088248569861 0.0011701520593349066 0.0016953979177093974 -0.002182370953010979 0.00051591244286609806 -0.00076101127945670303 -0.0025531004330668168 -0.0023620278762721027 0.0006926150595108993 -0.00066416733693012845 0.0011487697949006765 -0.0010152872271343774 0.0021993120495492138 0.00021111574659267158 0.00039459113683489001 -0.00089872861459870505 0.0013751304498690732 -0.0012231124980740368 0.0011139135142827247 -0.0012139126604092379 -7.5028178629492316e-05
leaf_weight=44998 375945 1321 3103 1768 3992 39505 5259 117 90 488 945 1062 542 4060 8855 724 193 1472 2689 7724 2543 2618 5436 1012 3484 2673 1372 1932 772 761
leaf_count=44998 375945 1321 3103 1768 3992 39505 5259 117 90 488 945 1062 542 4060 8855 724 193 1472 2689 7724 2543 2618 5436 1012 3484 2673 1372 1932 772 761
internal_value=-0.000194963 0.000118785 -8.83555e-05 2.34067e-05 -0.000812651 -9.97039e-05 0.00066461 -0.000145424 0.00166996 0.00245625 -9.71025e-05 0.000244172 -0.000268602 0.000227656 3.25606e-05 0.000351465 0.000395121 -0.000553813 0.000284209 0.00106318 0.000266345 0.00046494 -0.000179753 0.00169618 0.000152241 0.0005049 7.66742e-05 -0.000309669 0.000449312 -0.00128319
internal_weight=527455 151510 57130 49493 7637 41521 7972 40200 695 605 2713 94380 4534 93318 36229 57089 55604 10327 47687 7917 25902 17923 7979 3630 14293 8105 5432 6188 2704 1485
internal_count=527455 151510 57130 49493 7637 41521 7972 40200 695 605 2713 94380 4534 93318 36229 57089 55604 10327 47687 7917 25902 17923 7979 3630 14293 8105 5432 6188 2704 1485
is_linear=0
shrinkage=0.03


Tree=132
num_leaves=31
num_cat=0
split_feature=3 3 0 1 0 7 1 2 5 9 1 0 1 11 9 3 4 0 3 3 1 0 1 0 9 11 1 11 9 11
split_gain=28.147 5.25362 2.95533 5.05803 4.74863 4.46625 3.37047 2.81045 2.7438 2.64385 2.35185 6.63016 4.95451 3.80212 3.07203 3.39053 3.09589 3.68287 2.81461 3.5906 2.76082 4.04493 4.74323 3.78731 3.36473 4.04412 3.79657 4.25906 3.57514 3.15351
threshold=4.4500000000000011 9.2500000000000018 5.5000000000000009 5.5000000000000009 3.5000000000000004 1.5000000000000002 8.5000000000000018 58.750000000000007 10.500000000000002 3.2500000000000004 12.500000000000002 6.5000000000000009 8.5000000000000018 56.500000000000007 8.7500000000000018 8.4500000000000011 3.5000000000000004 7.5000000000000009 4.7500000000000009 5.5500000000000007 2.5000000000000004 2.5000000000000004 4.5000000000000009 4.5000000000000009 3.6500000000000008 225.50000000000003 8.5000000000000018 7.5000000000000009 3.4500000000000006 77.500000000000014
decision_type=2 2 2 2 2 2 2 2 2 2 2 2 2 2 2 2 2 2 2 2 2 2 2 2 2 2 2 2 2 2
left_child=2 10 3 4 7 -5 -4 -1 -9 -10 11 20 13 -13 15 18 17 -16 -14 -20 -2 -22 -23 -24 25 28 27 -26 -25 -28
right_child=1 -3 6 5 -6 -7 -8 8 9 -11 -12 12 14 -15 16 -17 -18 -19 19 -21 21 22 23 24 26 -27 29 -29 -30 -31
leaf_value=0.00019053706900481785 0.00029185270404861601 -0.00031643143124747967 0.0013013020314196868 -0.0019242245032464864 0.0012882572660698124 -6.5465855270249409e-05 0.00047596519205945657 -0.0019215701445463604 -0.00033629211358615304 0.0044475235463409708 -0.00041457776982840443 0.00096867049448560961 0.0019779889192432162 0.00340469327572209 0.00053854730232688022 0.002665614318624835 4.0579874392192846e-05 0.0029717157263444618 -0.0024063698475266116 -0.00016678328196701538 -0.00098735084993132249 0.00059383729693934068 -0.0006589653674086524 0.00070053501977370336 0.0054391990591739787 -0.0054669403824312932 -0.00021693572983977889 0.00024893496205106753 0.0038375432574175258 -0.0013630779150076507
leaf_weight=17602 12459 381956 5691 1308 5214 10526 20474 118 143 381 13666 1515 352 931 1210 321 1991 1042 931 2092 5345 7133 13082 2600 145 87 8219 7616 374 2931
leaf_count=17602 12459 381956 5691 1308 5214 10526 20474 118 143 381 13666 1515 352 931 1210 321 1991 1042 931 2092 5345 7133 13082 2600 145 87 8219 7616 374 2931
internal_value=-0.000189595 -0.000269182 0.000413869 0.000234742 0.000489832 -0.000270913 0.00065548 0.000261648 0.00221133 0.00314202 -5.44396e-05 1.5494e-05 0.000715353 0.00189587 0.000351636 -0.000280662 0.000902419 0.00166437 -0.000560886 -0.000856514 -0.000105658 -0.000209853 -0.000111346 -0.000254841 -1.4227e-05 0.000908529 -0.000163588 0.000345905 0.00109503 -0.000518222
internal_weight=527455 465998 61457 35292 23458 11834 26165 18244 642 524 84042 70376 10385 2446 7939 3696 4243 2252 3375 3023 59991 47532 42187 35054 21972 3061 18911 7761 2974 11150
internal_count=527455 465998 61457 35292 23458 11834 26165 18244 642 524 84042 70376 10385 2446 7939 3696 4243 2252 3375 3023 59991 47532 42187 35054 21972 3061 18911 7761 2974 11150
is_linear=0
shrinkage=0.03


Tree=133
num_leaves=31
num_cat=0
split_feature=3 3 4 11 10 10 11 6 11 1 0 3 2 8 2 1 3 4 8 6 5 11 11 11 10 6 5 11 10 10
split_gain=26.8833 5.72295 2.77129 3.04971 2.54959 2.62362 4.34577 2.75791 3.46695 2.92282 3.95953 3.18748 2.66177 3.32091 3.54238 2.51394 2.46754 3.07129 2.6205 2.44567 2.4417 2.85731 3.06028 2.42582 2.36807 2.73425 2.35137 2.32139 2.31605 2.4003
threshold=4.1500000000000012 9.0500000000000025 2.5000000000000004 14.500000000000002 1.5000000000000002 9.5000000000000018 139.50000000000003 0.090230664857530549 21.500000000000004 7.5000000000000009 5.5000000000000009 7.2500000000000009 52.500000000000007 4.5000000000000009 56.750000000000007 5.5000000000000009 3.0500000000000003 1.5000000000000002 5.5000000000000009 0.091750841750841763 8.5000000000000018 111.50000000000001 125.50000000000001 89.500000000000014 14.500000000000002 0.24283374283374287 10.500000000000002 26.500000000000004 1.5000000000000002 11.500000000000002
decision_type=2 2 2 2 2 2 2 2 2 2 2 2 2 2 2 2 2 2 2 2 2 2 2 2 2 2 2 2 2 2
left_child=2 4 16 -4 -2 6 7 8 12 15 11 -11 -6 14 -14 -10 17 24 -19 -9 -18 -22 -23 -12 25 -1 -24 -26 -3 -30
right_child=1 28 3 -5 5 -7 -8 19 9 10 23 -13 13 -15 -16 -17 20 18 -20 -21 21 22 26 -25 27 -27 -28 -29 29 -31
leaf_value=0.002197918210051243 -0.00053455453153682488 -0.00061924887525044859 0.0051717394393712736 0.0011854616851252257 -0.0046879829288622651 -0.00023836598483312278 -0.0010297878183748411 -0.0042105399416043207 0.0013371120882010388 0.0027498971468816365 0.0020567981725719969 0.0082047359983613878 -0.00061533768425930978 0.0011278166521168265 -0.0067312916877246137 -0.0014322231037804506 0.00038965697096260166 0.0010485229566677618 0.003243414841786306 0.00013225291541438966 -0.00011690808541468443 -0.0068921000852778152 -0.0047034620513086729 -0.0019390532732764378 -0.0011352335333644126 0.00056410202139183495 0.0005208788674418665 0.00028170856242778044 -0.00022463800152072388 -0.00038086301146191546
leaf_weight=967 8473 20276 197 1402 109 25524 2760 117 997 236 1016 163 546 1124 101 419 15838 2341 619 46813 7052 111 115 158 1345 19758 238 4598 212174 151868
leaf_count=967 8473 20276 197 1402 109 25524 2760 117 997 236 1016 163 546 1124 101 419 15838 2341 619 46813 7052 111 115 158 1345 19758 238 4598 212174 151868
internal_value=-0.000184329 -0.000257093 0.000446079 0.00167658 -3.96755e-05 1.26841e-05 0.000130131 0.000191935 0.000871539 0.00150642 0.00239649 0.00497832 -0.000137851 0.000142197 -0.00157007 0.000517655 0.000408942 0.000590711 0.00150752 0.000121426 0.000178342 -0.000266949 -0.00254731 0.00151903 0.00048895 0.000640334 -0.0011811 -3.89691e-05 -0.000307191 -0.000289811
internal_weight=527455 472874 54581 1599 88556 80083 54559 51799 4869 2989 1573 399 1880 1771 647 1416 52982 29628 2960 46930 23354 7516 464 1174 26668 20725 353 5943 384318 364042
internal_count=527455 472874 54581 1599 88556 80083 54559 51799 4869 2989 1573 399 1880 1771 647 1416 52982 29628 2960 46930 23354 7516 464 1174 26668 20725 353 5943 384318 364042
is_linear=0
shrinkage=0.03


Tree=134
num_leaves=31
num_cat=0
split_feature=3 3 4 10 2 5 9 2 0 5 3 9 9 2 9 3 4 9 8 4 9 1 1 0 4 8 3 3 9 1
split_gain=25.6656 5.42438 2.64448 2.44941 3.4605 3.09037 3.03691 2.52721 5.9169 2.95508 2.86673 3.31352 2.37642 2.70322 2.35111 3.64547 2.2975 2.4011 2.39427 2.2488 2.87975 3.03308 2.99323 3.18054 2.58043 2.5303 2.57017 2.422 2.68416 2.38839
threshold=4.1500000000000012 9.2500000000000018 2.5000000000000004 1.5000000000000002 53.500000000000007 8.5000000000000018 102.45000000000002 53.500000000000007 7.5000000000000009 13.500000000000002 3.8500000000000001 40.95000000000001 10.950000000000001 54.250000000000007 21.650000000000002 3.1500000000000008 1.5000000000000002 3.2500000000000004 1.5000000000000002 5.5000000000000009 21.650000000000002 1.5000000000000002 8.5000000000000018 4.5000000000000009 3.5000000000000004 4.5000000000000009 12.350000000000003 10.65 12.15 4.5000000000000009
decision_type=2 2 2 2 2 2 2 2 2 2 2 2 2 2 2 2 2 2 2 2 2 2 2 2 2 2 2 2 2 2
left_child=2 16 3 4 5 -1 7 8 9 10 11 -5 13 -3 15 -10 17 -2 -19 20 21 -14 23 29 -23 26 27 -26 -29 -22
right_child=1 12 -4 6 -6 -7 -8 -9 14 -11 -12 -13 19 -15 -16 -17 -18 18 -20 -21 22 24 -24 -25 25 -27 -28 28 -30 -31
leaf_value=-0.0011542821108085539 -0.0036763817570426246 -0.00074980036972357392 0.0016388588114929915 0.00056104115220499912 0.00010366730290701797 -0.006123373979783576 0.0038989916998804709 0.00039248045840154536 0.0057158250051884347 0.0049149465493180536 -0.001854638313093493 0.0046149079262739886 -0.0023204996272775265 -0.00033313109255502448 0.0087852656001923615 0.00054112750608870325 -2.0281185062189868e-05 0.0036100405696276074 -0.00096095621831638299 -0.00029124916700117817 0.00053650025924399463 0.0015896165691291857 -0.00027316207924335409 0.0013121555815635692 0.0005166385865505831 -0.00062105039299471105 -0.00045055944245917716 0.00047801654149846326 0.007260822896679787 -0.00053797376009967783
leaf_weight=613 275 20547 1599 2447 5499 138 232 42740 256 143 403 196 713 44069 80 235 89077 111 1455 288559 5916 614 7421 3149 243 7254 526 82 146 2717
leaf_count=613 275 20547 1599 2447 5499 138 232 42740 256 143 403 196 713 44069 80 235 89077 111 1455 288559 5916 614 7421 3149 243 7254 526 82 146 2717
internal_value=-0.000179124 -0.000250221 0.000436841 0.000400564 -0.000157205 -0.00206738 0.000475161 0.000458079 0.00120374 0.000700159 0.000502288 0.000861668 -0.000299794 -0.000465626 0.00401618 0.00323914 -4.19616e-05 -0.00109097 -0.000636958 -0.000266028 -1.31567e-05 -0.000438063 0.000198776 0.000496031 -0.000286661 -0.000426284 0.000990799 0.00260047 0.00482139 0.000198339
internal_weight=527455 472874 54581 52982 6250 751 46732 46500 3760 3189 3046 2643 381956 64616 571 491 90918 1841 1566 317340 28781 9578 19203 11782 8865 8251 997 471 228 8633
internal_count=527455 472874 54581 52982 6250 751 46732 46500 3760 3189 3046 2643 381956 64616 571 491 90918 1841 1566 317340 28781 9578 19203 11782 8865 8251 997 471 228 8633
is_linear=0
shrinkage=0.03


Tree=135
num_leaves=31
num_cat=0
split_feature=3 3 10 11 9 9 3 9 9 2 1 0 1 11 9 11 9 5 10 9 8 0 1 0 4 5 10 10 4 11
split_gain=24.4758 4.44079 3.01388 3.88608 4.84339 3.21635 3.00675 3.54695 2.9983 2.9198 2.75587 5.5108 4.4756 3.39442 3.15352 3.04836 2.88835 2.71542 2.62169 2.61884 4.27628 2.79791 4.43698 4.38924 3.15647 2.95716 3.78375 3.21351 3.05569 2.88989
threshold=4.4500000000000011 9.4500000000000011 1.5000000000000002 32.500000000000007 7.3500000000000005 24.050000000000004 2.1500000000000008 3.1500000000000008 17.450000000000003 53.500000000000007 12.500000000000002 6.5000000000000009 8.5000000000000018 56.500000000000007 8.3500000000000032 133.50000000000003 80.250000000000014 11.500000000000002 4.5000000000000009 102.45000000000002 11.500000000000002 5.5000000000000009 5.5000000000000009 3.5000000000000004 1.5000000000000002 22.500000000000004 7.5000000000000009 5.5000000000000009 1.5000000000000002 14.500000000000002
decision_type=2 2 2 2 2 2 2 2 2 2 2 2 2 2 2 2 2 2 2 2 2 2 2 2 2 2 2 2 2 2
left_child=2 10 3 5 -5 6 -1 -8 17 -9 11 -2 13 -13 18 -15 -16 -6 -14 21 -21 22 23 25 -25 27 -27 28 -4 -30
right_child=1 -3 19 4 8 -7 7 9 -10 -11 -12 12 14 15 16 -17 -18 -19 -20 20 -22 -23 -24 24 -26 26 -28 -29 29 -31
leaf_value=0.00076433905020485118 -8.8372228843061851e-05 -0.00029245886848162955 0.00015579338318726579 0.00088542012231046302 -0.0014240637631948471 0.003465097890213484 -0.0045196654261358514 -0.0045092331804335115 0.00067077169037920868 -0.00071360516346795962 -0.00043843786228332115 0.00089621683700945678 -0.00098033822189167526 0.0046113438017760652 0.0010233565773055187 0.0011683133858532162 -0.0022757514321756931 -0.0055463478198728043 0.00067667904174585137 0.0090046773338690392 0.0010223190156353073 0.0007001291543543537 -0.00023675341465805973 0.00062684136087349032 0.0022330360258709888 0.0013048594878823001 0.0080924759763697889 -0.00026754008477184197 -0.0010592616934796076 0.0016373623379511537
leaf_weight=446 61664 379602 5346 3485 646 127 390 215 463 1203 14062 1559 2251 553 4266 398 253 185 1390 84 215 23003 10536 2428 2015 376 92 6844 407 2951
leaf_count=446 61664 379602 5346 3485 646 127 390 215 463 1203 14062 1559 2251 553 4266 398 253 185 1390 84 215 23003 10536 2428 2015 376 92 6844 407 2951
internal_value=-0.000174062 -0.000248277 0.000388672 -0.000189863 0.00030346 -0.00118003 -0.00144176 -0.00198596 -0.00126387 -0.00128911 -5.41543e-05 2.05518e-05 0.000650045 0.00175787 0.000309279 0.00317041 0.000838653 -0.00234178 -0.00034775 0.000464962 0.00326485 0.000449459 0.000263423 0.000521005 0.00135529 0.000289567 0.00263918 0.000218843 0.000601288 0.00131052
internal_weight=527455 465998 61457 7160 4779 2381 2254 1808 1294 1418 86396 72334 10670 2510 8160 951 4519 831 3641 54297 299 53998 30995 20459 4443 16016 468 15548 8704 3358
internal_count=527455 465998 61457 7160 4779 2381 2254 1808 1294 1418 86396 72334 10670 2510 8160 951 4519 831 3641 54297 299 53998 30995 20459 4443 16016 468 15548 8704 3358
is_linear=0
shrinkage=0.03


Tree=136
num_leaves=31
num_cat=0
split_feature=3 3 8 3 7 9 6 10 7 4 8 7 1 3 0 0 5 9 6 9 1 0 1 5 1 5 10 4 10 10
split_gain=23.4344 4.84615 2.57729 3.12055 4.04099 3.04586 2.94367 3.26798 2.51736 2.9545 2.60371 2.63874 3.32652 3.29092 4.34049 2.51132 3.15183 3.16629 2.47434 6.2087 5.01464 4.63422 3.07293 3.20824 2.79295 3.52897 2.90927 2.61488 2.39772 2.51132
threshold=4.1500000000000012 9.0500000000000025 3.5000000000000004 1.7500000000000002 2.5000000000000004 5.9500000000000011 0.60990338164251223 2.5000000000000004 2.5000000000000004 2.5000000000000004 1.5000000000000002 11.500000000000002 8.5000000000000018 26.150000000000002 4.5000000000000009 3.5000000000000004 22.500000000000004 6.5500000000000007 0.48074074074074075 6.5500000000000007 4.5000000000000009 4.5000000000000009 7.5000000000000009 19.500000000000004 5.5000000000000009 3.5000000000000004 7.5000000000000009 1.5000000000000002 1.5000000000000002 9.5000000000000018
decision_type=2 2 2 2 2 2 2 2 2 2 2 2 2 2 2 2 2 2 2 2 2 2 2 2 2 2 2 2 2 2
left_child=2 28 3 -1 18 6 7 -4 -3 -10 -11 12 13 14 -12 16 17 -7 19 24 27 -22 -23 -24 26 -26 -5 -20 -2 -30
right_child=1 8 5 4 -6 15 -8 -9 9 10 11 -13 -14 -15 -16 -17 -18 -19 20 -21 21 22 23 -25 25 -27 -28 -29 29 -31
leaf_value=0.0010539813800554336 -0.00051697997336093296 -0.00055901484826867572 -0.00062018975074733446 -0.0020294340274573728 0.00051271657824494311 -0.0037555884763828869 1.5696112624888792e-05 0.0058038880527363015 0.0038266767420858708 -0.0010115585511604732 -4.2417784746554425e-05 -0.00036100341002313842 -0.00032398910148969323 -0.00020944674192074201 0.00065752711471278981 0.00085235477997045155 0.0042176212882199752 0.00013926072872560183 0.00040053630896254484 0.0027784799766297098 -0.001775805905414418 0.0012389060518048197 -0.0002465454457314552 -0.005542122774092214 0.0045744322024243462 -0.00096134067092122513 -0.0072068711389632273 0.0021265862138276454 0.00012861613888931855 -0.00023190867248616088
leaf_weight=3944 8473 27647 93 1022 14733 194 226 305 159 4141 36933 131948 96056 77265 10169 13468 165 5926 2467 369 1708 1375 5308 105 110 1793 108 1162 54559 25524
leaf_count=3944 8473 27647 93 1022 14733 194 226 305 159 4141 36933 131948 96056 77265 10169 13468 165 5926 2467 369 1708 1375 5308 105 110 1793 108 1162 54559 25524
internal_value=-0.0001692 -0.000237137 0.000419382 0.000260266 0.000156816 0.000686468 0.00275009 0.00430278 -0.000283238 -0.000261861 -0.000263685 -0.000254896 -0.000191378 -8.89555e-05 0.000108696 0.000621278 0.000126107 1.57966e-05 -0.000180886 -0.000895844 1.97154e-05 -0.000379022 -2.75619e-05 -0.000349268 -0.00134287 -0.000641354 -0.00252427 0.000953215 -3.70663e-05 1.37099e-05
internal_weight=527455 472874 54581 34204 30260 20377 624 398 384318 356671 356512 352371 220423 124367 47102 19753 6285 6120 15527 3402 12125 8496 6788 5413 3033 1903 1130 3629 88556 80083
internal_count=527455 472874 54581 34204 30260 20377 624 398 384318 356671 356512 352371 220423 124367 47102 19753 6285 6120 15527 3402 12125 8496 6788 5413 3033 1903 1130 3629 88556 80083
is_linear=0
shrinkage=0.03


Tree=137
num_leaves=31
num_cat=0
split_feature=3 3 7 9 5 3 7 1 0 3 9 10 5 10 10 11 6 9 11 11 2 3 6 5 9 10 1 5 9 1
split_gain=22.3273 4.58362 2.40252 2.34719 3.46289 2.73644 2.34456 3.11414 2.89344 3.24592 2.54852 2.4003 2.31714 2.27781 2.38644 4.12162 2.63753 4.16095 3.10358 2.80924 3.33163 3.02865 2.31995 2.28536 3.59911 2.24818 2.24191 2.19823 2.48607 2.66828
threshold=4.1500000000000012 9.0500000000000025 2.5000000000000004 102.45000000000002 3.5000000000000004 3.3500000000000001 11.500000000000002 8.5000000000000018 5.5000000000000009 18.850000000000005 4.3500000000000005 4.5000000000000009 3.5000000000000004 1.5000000000000002 9.5000000000000018 139.50000000000003 0.090230664857530549 6.5500000000000007 20.500000000000004 13.500000000000002 53.500000000000007 6.8500000000000005 0.091750841750841763 24.500000000000004 12.15 4.5000000000000009 6.5000000000000009 29.500000000000004 12.15 15.500000000000002
decision_type=2 2 2 2 2 2 2 2 2 2 2 2 2 2 2 2 2 2 2 2 2 2 2 2 2 2 2 2 2 2
left_child=3 13 -3 -1 -5 -6 7 8 -4 10 -10 -8 -9 23 15 16 17 -15 19 -19 -21 -22 -18 -2 -25 -14 -12 28 -16 -30
right_child=1 2 6 4 5 -7 11 12 9 -11 26 -13 25 14 27 -17 22 18 -20 20 21 -23 -24 24 -26 -27 -28 -29 29 -31
leaf_value=0.00039549070562412019 -0.00042827220193053479 -0.00054495647706876425 -0.00014398691945045471 0.0077549136493325933 0.0039633860550674022 -0.0030264930361574818 -0.00077180162755600035 -0.00054398628670080588 -0.00217326372194646 2.8545959190556662e-05 0.0027048475275424414 -0.00031561039794508842 -0.0005282295029649342 -0.00091265403706094486 -0.00064066447663423522 -0.0010042386453436769 -0.0041025464045695769 0.0024805687196391949 0.0018003497126645182 -0.0065306908908215429 0.0015888504097970684 -0.0024007199840112166 0.00012715171850135327 -0.00013130607930096714 -0.0083505172659369079 -0.00012790457884304625 0.00087341460722173566 -0.003567249598828229 -7.5906491755495985e-05 0.001852184124290943
leaf_weight=54281 8278 27647 114221 96 113 91 11353 29656 201 8613 787 121171 16739 966 7993 2760 117 278 2851 88 356 330 46813 110 85 51377 2553 176 16683 672
leaf_count=54281 8278 27647 114221 96 113 91 11353 29656 201 8613 787 121171 16739 966 7993 2760 117 278 2851 88 356 330 46813 110 85 51377 2553 176 16683 672
internal_value=-0.000164396 -0.000230708 -0.000275543 0.000410116 0.00305641 0.000845352 -0.00025466 -0.000195517 -9.71612e-05 0.000342898 0.00110752 -0.000354691 -0.000322647 -3.6132e-05 1.33583e-05 0.000125371 0.00018556 0.000850167 0.00128647 -0.000106188 -0.00103528 -0.000330331 0.000116607 -0.000503892 -0.00371404 -0.000226281 0.00130495 -0.000226075 -0.000202876 -1.24922e-06
internal_weight=527455 472874 384318 54581 300 204 356671 224147 126375 12154 3541 132524 97772 88556 80083 54559 51799 4869 3903 1052 774 686 46930 8473 195 68116 3340 25524 25348 17355
internal_count=527455 472874 384318 54581 300 204 356671 224147 126375 12154 3541 132524 97772 88556 80083 54559 51799 4869 3903 1052 774 686 46930 8473 195 68116 3340 25524 25348 17355
is_linear=0
shrinkage=0.03


Tree=138
num_leaves=31
num_cat=0
split_feature=4 5 11 2 7 11 7 8 0 6 1 8 10 1 6 10 1 0 1 0 6 8 10 10 8 5 2 11 11 6
split_gain=16.3126 4.05715 4.66573 3.98253 3.49097 2.81339 2.57263 2.65151 2.54849 2.4871 2.48041 2.45255 2.41132 3.72791 2.41205 2.38287 2.30261 13.1754 8.99259 5.9959 4.37254 3.84209 2.96591 3.64409 2.66191 2.63233 3.16938 3.79594 2.71176 2.70497
threshold=4.5000000000000009 7.5000000000000009 84.500000000000014 57.750000000000007 3.5000000000000004 6.5000000000000009 2.5000000000000004 12.500000000000002 3.5000000000000004 0.48074074074074075 16.500000000000004 2.5000000000000004 7.5000000000000009 1.5000000000000002 0.072299651567944254 9.5000000000000018 8.5000000000000018 4.5000000000000009 4.5000000000000009 3.5000000000000004 0.33072916666666669 1.5000000000000002 11.500000000000002 1.5000000000000002 3.5000000000000004 1.5000000000000002 56.250000000000007 28.500000000000004 124.50000000000001 0.42365967365967372
decision_type=2 2 2 2 2 2 2 2 2 2 2 2 2 2 2 2 2 2 2 2 2 2 2 2 2 2 2 2 2 2
left_child=1 16 3 5 -4 8 9 -8 -3 -5 12 -11 14 -14 -7 -6 17 18 19 -1 21 -19 23 -20 -23 26 27 -18 29 -27
right_child=-2 2 4 6 15 10 7 -9 -10 11 -12 -13 13 -15 -16 -17 25 20 22 -21 -22 24 -24 -25 -26 28 -28 -29 -30 -31
leaf_value=0.00024693423427711244 -0.00026567036561049291 -0.0011154448684304952 -0.0015619877903812398 -0.00079024218483867185 -2.6293131833119627e-06 0.00288528766311132 0.0011301836519827381 -0.0028038274553024542 0.0047550062119174541 0.002355885116168984 -0.0028066884520129092 -0.00076798691533156663 -0.0028112752943650469 -0.00038548722085601312 -1.5826899182980475e-05 -0.0021225369837293158 -0.0011883511520386981 0.0061182275383465648 -0.0017849951738443893 0.0016508452593992423 0.00072015935481867558 -2.7199276352584796e-05 -0.00112450422103385 8.1716274409237587e-07 0.0019412018165768682 0.00063668486312221551 -0.0021982613841828422 0.00012228308715678883 -0.00088072520468553172 7.9489670298425913e-06
leaf_weight=25041 375945 100 3103 1768 3992 260 5100 159 199 570 309 375 616 7663 32374 542 2645 181 1170 3074 8086 716 4849 8497 4532 11186 768 8017 1916 13702
leaf_count=25041 375945 100 3103 1768 3992 260 5100 159 199 570 309 375 616 7663 32374 542 2645 181 1170 3074 8086 716 4849 8497 4532 11186 768 8017 1916 13702
internal_value=-0.000159758 0.000103046 -9.64891e-05 1.00082e-05 -0.000786665 -0.000107909 0.000624164 0.00101124 0.00279164 -0.000126166 -0.000128941 0.00111625 -0.000108717 -0.000565978 7.28672e-06 -0.000256046 0.000223828 0.000346109 8.73533e-05 0.000400433 0.00116231 0.00182086 -0.000519029 -0.00021532 0.00167265 4.42615e-05 -0.00033693 -0.000202855 0.000206813 0.000290537
internal_weight=527455 151510 57130 49493 7637 41521 7972 5259 299 2713 41222 945 40913 8279 32634 4534 94380 56146 42631 28115 13515 5429 14516 9667 5248 38234 11430 10662 26804 24888
internal_count=527455 151510 57130 49493 7637 41521 7972 5259 299 2713 41222 945 40913 8279 32634 4534 94380 56146 42631 28115 13515 5429 14516 9667 5248 38234 11430 10662 26804 24888
is_linear=0
shrinkage=0.03


Tree=139
num_leaves=31
num_cat=0
split_feature=4 5 2 10 9 6 6 7 6 2 1 6 9 2 9 9 7 7 2 0 1 9 1 0 1 4 7 10 1 4
split_gain=15.4984 3.86487 3.43034 3.04538 3.02058 2.79236 2.55147 2.54558 4.58458 2.93364 2.95126 2.41599 2.39905 3.50388 5.156 3.03819 2.81731 3.37187 2.89153 2.68766 8.71143 3.34864 3.08253 2.88335 2.84312 2.4772 2.46072 2.28909 3.19727 3.64007
threshold=4.5000000000000009 7.5000000000000009 55.250000000000007 1.5000000000000002 23.650000000000002 0.082650273224043724 0.66333333333333344 2.5000000000000004 0.82085561497326209 56.750000000000007 4.5000000000000009 0.54653679653679665 8.3500000000000032 51.750000000000007 2.3500000000000001 1.7500000000000002 1.5000000000000002 7.5000000000000009 53.500000000000007 5.5000000000000009 9.5000000000000018 133.65000000000001 5.5000000000000009 3.5000000000000004 6.5000000000000009 2.5000000000000004 5.5000000000000009 11.500000000000002 1.5000000000000002 1.5000000000000002
decision_type=2 2 2 2 2 2 2 2 2 2 2 2 2 2 2 2 2 2 2 2 2 2 2 2 2 2 2 2 2 2
left_child=1 12 3 -3 5 -4 -6 8 -7 10 11 -9 13 14 -1 -15 -14 -18 -19 21 -21 22 -20 -24 -25 26 -16 -17 29 -29
right_child=-2 2 4 -5 6 7 -8 9 -10 -11 -12 -13 16 15 25 27 17 18 19 20 -22 -23 23 24 -26 -27 -28 28 -30 -31
leaf_value=-0.0075586535306094941 -0.00025856452849595682 -0.0013349239282982631 0.0034127047583460807 -0.00025764519473465351 -0.00053517535066342336 -0.00032676176899796005 -0.0049368638682682981 -0.00054086777756908052 0.0027582504178577131 0.00060033033593332493 0.00022982755846756616 -0.0030574057097546756 -0.0009296753276331523 0.001011455133826053 -0.00038928162182539538 0.00014772910184129186 0.00065114538651663055 0.0012847530644399677 2.7350414242710108e-05 0.001935207122159859 -0.00019616525113064342 0.0043700583546888083 -0.0030627309551400209 0.0014191505158049069 -0.0010663411518031483 -0.0025702549934944257 0.0053283002420707977 -0.00176359089965723 -0.00057669271578489193 0.0031517139743082222
leaf_weight=118 375945 2700 240 18850 4156 10615 122 1206 452 14134 4175 480 1455 3112 414 34727 24497 1801 7301 2459 5789 138 538 488 2739 428 81 196 7659 440
leaf_count=118 375945 2700 240 18850 4156 10615 122 1206 452 14134 4175 480 1455 3112 414 34727 24497 1801 7301 2459 5789 138 538 488 2739 428 81 196 7659 440
internal_value=-0.000155329 0.000100833 -9.39162e-05 -0.000392617 8.70004e-05 0.000189188 -0.000660703 0.000164281 -0.000200763 0.000366329 -0.000197972 -0.00125732 0.000218719 6.74187e-05 -0.00165376 0.000106257 0.000369922 0.000411254 0.000134746 2.82704e-05 0.000439267 -0.000274291 -0.000332209 -0.00102946 -0.000690475 -0.000898851 0.000546323 4.07789e-05 -0.000406968 0.00163693
internal_weight=527455 151510 57130 21550 35580 31302 4278 31062 11067 19995 5861 1686 94380 47175 1041 46134 47205 45750 21253 19452 8248 11204 11066 3765 3227 923 495 43022 8295 636
internal_count=527455 151510 57130 21550 35580 31302 4278 31062 11067 19995 5861 1686 94380 47175 1041 46134 47205 45750 21253 19452 8248 11204 11066 3765 3227 923 495 43022 8295 636
is_linear=0
shrinkage=0.03


Tree=140
num_leaves=31
num_cat=0
split_feature=3 3 8 11 10 3 6 10 2 11 10 11 11 10 11 11 7 7 6 11 11 6 6 3 11 1 6 3 1 10
split_gain=20.3228 3.96844 2.37249 3.5684 4.57358 6.28419 3.19938 3.81796 3.07943 2.86599 3.21399 3.69013 2.81577 2.64346 3.00875 3.07579 3.59165 2.55231 4.2041 3.82208 3.58216 2.45995 2.42432 2.90743 2.42334 2.65044 3.18889 2.39215 2.38107 2.35066
threshold=4.0500000000000007 9.0500000000000025 2.5000000000000004 21.500000000000004 1.5000000000000002 2.8500000000000001 0.1856158484065461 6.5000000000000009 57.250000000000007 82.500000000000014 3.5000000000000004 133.50000000000003 14.500000000000002 4.5000000000000009 63.500000000000007 50.500000000000007 9.5000000000000018 1.5000000000000002 0.70710784313725505 92.500000000000014 77.500000000000014 0.22111111111111112 0.27622890682318418 3.8500000000000001 11.500000000000002 3.5000000000000004 0.40946348733233989 3.4500000000000006 16.500000000000004 1.5000000000000002
decision_type=2 2 2 2 2 2 2 2 2 2 2 2 2 2 2 2 2 2 2 2 2 2 2 2 2 2 2 2 2 2
left_child=2 -2 3 4 5 12 -6 -8 13 24 11 -11 -1 14 15 16 21 18 -16 -19 -20 -5 -23 29 25 -4 -27 -22 -26 -24
right_child=1 -3 9 8 6 -7 7 -9 -10 10 -12 -13 -14 -15 17 -17 -18 19 20 -21 27 22 23 -25 28 26 -28 -29 -30 -31
leaf_value=-0.0043744634315371518 -3.4488689888158928e-05 -0.00025496612595995592 -0.0010806798694655299 0.005480689764163404 0.0029041407832410184 -0.0064755029761791221 7.4448444841803329e-05 -0.0017179908335395477 -0.00080510313911603363 -0.00015839537903666496 0.00041626308657882104 -0.0034898971245499802 0.0020252753559907434 -8.90932304576841e-05 -0.0032477232724558197 0.0023695027693584458 -0.0044240273397085006 -0.00026593307338030936 0.003412362930830568 0.0018527821909673022 -2.5699784554273973e-05 -0.0032980477353330788 -0.00017981757750694074 -0.001620919600250275 0.00079208699896062928 0.0077648934056439118 0.0015249297574211824 -0.0048508691102002576 -0.003576402918196621 0.0014216423492321357
leaf_weight=90 90841 384318 100 106 300 250 5748 1314 1627 1000 6534 427 198 4165 462 1489 114 1808 240 1330 509 123 1009 369 17942 144 151 113 113 4521
leaf_count=90 90841 384318 100 106 300 250 5748 1314 1627 1000 6534 427 198 4165 462 1489 114 1808 240 1330 509 123 1009 369 17942 144 151 113 113 4521
internal_value=-0.000151037 -0.000212815 0.000410276 0.00020617 -0.000325296 -0.00299549 -0.000130164 -0.000259064 0.000439619 0.000610318 0.000134566 -0.00115528 2.5357e-05 0.000563421 0.000786313 0.00114433 0.000852074 0.000165998 -0.000938603 0.000632057 0.000299 0.000950226 0.00087048 0.000957398 0.000815601 0.0031401 0.00457088 -0.000902298 0.000764746 0.00112944
internal_weight=527455 475159 52296 25885 7900 538 7362 7062 17985 26411 7961 1427 288 16358 12193 7731 6242 4462 1324 3138 862 6128 6022 5899 18450 395 295 622 18055 5530
internal_count=527455 475159 52296 25885 7900 538 7362 7062 17985 26411 7961 1427 288 16358 12193 7731 6242 4462 1324 3138 862 6128 6022 5899 18450 395 295 622 18055 5530
is_linear=0
shrinkage=0.03


Tree=141
num_leaves=31
num_cat=0
split_feature=3 3 9 8 4 3 8 10 9 10 0 11 9 9 10 10 11 2 3 9 4 3 3 9 6 5 5 10 11 9
split_gain=19.4037 3.7585 2.56267 2.761 2.29684 3.64727 2.46526 2.55216 2.46035 2.28396 2.41305 2.19746 2.15508 2.41919 2.15479 2.16364 2.4417 2.2108 2.3103 2.09794 2.0857 3.35809 3.11073 3.20502 2.42549 2.11671 2.74045 2.31265 2.07694 2.23691
threshold=4.0500000000000007 9.0500000000000025 123.05000000000001 13.500000000000002 2.5000000000000004 5.3500000000000005 1.5000000000000002 14.500000000000002 14.15 1.5000000000000002 3.5000000000000004 41.500000000000007 5.0500000000000007 6.5500000000000007 1.5000000000000002 11.500000000000002 91.500000000000014 56.250000000000007 10.050000000000002 37.050000000000004 1.5000000000000002 2.8500000000000001 2.9500000000000006 19.250000000000004 0.77097902097902116 9.5000000000000018 7.5000000000000009 3.5000000000000004 26.500000000000004 6.1500000000000012
decision_type=2 2 2 2 2 2 2 2 2 2 2 2 2 2 2 2 2 2 2 2 2 2 2 2 2 2 2 2 2 2
left_child=2 4 20 -4 9 6 -6 -8 11 10 12 -9 -2 -14 -3 16 -16 -18 -19 -17 21 -1 23 25 -23 26 28 -27 -22 -30
right_child=1 14 3 -5 5 -7 7 8 -10 -11 -12 -13 13 -15 15 19 17 18 -20 -21 22 24 -24 -25 -26 27 -28 -29 29 -31
leaf_value=0.00046670234170849667 -0.0042442605027864719 -0.00054918405008192719 0.0074232745135308616 0.00037041902668701792 -0.00045791904059383975 -4.048477166395262e-05 0.0010263405993157226 -0.00045714467991399402 0.00050763007325926705 -0.00018193720736730021 -0.00048066635088748241 -0.0042467639820193337 0.0028040108250247109 -0.0022519332954368874 -0.00012542298298282413 -0.00052269192981675933 -0.00057777779010595345 0.0024914385772520494 -0.00013466360550765054 -0.00025716859569031359 -0.00031543292405876856 2.799017253034095e-05 0.00050603944221703026 0.0043329608216996444 -0.0011729910928667999 0.0013994542201037836 -0.0030076231368384469 0.0062409308560612328 0.0030756633638299937 -0.00060362235945649436
leaf_weight=23561 348 20276 97 103 1789 55429 7106 393 1387 21923 1743 212 108 403 178603 34718 22264 310 10997 117150 520 10172 14392 354 1778 237 160 142 580 200
leaf_count=23561 348 20276 97 103 1789 55429 7106 393 1387 21923 1743 212 108 403 178603 34718 22264 310 10997 117150 520 10172 14392 354 1778 237 160 142 580 200
internal_value=-0.0001468 -0.000207166 0.000401673 0.00379105 -3.36199e-05 5.81163e-05 0.000560124 0.000760309 -0.000188699 -0.000281676 -0.00112202 -0.00178508 -0.0024234 -0.00118336 -0.000248186 -0.000231422 -0.000169545 -0.000404283 -6.26647e-05 -0.000317869 0.000388661 0.000258937 0.000666421 0.00171895 -0.0001507 0.00121577 0.000697202 0.00321341 0.00115318 0.00213226
internal_weight=527455 475159 52296 200 90841 66316 10887 9098 1992 24525 2602 605 859 511 384318 364042 212174 33571 11307 151868 52096 35511 16585 2193 11950 1839 1460 379 1300 780
internal_count=527455 475159 52296 200 90841 66316 10887 9098 1992 24525 2602 605 859 511 384318 364042 212174 33571 11307 151868 52096 35511 16585 2193 11950 1839 1460 379 1300 780
is_linear=0
shrinkage=0.03


Tree=142
num_leaves=31
num_cat=0
split_feature=3 3 4 11 9 3 4 9 9 2 11 5 10 6 9 10 11 2 5 9 9 10 0 1 9 3 11 9 1 11
split_gain=18.5223 3.38227 2.43683 2.95894 2.4247 2.28857 2.93479 2.58812 2.73522 2.51622 2.4175 4.38807 2.24888 2.56392 3.09451 2.70516 3.10921 3.26164 2.24085 2.84673 3.06462 3.49744 2.77003 4.50572 3.61006 3.26212 2.74405 2.70717 2.89287 2.62378
threshold=4.1500000000000012 9.0500000000000025 2.5000000000000004 14.500000000000002 5.3500000000000005 3.0500000000000003 1.5000000000000002 11.350000000000003 7.3500000000000005 55.750000000000007 17.500000000000004 5.5000000000000009 14.500000000000002 0.24283374283374287 26.450000000000003 4.5000000000000009 34.500000000000007 55.750000000000007 8.5000000000000018 6.3500000000000005 5.9500000000000011 5.5000000000000009 3.5000000000000004 4.5000000000000009 9.7500000000000018 3.6500000000000008 21.500000000000004 5.5500000000000007 12.500000000000002 111.50000000000001
decision_type=2 2 2 2 2 2 2 2 2 2 2 2 2 2 2 2 2 2 2 2 2 2 2 2 2 2 2 2 2 2
left_child=2 -2 5 4 -4 6 12 8 10 -10 11 -8 13 14 15 -1 17 -17 19 20 27 -22 24 -24 25 -21 -27 -7 -29 -20
right_child=1 -3 3 -5 -6 18 7 -9 9 -11 -12 -13 -14 -15 -16 16 -18 -19 29 22 21 -23 23 -25 -26 26 -28 28 -30 -31
leaf_value=0.0032345588002353903 -3.5891267491838649e-05 -0.00024154843119607349 0.0090022414661943898 0.0010507438149563596 0.002225118829653813 -8.7085538107016354e-05 -0.0051356702486260062 0.0029977093005395423 -0.0042498104747884513 0.001303171614339029 0.001751261682121701 0.0024853878076201864 -9.307061003224522e-05 0.00049509792741289963 0.007543945500024539 -0.0023058556362779603 -0.0045486732804277371 0.0036994466456107614 -0.00015907178976812351 0.0035506399032292943 -0.00045664611240151302 -0.0061541041068492392 0.0051073753934951479 0.0009264441783969036 -0.00077612630982959213 0.0032188716530799862 -0.0025771741245103918 0.001192028945819898 0.0074143808914555439 -0.0024880388645647927
leaf_weight=435 88556 384318 80 1402 117 7005 135 709 164 133 1682 137 5943 19758 85 135 107 205 7052 396 259 155 243 5118 1864 114 207 396 81 464
leaf_count=435 88556 384318 80 1402 117 7005 135 709 164 133 1682 137 5943 19758 85 135 107 205 7052 396 259 155 243 5118 1864 114 207 396 81 464
internal_value=-0.000142636 -0.000203035 0.000380637 0.0015345 0.00497725 0.000345813 0.000520866 0.00141707 0.000919217 -0.00176312 0.00132692 -0.00129712 0.000421392 0.000568917 0.0020772 0.00155036 -8.86174e-05 0.00131499 0.000123733 0.00032617 -7.72015e-05 -0.00258975 0.000727205 0.00111595 -8.02672e-05 0.00172877 -0.000518765 6.18249e-05 0.00224865 -0.00030285
internal_weight=527455 472874 54581 1599 197 52982 29628 2960 2251 297 1954 272 26668 20725 967 882 447 340 23354 15838 7896 414 7942 5361 2581 717 321 7482 477 7516
internal_count=527455 472874 54581 1599 197 52982 29628 2960 2251 297 1954 272 26668 20725 967 882 447 340 23354 15838 7896 414 7942 5361 2581 717 321 7482 477 7516
is_linear=0
shrinkage=0.03


Tree=143
num_leaves=31
num_cat=0
split_feature=3 10 3 9 8 4 7 2 8 3 6 9 3 6 3 9 0 7 10 3 2 5 5 9 4 6 9 3 2 0
split_gain=17.7285 3.51343 4.30332 2.45838 2.65348 2.35907 2.23115 2.65538 3.61372 4.23593 4.19793 3.36762 3.25439 2.71866 2.74117 2.68912 2.41723 3.50851 2.92037 2.82468 2.7403 2.33115 3.64927 2.70219 4.78308 3.01574 2.4752 2.28298 2.2384 2.8581
threshold=4.0500000000000007 1.5000000000000002 11.550000000000002 123.05000000000001 13.500000000000002 3.5000000000000004 2.5000000000000004 56.750000000000007 2.5000000000000004 1.7500000000000002 0.66333333333333344 1.7500000000000002 3.9500000000000006 0.60990338164251223 1.9500000000000002 4.6500000000000012 2.5000000000000004 8.5000000000000018 2.5000000000000004 2.3500000000000001 58.750000000000007 2.5000000000000004 8.5000000000000018 7.3500000000000005 1.5000000000000002 0.37089947089947095 4.0500000000000007 3.1500000000000008 52.500000000000007 7.5000000000000009
decision_type=2 2 2 2 2 2 2 2 2 2 2 2 2 2 2 2 2 2 2 2 2 2 2 2 2 2 2 2 2 2
left_child=3 -2 -3 6 -5 -4 7 8 9 -1 -10 -11 13 14 -9 -15 17 20 19 -18 -8 26 23 25 -25 -23 -21 -28 29 -20
right_child=1 2 5 4 -6 -7 16 12 10 11 -12 -13 -14 15 -16 -17 18 -19 28 21 -22 22 -24 24 -26 -27 27 -29 -30 -31
leaf_value=0.0012063845415593037 -0.00051636452369132778 -9.107741650479038e-06 0.0013053733241081766 0.0072661748764671612 0.00035200584683232731 -0.00023174190028139302 0.00028458791788974483 0.00071765356117620084 0.0014566957614554489 0.0012183369202110282 -2.8994337279374643e-05 -0.00051388930889000766 0.0034820289555050079 0.00088560598242034291 -0.0014627045056046558 -0.0014497723892738575 0.0012760354276588851 -0.0012817884123759152 0.0017764409003887391 -0.00018522059987376497 0.0042851334671722722 -0.0014617298812903824 -0.00095337508773660326 -0.003292968760669316 0.0018971339655938007 0.0017467094171762728 -0.0075094089791592628 -0.0016950535238217962 0.00085448320301255551 0.0073249800968915217
leaf_weight=2115 28982 106503 901 97 103 338773 4179 638 4306 1162 2841 7726 189 1704 2781 600 1613 1429 462 301 160 309 1902 353 292 1797 108 139 14888 102
leaf_count=2115 28982 106503 901 97 103 338773 4179 638 4306 1162 2841 7726 189 1704 2781 600 1613 1429 462 301 160 309 1902 353 292 1797 108 139 14888 102
internal_value=-0.000138585 -0.000196286 -0.000175495 0.000385678 0.00370538 -0.000227665 0.000372934 0.00016102 0.000340885 -2.81559e-07 0.00086612 -0.000287421 -0.000391171 -0.000519082 -0.00105584 0.000277435 0.000554823 7.49629e-06 0.000696608 0.000179227 0.000432107 -0.000160929 5.70359e-05 0.000755619 -0.000943341 0.00127596 -0.00201164 -0.00423736 0.000924761 0.0027799
internal_weight=527455 475159 446177 52296 200 339674 52096 24062 18150 11003 7147 8888 5912 5723 3419 2304 28034 5768 22266 6814 4339 5201 4653 2751 645 2106 548 247 15452 564
internal_count=527455 475159 446177 52296 200 339674 52096 24062 18150 11003 7147 8888 5912 5723 3419 2304 28034 5768 22266 6814 4339 5201 4653 2751 645 2106 548 247 15452 564
is_linear=0
shrinkage=0.03


Tree=144
num_leaves=31
num_cat=0
split_feature=3 3 9 8 7 4 8 7 1 3 0 4 3 8 1 9 9 0 7 6 1 3 1 7 5 0 7 1 8 3
split_gain=16.9007 3.21451 2.36769 2.5544 2.32784 2.77469 2.49541 2.25583 2.98152 2.85774 3.97689 2.17903 3.45781 2.37277 2.84735 4.20675 4.56703 2.47733 2.65658 2.59817 2.29134 2.52014 2.27656 2.14325 2.60444 2.31503 3.353 2.73985 2.30692 3.22846
threshold=4.0500000000000007 9.0500000000000025 123.05000000000001 13.500000000000002 2.5000000000000004 2.5000000000000004 1.5000000000000002 11.500000000000002 8.5000000000000018 26.150000000000002 4.5000000000000009 2.5000000000000004 5.3500000000000005 3.5000000000000004 8.5000000000000018 6.5500000000000007 4.5500000000000007 1.5000000000000002 1.5000000000000002 0.31072796934865904 1.5000000000000002 4.5500000000000007 7.5000000000000009 2.5000000000000004 31.500000000000004 2.5000000000000004 8.5000000000000018 4.5000000000000009 3.5000000000000004 1.7500000000000002
decision_type=2 2 2 2 2 2 2 2 2 2 2 2 2 2 2 2 2 2 2 2 2 2 2 2 2 2 2 2 2 2
left_child=2 11 23 -4 -3 -6 -7 8 9 10 -8 -2 13 14 15 16 -13 -18 -19 -20 21 -15 -21 24 28 26 -25 -27 29 -1
right_child=1 4 3 -5 5 6 7 -9 -10 -11 -12 12 -14 20 -16 -17 17 18 19 22 -22 -23 -24 25 -26 27 -28 -29 -30 -31
leaf_value=0.00089640859087394375 -0.00027212300767227778 -0.00049413725760571244 0.0071287827193737031 0.00034493492244860353 0.0037537787770325279 -0.00094230946112694913 -6.3174765461126972e-06 -0.00029965802565599633 -0.00026836827487476992 -0.00015813750485683316 0.0006636689969666624 0.00015472941131512653 -3.7165300082484232e-05 -0.004901960196702377 -0.00083993167342163446 -0.0024340920724036622 0.0058865546776076492 0.0064824125083053812 0.0045062176647939177 -0.00061601041321873934 0.001147282056248154 0.00021514663329491249 0.0048018118164625508 0.00042243338012552172 -0.0032100026337486668 0.0015572092683697959 -0.0012530490965370618 0.00055522852842348417 0.00070385970599199114 -0.00016571248004462191
leaf_weight=3114 24525 27647 97 103 159 4141 36933 131948 96056 77265 10169 1928 55429 115 1905 361 177 102 171 439 5255 351 83 4339 205 2811 1429 19455 5844 14899
leaf_count=3114 24525 27647 97 103 159 4141 36933 131948 96056 77265 10169 1928 55429 115 1905 361 177 102 171 439 5255 351 83 4339 205 2811 1429 19455 5844 14899
internal_value=-0.00013467 -0.000191008 0.000377207 0.0036351 -0.000228944 -0.000208388 -0.000210155 -0.000201551 -0.000142822 -4.5856e-05 0.000138328 -3.0512e-05 5.88406e-05 0.000547636 8.15626e-05 0.000619878 0.00100004 0.00267676 0.00196213 0.0012968 0.000968495 -0.00104766 0.000245444 0.0003647 0.000157002 0.00054297 7.33899e-06 0.000681725 0.000185934 1.79019e-05
internal_weight=527455 475159 52296 200 384318 356671 356512 352371 220423 124367 47102 90841 66316 10887 5166 3261 2900 972 795 693 5721 466 522 52096 24062 28034 5768 22266 23857 18013
internal_count=527455 475159 52296 200 384318 356671 356512 352371 220423 124367 47102 90841 66316 10887 5166 3261 2900 972 795 693 5721 466 522 52096 24062 28034 5768 22266 23857 18013
is_linear=0
shrinkage=0.03


Tree=145
num_leaves=31
num_cat=0
split_feature=3 11 10 7 1 10 11 6 8 6 3 5 0 1 10 4 3 4 10 7 5 10 10 5 10 6 11 6 5 0
split_gain=16.1412 2.97467 3.17947 3.22627 3.1388 2.62228 3.56236 3.4334 2.81807 3.79282 3.59158 3.08953 4.71753 2.94348 2.47361 2.41448 2.48496 3.01248 2.96788 2.7494 2.57162 2.5084 3.08497 3.23967 2.77134 2.59899 2.3511 2.6807 2.351 3.28129
threshold=4.7500000000000009 91.500000000000014 11.500000000000002 12.500000000000002 12.500000000000002 1.5000000000000002 32.500000000000007 0.8377192982456142 3.5000000000000004 0.5270467836257311 1.7500000000000002 7.5000000000000009 3.5000000000000004 14.500000000000002 3.5000000000000004 3.5000000000000004 3.0500000000000003 1.5000000000000002 14.500000000000002 2.5000000000000004 10.500000000000002 3.5000000000000004 4.5000000000000009 4.5000000000000009 6.5000000000000009 0.17445652173913045 61.500000000000007 0.68857758620689669 3.5000000000000004 4.5000000000000009
decision_type=2 2 2 2 2 2 2 2 2 2 2 2 2 2 2 2 2 2 2 2 2 2 2 2 2 2 2 2 2 2
left_child=5 2 3 4 -2 6 8 -8 10 -10 -1 12 -11 -12 -3 16 17 18 19 20 -7 28 23 -23 25 -24 27 -22 -21 -30
right_child=1 14 -4 -5 -6 15 7 -9 9 11 13 -13 -14 -15 -16 -17 -18 -19 -20 21 26 22 24 -25 -26 -27 -28 -29 29 -31
leaf_value=0.0023439503359523684 1.3942924566697766e-06 -0.00069689626342830219 -0.00029254542703238478 -0.00038808230787133453 -0.0002997038308838697 0.00061055735444731391 -0.00021535280645112569 0.0015438331505191704 -0.00189339818920976 -0.0054303708024560767 -0.0026531372990944799 0.005114326867640265 0.0026097742650965485 0.0029126754336591277 -0.00027457498361361149 0.0041303418138447928 0.00018935722522030586 0.0015311691803507135 -0.00010990053779000848 -0.00062118200311444248 -0.0005227477603614362 0.00086107709911483962 -0.0045268895407207304 0.0047211018721074133 0.0022463571358434286 0.00052691166275490502 -0.0026672808202465605 0.0028352113056224672 -3.553693812877333e-06 0.0019039927386136808
leaf_weight=165 176493 14246 100586 29164 37840 8073 3935 1338 416 94 1419 181 218 91 100811 153 34325 2678 5943 973 1689 305 104 546 985 767 384 245 1459 1829
leaf_count=165 176493 14246 100586 29164 37840 8073 3935 1338 416 94 1419 181 218 91 100811 153 34325 2678 5943 973 1689 305 104 546 985 767 384 245 1459 1829
internal_value=-0.000130799 -0.000194814 -0.000150658 -9.20453e-05 -5.17639e-05 0.000299442 -0.000216144 0.000231033 -0.00112867 0.000216189 -0.00185851 0.00199629 0.000187423 -0.00231771 -0.000326865 0.000366447 0.000356897 0.000578252 0.000468738 0.000666839 0.000357665 0.00112789 0.00184202 0.00333766 0.00115625 -7.65273e-05 -0.000523093 -9.736e-05 0.00067421 0.00105755
internal_weight=527455 459140 344083 243497 214333 68315 7857 5273 2584 909 1675 493 312 1510 115057 60458 60305 25980 23302 17359 10391 6968 2707 851 1856 871 2318 1934 4261 3288
internal_count=527455 459140 344083 243497 214333 68315 7857 5273 2584 909 1675 493 312 1510 115057 60458 60305 25980 23302 17359 10391 6968 2707 851 1856 871 2318 1934 4261 3288
is_linear=0
shrinkage=0.03


Tree=146
num_leaves=31
num_cat=0
split_feature=3 10 10 3 6 2 6 9 1 9 8 11 9 4 4 11 9 2 3 9 11 3 2 9 6 11 2 11 9 9
split_gain=15.4276 3.21098 4.05956 3.41178 3.64661 3.09831 2.92417 2.92937 2.90804 2.60332 2.57631 2.43178 2.4693 3.0027 2.3307 2.86104 2.35422 2.25382 3.35859 2.46202 2.19353 2.1887 2.2666 2.10102 2.95532 2.08748 2.3186 3.03489 2.66422 2.65862
threshold=4.1500000000000012 1.5000000000000002 11.500000000000002 12.350000000000003 0.077677224736048281 53.500000000000007 0.091750841750841763 2.6500000000000008 3.5000000000000004 1.7500000000000002 7.5000000000000009 56.500000000000007 5.7500000000000009 4.5000000000000009 2.5000000000000004 14.500000000000002 5.3500000000000005 51.750000000000007 8.2500000000000018 11.750000000000002 91.500000000000014 4.5500000000000007 57.750000000000007 3.4500000000000006 0.76696832579185525 117.50000000000001 56.250000000000007 272.50000000000006 5.6500000000000012 23.250000000000004
decision_type=2 2 2 2 2 2 2 2 2 2 2 2 2 2 2 2 2 2 2 2 2 2 2 2 2 2 2 2 2 2
left_child=14 -2 3 4 5 8 -6 9 -3 21 -4 12 13 -7 -1 16 -16 18 -10 -19 -5 -8 -23 24 -17 -9 27 -27 -29 -28
right_child=1 2 10 20 6 11 7 25 17 -11 -12 -13 -14 -15 15 23 -18 19 -20 -21 -22 22 -24 -25 -26 26 29 28 -30 -31
leaf_value=0.00031645721234744119 -0.00048943151629291881 -0.0040436911411832963 -0.00050391763590513627 -0.00011484273549781715 -0.0026404533267021177 -0.001666093907858196 0.0043591230256216865 0.00011586035484372633 0.0060655940589697463 -0.0010265677864507118 -0.00021706237374612421 -6.2701096574525729e-05 0.0013698901431454492 0.0031468893104041645 0.0088303551636636259 -0.002588354041029636 0.0021524518307967063 -0.0039960588676773981 -0.00082081161595724675 0.0001565236314921312 -0.00039216272336710302 -0.00033621130560064656 0.0047249591723084452 0.0016859062974503881 0.0035999269862758351 -0.00077892539863636705 0.00070985127455505431 -0.00020841936270395915 -0.007119826024228876 -0.0024654362895271996
leaf_weight=52982 28749 209 35434 158869 375 513 126 62095 115 4025 137613 1977 5262 151 80 266 117 184 143 426 30617 838 88 1042 94 2845 1732 81 132 275
leaf_count=52982 28749 209 35434 158869 375 513 126 62095 115 4025 137613 1977 5262 151 80 266 117 184 143 426 30617 838 88 1042 94 2845 1732 81 132 275
internal_value=-0.000127048 -0.00018217 -0.00016228 -8.98126e-05 7.23795e-05 0.000642686 1.84914e-06 1.5566e-05 -0.000866815 -0.000679266 -0.0002758 0.000848396 0.00115235 -0.000571575 0.000350514 0.00147897 0.00486429 -0.000101876 0.00224871 -0.00109606 -0.000159652 0.000649526 0.000144764 0.00100328 -0.000972525 6.80922e-05 -0.000517527 -0.00103752 -0.00449154 0.000274772
internal_weight=527455 472874 444125 271078 81592 8980 72612 72237 1077 5077 173047 7903 5926 664 54581 1599 197 868 258 610 189486 1052 926 1402 360 67160 5065 3058 213 2007
internal_count=527455 472874 444125 271078 81592 8980 72612 72237 1077 5077 173047 7903 5926 664 54581 1599 197 868 258 610 189486 1052 926 1402 360 67160 5065 3058 213 2007
is_linear=0
shrinkage=0.03


Tree=147
num_leaves=31
num_cat=0
split_feature=3 9 3 4 1 0 1 6 2 1 0 7 5 9 1 3 9 2 6 9 9 3 5 10 9 9 6 5 3 9
split_gain=14.774 3.33238 3.1531 3.38275 2.88915 4.53136 5.9733 6.35792 4.01337 3.67289 7.35293 3.56345 5.15101 3.30969 2.92575 5.1238 3.47236 4.10658 2.77126 2.75538 4.55515 3.27085 2.71564 2.76363 3.16408 2.97931 2.68759 2.67383 2.64659 2.57112
threshold=3.8500000000000001 123.05000000000001 8.6500000000000004 1.5000000000000002 12.500000000000002 5.5000000000000009 8.5000000000000018 0.40161290322580651 58.750000000000007 4.5000000000000009 3.5000000000000004 5.5000000000000009 20.500000000000004 151.85000000000005 15.500000000000002 4.4500000000000011 3.9500000000000006 52.500000000000007 0.39791666666666675 83.350000000000009 51.850000000000001 5.0500000000000007 27.500000000000004 2.5000000000000004 5.2500000000000009 8.3500000000000032 0.53452380952380962 13.500000000000002 4.6500000000000012 84.850000000000009
decision_type=2 2 2 2 2 2 2 2 2 2 2 2 2 2 2 2 2 2 2 2 2 2 2 2 2 2 2 2 2 2
left_child=1 -1 3 27 5 8 11 19 9 10 13 12 -7 22 -6 -16 18 -18 -17 20 21 -8 23 24 -5 -26 -20 -2 -19 -10
right_child=2 -3 -4 4 14 6 7 -9 29 -11 -12 -13 -14 -15 15 16 17 28 26 -21 -22 -23 -24 -25 25 -27 -28 -29 -30 -31
leaf_value=0.00036570587719564714 -0.0013716908398728677 0.004623678597952631 -0.00021049004465564924 -0.0013739605012996765 -0.00061120018222566251 0.00099243471023866838 0.0016326475159852629 -0.00052733770997106578 0.0017931429522736496 -0.00037439558055361009 0.001635886200175092 0.0020773006814402608 -0.0027808360568660211 0.0044248803669974307 0.0037856193504280807 -0.0061982170910370058 -0.0045397449122822802 -0.0036735467256697931 0.0026208734148886145 -0.0023612240954043748 0.0043759146204452636 0.00028792778310330431 -0.0029812482957705172 0.00015952986483380767 0.0013970206033296028 -0.00073922044984483018 -0.0028177465987010079 0.0007390951409318743 0.0010416464646195256 -0.0037389726676046848
leaf_weight=47459 2687 166 389450 2581 10717 3501 2178 7158 1378 23818 2664 2606 359 149 362 123 138 113 123 263 302 6446 283 16936 994 1437 244 676 2064 80
leaf_count=47459 2687 166 389450 2581 10717 3501 2178 7158 1378 23818 2664 2606 359 149 362 123 138 113 123 263 302 6446 283 16936 994 1437 244 676 2064 80
internal_value=-0.000123422 0.000380547 -0.000173443 -1.38048e-05 2.22764e-05 9.75954e-05 0.000448313 0.000143007 -6.14054e-05 -0.000107686 0.000145967 0.00122017 0.000641501 -3.13852e-05 -0.000374461 0.000426654 -6.83805e-06 0.000478774 -0.00230111 0.000665188 0.00075436 0.000627538 -6.12527e-05 -2.36019e-05 -0.000642421 0.000134257 -0.000994994 -0.0009474 0.000796898 0.0014896
internal_weight=527455 47625 479830 90380 87017 73133 22813 16347 50320 48862 25044 6466 3860 22380 13884 3167 2805 2315 490 9189 8926 8624 22231 21948 5012 2431 367 3363 2177 1458
internal_count=527455 47625 479830 90380 87017 73133 22813 16347 50320 48862 25044 6466 3860 22380 13884 3167 2805 2315 490 9189 8926 8624 22231 21948 5012 2431 367 3363 2177 1458
is_linear=0
shrinkage=0.03


Tree=148
num_leaves=31
num_cat=0
split_feature=3 9 11 10 10 7 9 3 1 4 3 6 7 0 6 9 10 11 11 10 9 1 3 3 7 7 0 7 11 11
split_gain=14.0921 3.21474 3.09064 3.48156 3.395 3.16038 3.71536 2.58435 2.41684 3.45448 2.83705 4.08697 3.20828 3.74389 3.70534 4.83121 3.47063 2.61897 3.72141 3.26635 3.0952 2.59528 3.98346 2.93526 2.42566 2.41168 2.49978 3.18925 2.46127 3.02706
threshold=3.8500000000000001 123.05000000000001 90.500000000000014 11.500000000000002 2.5000000000000004 12.500000000000002 6.7500000000000009 6.6500000000000012 12.500000000000002 1.5000000000000002 10.250000000000002 0.082650273224043724 1.5000000000000002 5.5000000000000009 0.33072916666666669 12.350000000000003 3.5000000000000004 82.500000000000014 48.500000000000007 10.500000000000002 5.9500000000000011 7.5000000000000009 6.8500000000000005 8.4500000000000011 1.5000000000000002 2.5000000000000004 2.5000000000000004 8.5000000000000018 126.50000000000001 49.500000000000007
decision_type=2 2 2 2 2 2 2 2 2 2 2 2 2 2 2 2 2 2 2 2 2 2 2 2 2 2 2 2 2 2
left_child=1 25 3 5 -4 8 -7 -8 9 24 11 17 14 -14 15 16 -13 18 19 20 -11 -20 -23 -24 -2 28 27 -27 29 -1
right_child=2 -3 4 -5 -6 6 7 -9 -10 10 -12 12 13 -15 -16 -17 -18 -19 21 -21 -22 22 23 -25 -26 26 -28 -29 -30 -31
leaf_value=-5.9140296723651319e-06 -0.0038849612311883408 0.0045398240209085844 -0.00078640172875476199 -0.00027212762709145401 -0.00024736094313951865 -0.0017411433600443677 0.0018455474634142316 -0.00031658343306952035 -0.00023968733937921533 -0.0007120185707744799 -4.6280390146953173e-05 -0.0049631292149968382 3.9274723657436319e-05 0.00063731519219834562 -0.00025085067384097038 -0.006585756819981795 0.00072732708479729164 0.0050265575200319291 -0.0021587312610253043 -0.0024928133377903386 0.0018880413228292555 -0.0021308891143205868 0.006996088778063402 4.7209657290402575e-05 -0.00082236323262205216 0.00040336716200837559 0.00071309889429003038 -0.0013209570981902623 -0.0013061755326489505 0.00081535992563121608
leaf_weight=16054 275 166 11602 101785 112313 1653 507 26669 39518 475 128201 137 30825 13568 5880 195 326 144 529 190 3110 193 118 102 1515 3845 19852 1289 1022 5397
leaf_count=16054 275 166 11602 101785 112313 1653 507 26669 39518 475 128201 137 30825 13568 5880 195 326 144 529 190 3110 193 118 102 1515 3845 19852 1289 1022 5397
internal_value=-0.000119941 0.000372261 -0.000168794 -0.000123869 -0.000297831 -6.44875e-05 -0.000360241 -0.000276246 -2.66435e-05 1.86731e-05 3.14327e-05 0.000210005 0.00013068 0.000222056 -0.000489762 -0.00262472 -0.000956458 0.00104113 0.000919459 0.00134039 0.00154354 -0.000767385 0.00101475 0.00377434 -0.00129287 0.000357684 0.000560501 -2.95612e-05 0.000132187 0.000200716
internal_weight=527455 47625 479830 355915 123915 254130 28829 27176 225301 185783 183993 55792 50931 44393 6538 658 463 4861 4717 3775 3585 942 413 220 1790 47459 24986 5134 22473 21451
internal_count=527455 47625 479830 355915 123915 254130 28829 27176 225301 185783 183993 55792 50931 44393 6538 658 463 4861 4717 3775 3585 942 413 220 1790 47459 24986 5134 22473 21451
is_linear=0
shrinkage=0.03


Tree=149
num_leaves=31
num_cat=0
split_feature=3 11 2 10 11 9 9 8 6 3 9 5 1 2 2 6 5 6 9 1 5 11 7 9 9 10 7 3 9 10
split_gain=13.5464 2.55775 3.31942 2.48353 3.39729 3.32367 3.74881 2.69681 3.62485 3.40477 3.0771 2.95193 2.80276 2.54202 2.4231 2.70095 3.12856 2.49576 2.36927 3.16286 3.7954 2.73192 4.25226 2.69749 2.51506 2.34059 2.48499 2.7465 2.25001 2.20058
threshold=4.7500000000000009 91.500000000000014 58.750000000000007 1.5000000000000002 32.500000000000007 7.3500000000000005 19.550000000000004 3.5000000000000004 0.5270467836257311 1.7500000000000002 22.050000000000004 7.5000000000000009 14.500000000000002 55.750000000000007 57.250000000000007 0.73508771929824568 10.500000000000002 0.40946348733233989 1.7500000000000002 12.500000000000002 8.5000000000000018 83.500000000000014 2.5000000000000004 2.9500000000000006 4.2500000000000009 11.500000000000002 13.500000000000002 27.050000000000004 12.950000000000001 3.5000000000000004
decision_type=2 2 2 2 2 2 2 2 2 2 2 2 2 2 2 2 2 2 2 2 2 2 2 2 2 2 2 2 2 2
left_child=3 2 25 4 7 14 28 9 10 -1 -9 -10 13 -11 17 16 -16 -6 -19 21 -21 -20 -23 -24 -25 26 -2 -28 -7 -3
right_child=1 29 -4 -5 5 6 -8 8 11 12 -12 -13 -14 -15 15 -17 -18 18 19 20 -22 22 23 24 -26 -27 27 -29 -30 -31
leaf_value=0.0022625029276717792 -6.8825283461388482e-05 -0.00064659579855984935 0.00046332639927647149 0.0003428612051629684 0.0041067049329450243 -0.0010323496568318215 0.0012491948173995078 -0.0032272655806289264 0.00017247798422781322 -0.0038742639313839285 0.0030140517078913174 0.0049884176310100361 0.0028275206962416134 -0.0013347535275044181 -0.0075489731528796261 0.0018886686701183046 -0.00088657857272786433 0.003012609335025937 0.0015774889538816954 -3.8033664545952534e-05 -0.0066191055988654114 -0.0027022671464510496 0.0050057990806501194 -0.0034466723505282349 0.0021869799131632186 -0.00027120675762605138 -0.0010776934517696549 -0.00022679050247931859 -0.0040406824005529574 -0.00024826348738761869
leaf_weight=165 217887 14246 8169 60458 212 695 464 325 312 709 91 181 91 710 96 145 187 366 1568 242 117 416 138 119 178 99020 4461 14546 330 100811
leaf_count=165 217887 14246 8169 60458 212 695 464 325 312 709 91 181 91 710 96 145 187 366 1568 242 117 416 138 119 178 99020 4461 14546 330 100811
internal_value=-0.000116491 -0.000175135 -0.00013419 0.000277653 -0.000224107 0.000212587 -0.000988101 -0.00111524 0.000200368 -0.0018292 -0.00186198 0.0019406 -0.00227631 -0.00260361 0.000685056 -0.00144074 -0.00314661 0.000956164 0.000743723 0.000444798 -0.00218284 0.000834762 -0.000533742 0.00154007 -7.02747e-05 -0.000148721 -9.7523e-05 -0.0004265 -0.00200089 -0.000297584
internal_weight=527455 459140 344083 68315 7857 5273 1489 2584 909 1675 416 493 1510 1419 3784 428 283 3356 3144 2778 359 2419 851 435 297 335914 236894 19007 1025 115057
internal_count=527455 459140 344083 68315 7857 5273 1489 2584 909 1675 416 493 1510 1419 3784 428 283 3356 3144 2778 359 2419 851 435 297 335914 236894 19007 1025 115057
is_linear=0
shrinkage=0.03


Tree=150
num_leaves=31
num_cat=0
split_feature=3 9 10 10 11 3 6 2 5 7 7 2 6 9 3 11 10 11 10 6 2 11 9 9 1 3 9 11 11 11
split_gain=12.931 3.09615 2.93841 3.46149 3.15374 3.37532 4.54205 3.34762 3.01288 2.33986 2.30961 3.37503 3.21074 3.10254 2.82974 2.66338 3.76688 2.54303 4.2843 3.18875 3.30643 2.67301 2.51545 2.60305 2.46986 5.03987 2.40565 2.35679 2.33408 3.70245
threshold=3.8500000000000001 123.05000000000001 1.5000000000000002 11.500000000000002 106.50000000000001 17.350000000000005 0.077677224736048281 53.500000000000007 13.500000000000002 2.5000000000000004 2.5000000000000004 56.250000000000007 0.60990338164251223 18.950000000000003 1.9500000000000002 54.500000000000007 7.5000000000000009 126.50000000000001 7.5000000000000009 0.87083333333333346 55.750000000000007 162.50000000000003 4.3500000000000005 2.1500000000000008 10.500000000000002 2.7500000000000004 1.7500000000000002 182.50000000000003 18.500000000000004 8.5000000000000018
decision_type=2 2 2 2 2 2 2 2 2 2 2 2 2 2 2 2 2 2 2 2 2 2 2 2 2 2 2 2 2 2
left_child=1 10 -2 4 5 6 7 -4 -9 -6 11 13 14 17 -13 16 -15 28 19 20 21 -19 23 -14 25 -18 -16 -21 29 -1
right_child=2 -3 3 -5 9 -7 -8 8 -10 -11 -12 12 22 15 26 -17 24 18 -20 27 -22 -23 -24 -25 -26 -27 -28 -29 -30 -31
leaf_value=0.0026204657378981655 -0.00045020268666276297 0.0044482338021744989 -0.00064704533670866004 -0.00024554219189209945 -0.00098751551981414356 -0.00013415226166751541 1.5383909390708673e-05 0.0006969682764930116 0.0032040685703998684 -0.00025225033074382922 0.0005424358592719126 0.00067359974841362988 -0.0005353278246781045 0.0040987239755712343 -0.0061649347589902426 0.0061590769222830653 0.0027762328868904088 -0.010757060582947097 0.0026405914747358659 0.0030157881735691002 -0.00067805593200389615 -0.0035925325217102183 -0.0012110107010485189 0.001950197148879652 0.0031627921090448194 -0.0044669263858242696 -0.0013749023070898487 -0.0035611858543732364 0.00049645933113889873 -0.00079786409599441339
leaf_weight=319 29477 166 1658 174620 4593 142061 90322 11006 449 25644 24986 638 617 293 98 122 146 99 161 105 103 89 658 984 142 212 2542 92 12364 2689
leaf_count=319 29477 166 1658 174620 4593 142061 90322 11006 449 25644 24986 638 617 293 98 122 146 99 161 105 103 89 658 984 142 212 2542 92 12364 2689
internal_value=-0.000113225 0.000358263 -0.000160022 -0.000141028 -7.48405e-05 -3.92334e-05 9.11313e-05 0.000612877 0.000795239 -0.000363937 0.000343957 0.000123284 -0.000519696 0.000333498 -0.0011194 0.00203256 0.00139771 0.000236461 -0.00160302 -0.00300306 -0.00499836 -0.00736534 0.000350532 0.000992315 -0.000185084 -0.00151301 -0.00155271 -5.56921e-05 0.000314123 -0.000435348
internal_weight=527455 47625 479830 450353 275733 245496 103435 13113 11455 30237 47459 22473 5537 16936 3278 915 793 16021 649 488 291 188 2259 1601 500 358 2640 197 15372 3008
internal_count=527455 47625 479830 450353 275733 245496 103435 13113 11455 30237 47459 22473 5537 16936 3278 915 793 16021 649 488 291 188 2259 1601 500 358 2640 197 15372 3008
is_linear=0
shrinkage=0.03


Tree=151
num_leaves=31
num_cat=0
split_feature=3 7 8 3 11 11 6 10 11 4 10 11 9 9 8 6 3 9 6 1 8 3 4 10 9 9 9 11 7 0
split_gain=12.3881 2.52449 3.41464 4.03153 3.24196 2.7451 3.81125 2.5928 3.6247 2.43998 2.29468 3.15901 3.32611 3.29745 2.54988 3.45672 3.20866 2.91701 2.69894 2.66342 2.26205 2.21145 2.99545 2.88694 4.66868 2.92793 3.48828 3.47362 2.30307 3.84987
threshold=4.7500000000000009 2.5000000000000004 1.5000000000000002 10.850000000000003 117.50000000000001 43.500000000000007 0.43534002229654406 6.5000000000000009 6.5000000000000009 3.5000000000000004 1.5000000000000002 32.500000000000007 7.3500000000000005 19.550000000000004 3.5000000000000004 0.5270467836257311 1.7500000000000002 22.050000000000004 0.66333333333333344 14.500000000000002 10.500000000000002 3.0500000000000003 1.5000000000000002 14.500000000000002 9.1500000000000004 12.550000000000002 15.950000000000001 34.500000000000007 3.5000000000000004 3.5000000000000004
decision_type=2 2 2 2 2 2 2 2 2 2 2 2 2 2 2 2 2 2 2 2 2 2 2 2 2 2 2 2 2 2
left_child=9 5 -3 4 -4 7 -7 8 -2 10 11 14 -13 -14 16 17 -1 -16 -17 -18 -15 22 23 24 28 -26 27 -27 -12 -30
right_child=1 2 3 -5 -6 6 -8 -9 -10 -11 21 12 13 20 15 18 19 -19 -20 -21 -22 -23 -24 -25 25 26 -28 -29 29 -31
leaf_value=0.0021923832188953051 0.0064082497841230143 -0.00071080256701999147 0.00018347616157804379 -0.00017251794842874281 -0.00033333397576563035 -0.0012613850985389388 -0.00035156314499998662 -0.00052510064038649386 4.4546768717143844e-05 0.0039558174761926161 0.00023927592807044225 0.0006697679335888856 -0.0019534460797497048 0.0025980762347999008 -0.0031484662066285423 0.0051720101716777973 -0.002533930007736317 0.0029283237649680494 0.00039102883160819666 0.0027608237333677623 -0.0018407693440810992 0.00016302099304961532 0.0014801105212033138 -0.00015000807294035697 0.0032953231239906664 0.0010242776972373114 0.0020446322373324837 -0.0039522404631282468 -0.00045185424964055613 0.0019759300426869385
leaf_weight=165 81 9317 54672 337007 13652 6272 12212 11253 14674 161 12171 3781 1025 306 325 155 1416 91 338 91 156 34325 2678 5943 815 326 1127 206 861 1853
leaf_count=165 81 9317 54672 337007 13652 6272 12212 11253 14674 161 12171 3781 1025 306 325 155 1416 91 338 91 156 34325 2678 5943 815 326 1127 206 861 1853
internal_value=-0.000109931 -0.000166012 -0.000142969 -0.000129917 8.0211e-05 -0.000380763 -0.000660284 -0.000182106 7.94814e-05 0.000266985 0.000258271 -0.000224239 0.000197031 -0.001005 -0.00108408 0.00019478 -0.00177935 -0.00181917 0.00189418 -0.00221421 0.00109925 0.000321072 0.000529891 0.000420686 0.000616068 0.00182285 0.00109949 -0.00090272 0.000415491 0.00120573
internal_weight=527455 459140 414648 405331 68324 44492 18484 26008 14755 68315 68154 7849 5268 1487 2581 909 1672 416 493 1507 462 60305 25980 23302 17359 2474 1659 532 14885 2714
internal_count=527455 459140 414648 405331 68324 44492 18484 26008 14755 68315 68154 7849 5268 1487 2581 909 1672 416 493 1507 462 60305 25980 23302 17359 2474 1659 532 14885 2714
is_linear=0
shrinkage=0.03


Tree=152
num_leaves=31
num_cat=0
split_feature=3 9 10 10 3 6 9 6 6 1 0 0 3 5 6 2 9 3 5 5 2 6 6 9 8 2 1 9 5 10
split_gain=11.8461 2.97895 2.79424 3.24638 2.82691 3.10712 2.89214 2.87449 2.85897 2.44257 3.34995 3.18849 2.8291 2.5265 2.43459 2.32764 2.27987 2.17582 2.93002 2.1011 3.76866 2.91764 3.5276 2.81668 2.78313 3.78901 4.10546 3.21304 3.19976 3.10198
threshold=3.8500000000000001 123.05000000000001 1.5000000000000002 11.500000000000002 9.4500000000000011 0.090230664857530549 6.5500000000000007 0.091750841750841763 0.040408163265306128 2.5000000000000004 1.5000000000000002 2.5000000000000004 4.2500000000000009 11.500000000000002 0.42365967365967372 57.250000000000007 37.050000000000004 13.15 14.500000000000002 10.500000000000002 57.750000000000007 0.18257575757575759 0.12613636363636366 9.3500000000000032 1.5000000000000002 54.250000000000007 5.5000000000000009 3.5500000000000003 9.5000000000000018 5.5000000000000009
decision_type=2 2 2 2 2 2 2 2 2 2 2 2 2 2 2 2 2 2 2 2 2 2 2 2 2 2 2 2 2 2
left_child=1 19 -2 4 5 6 -4 -7 -8 10 -9 -11 13 -12 -14 -6 -5 18 -17 20 24 22 -21 -22 25 -1 -27 -26 -29 -28
right_child=2 -3 3 16 15 7 8 9 -10 11 12 -13 14 -15 -16 17 -18 -19 -20 21 23 -23 -24 -25 27 26 29 28 -30 -31
leaf_value=-0.00068417290234586072 -0.00043452688439565585 0.00435632650054576 -0.00060462805621154471 -0.00041583785101009519 -0.00015488658100408254 -0.0042279904304255902 0.00087714663501828902 0.00012199767875533902 0.0040116522878085661 -0.00085990740320915978 0.0022556230629745284 3.3405730907652425e-05 0.00019571325483630939 0.0083123060866542482 0.0021147079771325849 0.0023146871264931586 -0.00016953830341683747 7.5418490105720726e-05 0.00012993295223284989 -0.0020550192219736143 -0.0020166411543345881 -0.00018825385427144445 0.0044094270439826271 0.0019780744307064039 0.0016879630973923099 0.0013876393888051955 0.0003053681639282581 0.00047139722244091993 0.0022695643444730928 -0.0016883183114458629
leaf_weight=3817 29477 166 1173 45877 190006 142 4800 6243 277 3891 190 47432 1328 92 1078 968 128743 16826 1287 107 898 8769 262 193 2428 2789 3699 22703 927 867
leaf_count=3817 29477 166 1173 45877 190006 142 4800 6243 277 3891 190 47432 1328 92 1078 968 128743 16826 1287 107 898 8769 262 193 2428 2789 3699 22703 927 867
internal_value=-0.000106764 0.000344512 -0.000151554 -0.000133033 -6.89345e-05 0.000101207 0.000737968 3.53123e-05 0.00104816 4.53596e-05 0.000503246 -3.43199e-05 0.00138871 0.00423156 0.00105551 -0.000123167 -0.000234247 0.000192696 0.00106778 0.000330479 0.000427954 -7.82901e-05 0.00253491 -0.00130997 0.000478883 8.27446e-05 0.000480749 0.000648722 0.000541939 -7.31965e-05
internal_weight=527455 47625 479830 450353 275733 66646 6250 60396 5077 60254 8931 51323 2688 282 2406 209087 174620 19081 2255 47459 38321 9138 369 1091 37230 11172 7355 26058 23630 4566
internal_count=527455 47625 479830 450353 275733 66646 6250 60396 5077 60254 8931 51323 2688 282 2406 209087 174620 19081 2255 47459 38321 9138 369 1091 37230 11172 7355 26058 23630 4566
is_linear=0
shrinkage=0.03


Tree=153
num_leaves=31
num_cat=0
split_feature=3 7 8 3 1 0 1 0 1 11 1 10 7 6 11 2 11 9 11 7 11 0 9 3 9 1 8 11 10 11
split_gain=11.3306 2.41659 3.25627 3.72628 3.31566 11.2522 4.52044 4.84569 2.84095 2.68423 4.64638 3.97139 3.56897 3.36365 2.65468 2.54139 2.39658 2.70621 2.61719 2.38987 2.91757 4.09891 2.55131 2.50682 2.31728 2.24009 2.68977 4.70104 2.21693 3.09459
threshold=4.7500000000000009 2.5000000000000004 1.5000000000000002 13.750000000000002 8.5000000000000018 5.5000000000000009 6.5000000000000009 3.5000000000000004 4.5000000000000009 99.500000000000014 15.500000000000002 15.500000000000002 15.500000000000002 0.063508064516129045 106.50000000000001 52.500000000000007 17.500000000000004 34.650000000000013 26.500000000000004 13.500000000000002 82.500000000000014 4.5000000000000009 11.550000000000002 8.0500000000000025 30.550000000000004 4.5000000000000009 2.5000000000000004 49.500000000000007 1.5000000000000002 32.500000000000007
decision_type=2 2 2 2 2 2 2 2 2 2 2 2 2 2 2 2 2 2 2 2 2 2 2 2 2 2 2 2 2 2
left_child=28 14 -3 4 5 6 7 8 -4 11 12 13 -11 -6 -2 -9 17 24 -18 -8 22 -22 -21 -23 -15 26 27 -17 29 -1
right_child=1 2 3 -5 9 -7 19 15 -10 10 -12 -13 -14 16 -16 25 18 -19 -20 20 21 23 -24 -25 -26 -27 -28 -29 -30 -31
leaf_value=-0.0010678254376425994 -0.00028070046532344372 -0.00068932321027170764 0.00014469335579112721 -0.00017096467189265616 0.00084576710945754956 0.0014071481830902712 -0.00036986669131972884 0.0028644012161127223 -0.00059045635432625914 -0.0016641531019206146 0.0015242695893772215 -0.0010646147645439839 -0.000331841708847108 -0.0008753858200800398 -0.00098634480226109469 0.0078748082673885458 0.00066930110031326829 0.0013420830454986556 -0.00013912073082933377 -0.001156801039852747 -0.0022557971112936444 -0.00077675429613966688 -0.0081345081651532959 0.0047976688279522412 -0.0056228060094933759 0.00034017545119481037 0.0011081171200908336 -0.0010129485123379287 0.00031835281786771685 0.00019946469965337609
leaf_weight=2584 39021 9317 23829 314463 4357 6147 7166 508 5903 3063 803 3019 4422 3566 5471 142 4977 506 13066 82 824 152 111 139 95 5577 2328 86 60458 5273
leaf_count=2584 39021 9317 23829 314463 4357 6147 7166 508 5903 3063 803 3019 4422 3566 5471 142 4977 506 13066 82 824 152 111 139 95 5577 2328 86 60458 5273
internal_value=-0.000103726 -0.00015736 -0.000134815 -0.000122069 4.71444e-05 0.000200344 4.1994e-05 0.000180479 -1.26348e-06 -0.000167215 -0.000644391 -3.3543e-05 -0.000877048 8.36251e-05 -0.000367471 0.000805819 -6.58865e-05 -0.00071435 8.38752e-05 -0.00058511 -0.00176434 -0.00117486 -0.00516989 0.00188594 -0.000998578 0.000677236 0.00141268 0.00452241 0.000256744 -0.00021732
internal_weight=527455 459140 414648 405331 90868 52994 46847 38373 29732 37874 8288 29586 7485 26567 44492 8641 22210 4167 18043 8474 1308 1115 193 291 3661 8133 2556 228 68315 7857
internal_count=527455 459140 414648 405331 90868 52994 46847 38373 29732 37874 8288 29586 7485 26567 44492 8641 22210 4167 18043 8474 1308 1115 193 291 3661 8133 2556 228 68315 7857
is_linear=0
shrinkage=0.03


Tree=154
num_leaves=31
num_cat=0
split_feature=3 9 3 4 0 7 11 9 2 9 9 9 5 11 11 7 5 3 6 9 6 5 8 11 11 8 9 9 11 4
split_gain=10.9041 3.04691 2.48788 3.1585 2.45611 2.59592 2.45725 2.28206 3.08166 3.69726 4.73252 3.2436 2.51132 3.46841 3.47475 2.62387 3.68022 2.94066 2.46893 2.22732 4.51743 3.11838 2.71895 2.58091 5.13024 2.12173 3.25112 2.60095 2.52606 2.34744
threshold=3.7500000000000004 123.05000000000001 8.2500000000000018 1.5000000000000002 5.5000000000000009 10.500000000000002 47.500000000000007 9.3500000000000032 53.500000000000007 12.550000000000002 22.450000000000003 45.95000000000001 3.5000000000000004 168.50000000000003 28.500000000000004 8.5000000000000018 10.500000000000002 3.1500000000000008 0.70185185185185195 10.550000000000002 0.66333333333333344 7.5000000000000009 4.5000000000000009 68.500000000000014 91.500000000000014 2.5000000000000004 3.7500000000000004 4.6500000000000012 117.50000000000001 1.5000000000000002
decision_type=2 2 2 2 2 2 2 2 2 2 2 2 2 2 2 2 2 2 2 2 2 2 2 2 2 2 2 2 2 2
left_child=1 4 3 -2 5 25 -7 12 9 -9 -11 -12 13 14 -6 18 17 -17 -14 20 -10 -21 -23 -24 -25 27 -27 -1 -29 -28
right_child=2 -3 -4 -5 7 6 -8 8 19 10 11 -13 15 -15 -16 16 -18 -19 -20 21 -22 22 23 24 -26 26 29 28 -30 -31
leaf_value=0.00014253842980144801 -0.00081708059781608166 0.0046133844315307208 -0.00017452693762565931 4.2153070119856415e-05 -0.00091742755916729001 -0.0051161307266511776 -0.00052676853782255477 0.0089400906901637728 0.0051164323456379035 -0.0017777288655787217 0.009665910383029018 0.0015582857208116159 0.00027996150260455553 -0.0044977154379976236 0.00079671764386828037 0.0084250888330418428 -0.0018888696112894807 0.0015542364120483397 0.0013883477221758105 0.001123990458419331 -0.0023023686089292442 0.0038510193075623595 -0.0005568826456476872 -0.0097495464176278208 0.00071329629005588316 0.0058340558976467168 0.00022349514407197889 -0.001565851759858292 0.0039289599788608024 0.0012525855119865452
leaf_weight=11740 4037 150 394935 83280 2076 109 2861 91 275 152 85 93 6926 163 2184 126 87 101 2448 3471 101 98 626 88 81 105 6778 1281 80 2827
leaf_count=11740 4037 150 394935 83280 2076 109 2861 91 275 152 85 93 6926 163 2184 126 87 101 2448 3471 101 98 626 88 81 105 6778 1281 80 2827
internal_value=-0.000100726 0.000344803 -0.000142487 2.4274e-06 0.000330592 0.000139079 -0.0006952 0.000586786 0.00112659 0.00358636 0.00211002 0.0054299 0.000389357 -0.000202956 -3.86264e-05 0.000659775 0.00335735 0.00536801 0.000569414 0.000908114 0.00312362 0.000717227 -0.000863821 -0.00144502 -0.00473481 0.000247703 0.000583778 -1.38449e-06 -0.00124287 0.000526383
internal_weight=527455 45203 482252 87317 45053 25781 2970 19272 5161 421 330 178 14111 4423 4260 9688 314 227 9374 4740 376 4364 893 795 169 22811 9710 13101 1361 9605
internal_count=527455 45203 482252 87317 45053 25781 2970 19272 5161 421 330 178 14111 4423 4260 9688 314 227 9374 4740 376 4364 893 795 169 22811 9710 13101 1361 9605
is_linear=0
shrinkage=0.03


Tree=155
num_leaves=31
num_cat=0
split_feature=3 4 3 4 9 1 0 5 0 9 1 1 7 7 1 7 0 1 0 3 1 7 4 3 8 9 3 6 6 9
split_gain=10.4348 2.76609 2.613 3.40296 2.79418 3.34291 7.29861 4.86082 4.85819 4.55627 3.25246 2.67601 2.56852 3.95082 2.54183 4.3529 2.99389 3.04928 2.41361 2.9952 2.88937 2.3951 2.78791 3.63623 2.42593 2.31621 2.30204 2.73371 4.2997 2.44654
threshold=3.5500000000000003 1.5000000000000002 7.4500000000000011 3.5000000000000004 8.3500000000000032 12.500000000000002 7.5000000000000009 7.5000000000000009 1.5000000000000002 9.1500000000000004 15.500000000000002 16.500000000000004 14.500000000000002 17.500000000000004 2.5000000000000004 1.5000000000000002 4.5000000000000009 8.5000000000000018 3.5000000000000004 3.7500000000000004 9.5000000000000018 2.5000000000000004 3.5000000000000004 16.750000000000004 1.5000000000000002 63.550000000000004 5.0500000000000007 0.38548951048951058 0.3816526610644258 3.2500000000000004
decision_type=2 2 2 2 2 2 2 2 2 2 2 2 2 2 2 2 2 2 2 2 2 2 2 2 2 2 2 2 2 2
left_child=1 -1 3 4 11 6 7 12 -9 -10 -7 26 14 -14 15 -6 -16 -18 19 -15 -20 -4 23 -23 -24 -8 27 28 29 -2
right_child=2 -3 21 -5 5 10 25 8 9 -11 -12 -13 13 18 16 -17 17 -19 20 -21 -22 22 24 -25 -26 -27 -28 -29 -30 -31
leaf_value=0.00023911282058507437 -0.00093931372534956101 0.00085430135571409166 -0.00041632560145263335 0.00043052650005293572 -0.0039710992182555955 -0.0010146811160609706 0.0025486019974071267 -0.0024231168360671299 0.0023474855514595636 -0.0003989210292367905 0.0008301088923752892 -0.0027983183540949007 -0.0050960294319235752 -0.005095602863214233 -8.0627678433856754e-05 0.0020722688340668108 0.002098466205495962 0.00044397222629571117 0.0012666442032970124 -0.00042805190601570889 -0.00078206511717515573 0.00036508562763871337 -0.00081572573623751778 0.0064006876012126165 -0.00014821194636444141 -0.0022840353313245271 -0.00051274447114630088 -0.00024091495772934207 0.0067424456730033411 0.000727307324139577
leaf_weight=32318 962 8259 31974 14851 114 3696 1477 982 592 6657 1121 369 138 132 4028 1816 1594 2702 1955 1976 907 7026 4967 91 363479 95 14719 13854 99 4505
leaf_count=32318 962 8259 31974 14851 114 3696 1477 982 592 6657 1121 369 138 132 4028 1816 1594 2702 1955 1976 907 7026 4967 91 363479 95 14719 13854 99 4505
internal_value=-9.78846e-05 0.000364328 -0.000136406 2.11067e-05 -7.31761e-05 0.000138676 0.000277269 0.00014539 -0.000442887 -0.000174632 -0.000585366 -0.000257242 0.00046059 -8.90262e-05 0.00073438 0.0017153 0.000506944 0.00105786 5.00012e-05 -0.000720327 0.000617385 -0.000167071 -0.000145851 0.000442259 -0.000157211 0.00225655 -0.000229776 -1.53056e-05 0.000546245 0.000434041
internal_weight=527455 40577 486878 79341 64490 29982 25165 23593 8231 7249 4817 34508 15362 5108 10254 1930 8324 4296 4970 2108 2862 407537 375563 7117 368446 1572 34139 19420 5566 5467
internal_count=527455 40577 486878 79341 64490 29982 25165 23593 8231 7249 4817 34508 15362 5108 10254 1930 8324 4296 4970 2108 2862 407537 375563 7117 368446 1572 34139 19420 5566 5467
is_linear=0
shrinkage=0.03


Tree=156
num_leaves=31
num_cat=0
split_feature=4 5 2 1 0 10 2 7 1 2 11 2 8 8 10 6 6 2 8 11 7 11 8 4 6 5 11 6 11 2
split_gain=6.93035 3.38957 3.90554 3.85735 4.04802 4.12608 3.58369 3.5815 3.39392 3.36294 3.25392 4.0221 4.15811 3.30689 3.16311 3.15259 3.15119 3.29442 3.08258 3.01664 3.01142 2.93747 2.87285 2.81611 2.77088 2.6791 2.67617 2.98317 3.68161 2.86538
threshold=4.5000000000000009 5.5000000000000009 56.750000000000007 12.500000000000002 6.5000000000000009 9.5000000000000018 55.750000000000007 14.500000000000002 8.5000000000000018 54.250000000000007 35.500000000000007 56.750000000000007 13.500000000000002 14.500000000000002 2.5000000000000004 0.35067567567567576 0.66333333333333344 51.750000000000007 1.5000000000000002 21.500000000000004 2.5000000000000004 301.50000000000006 14.500000000000002 3.5000000000000004 0.31866537717601556 4.5000000000000009 16.500000000000004 0.21498599439775914 13.500000000000002 53.500000000000007
decision_type=2 2 2 2 2 2 2 2 2 2 2 2 2 2 2 2 2 2 2 2 2 2 2 2 2 2 2 2 2 2
left_child=1 2 3 4 5 7 -7 9 -6 14 22 13 -13 15 -1 20 17 -10 21 -18 24 -4 26 -9 -12 -5 27 -3 -29 -28
right_child=-2 10 18 25 8 6 -8 23 16 -11 11 12 -14 -15 -16 -17 19 -19 -20 -21 -22 -23 -24 -25 -26 -27 29 28 -30 -31
leaf_value=-0.00048980703328099675 -0.0001641398316757553 0.00069213694835354087 0.00044871853384534339 -0.00041496118238413122 0.0019214359619001598 0.00018816219953727718 -0.0007028740731241062 -0.0054977087382298362 0.0058481394300609821 0.00087974314229501073 -0.0042844593434561446 0.00017144369091579877 -0.004432699456394718 0.0033292805027081555 0.0005493054146918498 -0.00038112841238341111 -0.0023016087635338058 0.00090915549726459694 -0.00073740401515695034 0.00033509114863272378 -0.0009494892052460042 0.006346764431451447 0.0043187532782040794 0.00086730769907052694 -0.00045929209071896417 0.00095751498780619179 0.0011334044199390952 0.00026796296074336351 -0.00090121610201244432 0.00014798127029408498
leaf_weight=4008 375945 2366 1519 9474 2456 17877 5257 157 125 14263 506 12842 179 193 7705 13629 541 4401 6045 1404 4260 80 145 104 257 1480 2949 3758 6828 26702
leaf_count=4008 375945 2366 1519 9474 2456 17877 5257 157 125 14263 506 12842 179 193 7705 13629 541 4401 6045 1404 4260 80 145 104 257 1480 2949 3758 6828 26702
internal_value=-9.51056e-05 7.61905e-05 0.000215966 0.000286998 0.000384051 0.000277751 -1.4318e-05 0.000535278 0.000971945 0.000570412 -6.78599e-05 -0.000297321 0.00010815 -0.000577482 0.000193738 -0.000617907 0.000611576 0.00104556 -0.000427559 -0.000398305 -0.00126036 0.000743805 0.000103189 -0.00296146 -0.00299603 -0.000229525 8.88412e-05 -0.000270916 -0.000486161 0.000245989
internal_weight=527455 151510 76896 69252 58298 49371 23134 26237 8927 25976 74614 31866 13021 18845 11713 18652 6471 4526 7644 1945 5023 1599 42748 261 763 10954 42603 12952 10586 29651
internal_count=527455 151510 76896 69252 58298 49371 23134 26237 8927 25976 74614 31866 13021 18845 11713 18652 6471 4526 7644 1945 5023 1599 42748 261 763 10954 42603 12952 10586 29651
is_linear=0
shrinkage=0.03


Tree=157
num_leaves=31
num_cat=0
split_feature=3 9 10 10 1 7 9 6 3 3 6 6 0 10 7 1 1 11 7 5 5 5 9 3 1 0 1 0 6 9
split_gain=9.75692 2.93103 2.60538 2.89479 2.58978 3.44032 3.80148 2.78473 2.68119 2.54098 2.80559 2.90812 3.13162 4.33902 3.71816 4.23992 2.74905 2.7757 2.65868 3.72831 2.50393 3.52834 2.49305 2.48038 3.82902 2.47158 4.17471 3.36837 3.03635 2.45434
threshold=3.7500000000000004 123.05000000000001 1.5000000000000002 9.5000000000000018 12.500000000000002 10.500000000000002 8.5500000000000025 0.53950103950103967 5.0500000000000007 22.550000000000004 0.077677224736048281 0.091750841750841763 5.5000000000000009 4.5000000000000009 4.5000000000000009 9.5000000000000018 4.5000000000000009 7.5000000000000009 1.5000000000000002 5.5000000000000009 41.500000000000007 33.500000000000007 9.7500000000000018 6.4500000000000011 8.5000000000000018 2.5000000000000004 2.5000000000000004 1.5000000000000002 0.4156504065040651 71.950000000000017
decision_type=2 2 2 2 2 2 2 2 2 2 2 2 2 2 2 2 2 2 2 2 2 2 2 2 2 2 2 2 2 2
left_child=1 -1 -2 4 5 9 7 -7 -6 10 -4 -12 16 18 -15 -16 20 -18 19 23 21 25 -5 -14 -25 26 27 -13 -29 -17
right_child=2 -3 3 22 8 6 -8 -9 -10 -11 11 12 13 14 15 29 17 -19 -20 -21 -22 -23 -24 24 -26 -27 -28 28 -30 -31
leaf_value=0.0003150566339384462 -0.00040383518732432344 0.0045156187909655273 0.00060558644991796809 -0.00052129233864924083 0.00061894613995701483 -0.00072927053574034398 -0.0001338244870068024 -0.0027329910839206488 -0.00032164233744888445 -8.2144396597759589e-05 -0.0020007243462097954 3.053466871078598e-05 -0.0012949147322528678 0.0003473176971722142 0.002431687701364104 0.00089276902985650644 0.0020185101806029344 -0.00025272692036252192 0.00024966714794405579 -0.0017176782945228415 0.0045325141325592991 -0.0027611040969689688 -0.00016082359905078992 0.0047207803167402746 -2.3232588531277705e-05 0.00068823319714658357 -0.00060039229744682525 0.00035851887565978031 0.0019847992069228402 -0.0029519216886049584
leaf_weight=45053 29763 150 11608 18876 2936 4080 33098 737 38414 59315 585 9615 401 6384 2188 2757 493 27354 10088 1622 120 360 202683 240 423 7610 6110 2444 1790 158
leaf_count=45053 29763 150 11608 18876 2936 4080 33098 737 38414 59315 585 9615 401 6384 2188 2757 493 27354 10088 1622 120 360 202683 240 423 7610 6110 2444 1790 158
internal_value=-9.24468e-05 0.000328996 -0.00013195 -0.000114066 -3.97421e-05 7.17745e-06 -0.000248423 -0.00103584 -0.000254857 7.10755e-05 0.000169486 0.00010679 0.000122171 0.000406794 0.000829875 0.00143357 -1.36688e-06 -0.000212517 2.634e-05 -0.000812426 0.000208263 0.000189683 -0.000191534 0.000567574 0.00169406 0.000228215 5.28185e-05 0.000341007 0.00104606 0.000684378
internal_weight=527455 45203 482252 452489 230930 189580 37915 4817 41350 151665 92350 80742 80157 24261 11487 5103 55896 27847 12774 2686 28049 27929 221559 1064 663 27569 19959 13849 4234 2915
internal_count=527455 45203 482252 452489 230930 189580 37915 4817 41350 151665 92350 80742 80157 24261 11487 5103 55896 27847 12774 2686 28049 27929 221559 1064 663 27569 19959 13849 4234 2915
is_linear=0
shrinkage=0.03


Tree=158
num_leaves=31
num_cat=0
split_feature=3 10 3 5 8 9 1 9 5 11 1 6 11 5 0 3 6 1 1 0 0 1 1 0 5 9 9 5 6 5
split_gain=9.32677 2.67172 2.81097 2.2587 3.11067 3.68501 3.34619 2.8116 3.35803 5.8912 2.48016 2.37939 2.78559 2.2747 3.25658 3.53384 3.21982 4.61147 2.08923 3.57499 2.62946 5.87799 4.09446 6.44212 3.79469 3.18811 3.16035 2.97462 2.84632 3.07061
threshold=3.5500000000000003 1.5000000000000002 7.4500000000000011 10.500000000000002 1.5000000000000002 2.6500000000000008 6.5000000000000009 3.5500000000000003 9.5000000000000018 62.500000000000007 11.500000000000002 0.8377192982456142 168.50000000000003 16.500000000000004 3.5000000000000004 1.7500000000000002 0.33072916666666669 4.5000000000000009 2.5000000000000004 1.5000000000000002 4.5000000000000009 8.5000000000000018 4.5000000000000009 3.5000000000000004 3.5000000000000004 2.3500000000000001 73.250000000000014 2.5000000000000004 0.24283374283374287 26.500000000000004
decision_type=2 2 2 2 2 2 2 2 2 2 2 2 2 2 2 2 2 2 2 2 2 2 2 2 2 2 2 2 2 2
left_child=3 -2 18 4 5 -1 -7 -6 -9 10 -10 12 13 14 15 -5 -17 -18 19 -3 22 24 23 26 -22 -26 -20 -25 -24 -30
right_child=1 2 -4 11 7 6 -8 8 9 -11 -12 -13 -14 -15 -16 16 17 -19 20 -21 21 -23 28 27 25 -27 -28 -29 29 -31
leaf_value=0.00041093390870486888 -0.00039903873539166455 8.713973693465301e-05 -0.00014007767198567485 0.0040718834629554423 0.001659175630913796 0.00027049841694960102 -0.0016441552322197578 0.00046178269269602656 0.0028136409668365068 -0.0027983579155840691 0.0076291233691601797 0.0038841522243478195 -0.0054110567129516439 0.00056742147436605178 4.8343378358233234e-06 -0.0054475137983650114 -0.00062733989220110475 -0.0058757468983635054 -0.00032106570842862857 0.0012830881388235166 0.0015702438719653918 -7.0759937795419653e-05 -0.0014193634293349325 0.0032216086975067337 -0.0025205415837376947 0.00049767663932242558 0.003486754075804753 0.00084884344257022206 -0.00044410072623353198 0.0039783895947039126
leaf_weight=7117 30279 7333 385240 89 2244 1472 1859 19585 543 157 117 131 91 2667 3157 217 952 179 8158 3245 3489 29316 3259 692 332 6142 201 1520 7528 144
leaf_count=7117 30279 7333 385240 89 2244 1472 1859 19585 543 157 117 131 91 2667 3157 217 952 179 8158 3245 3489 29316 3259 692 332 6142 201 1520 7528 144
internal_value=-8.972e-05 -0.000126139 -0.000108042 0.000347263 0.000453695 2.54887e-05 -0.000798052 0.000651253 0.000540392 0.00242481 0.00366729 -0.000123441 -0.000194849 -0.000129476 -0.000534052 -0.00171795 -0.00210022 -0.00145799 6.49095e-05 0.000454019 -2.80904e-06 0.000143183 -0.000269502 0.000151469 0.000772708 0.000342896 -0.000229503 0.00159114 -0.000676609 -0.000361093
internal_weight=527455 486878 456599 40577 33094 10448 3331 22646 20402 817 660 7483 7352 7261 4594 1437 1348 1131 71359 10578 60781 39279 21502 10571 9963 6474 8359 2212 10931 7672
internal_count=527455 486878 456599 40577 33094 10448 3331 22646 20402 817 660 7483 7352 7261 4594 1437 1348 1131 71359 10578 60781 39279 21502 10571 9963 6474 8359 2212 10931 7672
is_linear=0
shrinkage=0.03


Tree=159
num_leaves=31
num_cat=0
split_feature=4 5 2 9 1 0 7 9 1 9 2 11 2 9 8 6 2 6 11 7 9 8 1 11 0 11 6 11 2 8
split_gain=6.02116 3.17505 3.71988 4.07902 3.61542 3.83237 3.54513 3.38367 3.15373 3.1518 3.43779 3.04314 3.80971 6.13196 3.14858 3.00419 3.15586 2.99105 2.88389 2.85839 3.24847 2.74873 2.65584 3.59715 3.3283 2.56229 2.85575 3.4858 2.74238 3.61053
threshold=4.5000000000000009 5.5000000000000009 56.750000000000007 4.1500000000000012 12.500000000000002 6.5000000000000009 7.5000000000000009 98.65000000000002 8.5000000000000018 20.650000000000002 52.500000000000007 35.500000000000007 56.750000000000007 35.850000000000001 14.500000000000002 0.66333333333333344 51.750000000000007 0.35067567567567576 21.500000000000004 2.5000000000000004 4.7500000000000009 14.500000000000002 5.5000000000000009 148.50000000000003 3.5000000000000004 16.500000000000004 0.21498599439775914 13.500000000000002 53.500000000000007 5.5000000000000009
decision_type=2 2 2 2 2 2 2 2 2 2 2 2 2 2 2 2 2 2 2 2 2 2 2 2 2 2 2 2 2 2
left_child=1 2 4 -4 5 6 9 -5 -7 10 -1 21 14 -14 17 16 -10 19 -17 20 -13 25 23 -21 -24 26 -3 -28 29 -27
right_child=-2 11 3 7 -6 8 -8 -9 15 -11 -12 12 13 -15 -16 18 -18 -19 -20 22 -22 -23 24 -25 -26 28 27 -29 -30 -31
leaf_value=-0.00097823092749721018 -0.00015153922792680166 0.00067467894977854526 0.00063803456558556872 -0.00098885317817864332 -0.000222987170959665 0.0018583320654310439 -0.00010933900615850356 0.004085611321709373 0.0057199060325324527 0.0010826657412415315 0.00039428789074980839 -0.00013851069911519293 0.00028643003123202376 -0.0022402786729991369 0.0032505926237335436 -0.0022513264287181384 0.00088590906744400041 -0.00037032617040081686 0.00032670414409016627 -0.0022973480865589196 -0.0042964471714461551 0.0042219698115669446 0.0047697503495653833 0.0039192424789908226 -0.00057980628650598743 0.00042676083124903997 0.00025561439841333307 -0.00088204738105179532 0.00014232353509906028 0.0027277385984492901
leaf_weight=1751 375945 2366 2294 5229 10954 2456 15435 121 125 5698 26487 253 12090 931 193 541 4401 13629 1404 1426 510 145 109 89 2636 2078 3758 6828 26702 871
leaf_count=1751 375945 2366 2294 5229 10954 2456 15435 121 125 5698 26487 253 12090 931 193 541 4401 13629 1404 1426 510 145 109 89 2636 2078 3758 6828 26702 871
internal_value=-8.71924e-05 7.24727e-05 0.000207753 -0.000420291 0.000277076 0.000371036 0.000267607 -0.000874085 0.000943056 0.000439051 0.00030918 -6.69449e-05 -0.000288849 0.000105771 -0.000561513 0.000595673 0.00101942 -0.000600959 -0.000390373 -0.00122674 -0.00291773 9.84712e-05 -0.000923867 -0.00193215 -0.000367383 8.44368e-05 -0.000267583 -0.000478181 0.000238204 0.00110636
internal_weight=527455 151510 76896 7644 69252 58298 49371 5350 8927 33936 28238 74614 31866 13021 18845 6471 4526 18652 1945 5023 763 42748 4260 1515 2745 42603 12952 10586 29651 2949
internal_count=527455 151510 76896 7644 69252 58298 49371 5350 8927 33936 28238 74614 31866 13021 18845 6471 4526 18652 1945 5023 763 42748 4260 1515 2745 42603 12952 10586 29651 2949
is_linear=0
shrinkage=0.03


Tree=160
num_leaves=31
num_cat=0
split_feature=3 4 10 10 11 2 7 11 6 9 9 3 11 6 2 1 6 2 3 3 9 11 9 2 7 9 1 3 3 9
split_gain=8.71484 2.67202 2.54824 2.74733 3.02509 2.75871 2.64228 2.52688 4.71701 4.12966 2.31411 2.23435 4.97267 3.01649 3.01747 3.82839 2.884 2.83473 3.98812 2.52407 2.35119 2.26418 2.23968 3.0705 3.1659 2.23145 2.27659 2.67536 2.26021 2.50677
threshold=3.5500000000000003 1.5000000000000002 1.5000000000000002 11.500000000000002 106.50000000000001 58.750000000000007 3.5000000000000004 18.500000000000004 0.19821428571428576 20.250000000000004 6.9500000000000011 11.750000000000002 105.50000000000001 0.077677224736048281 53.500000000000007 3.5000000000000004 0.091750841750841763 51.750000000000007 8.2500000000000018 7.2500000000000009 47.45000000000001 56.500000000000007 2.6500000000000008 57.750000000000007 1.5000000000000002 4.0500000000000007 7.5000000000000009 8.6500000000000004 5.9500000000000011 30.050000000000004
decision_type=2 2 2 2 2 2 2 2 2 2 2 2 2 2 2 2 2 2 2 2 2 2 2 2 2 2 2 2 2 2
left_child=1 -1 -2 4 5 11 -6 8 -3 -10 -5 12 13 14 15 -4 -15 18 -17 -19 21 -16 23 -18 -25 26 -7 -28 29 -27
right_child=2 7 3 10 6 25 -8 -9 9 -11 -12 -13 -14 16 20 17 22 19 -20 -21 -22 -23 -24 24 -26 28 27 -29 -30 -31
leaf_value=0.00021459705978303697 -0.00038646266746766481 0.0052954015717766416 -0.0047869879708570592 -0.00064494454671875105 -0.00088879241249516325 0.00047246413014522968 -0.00018751071352733579 0.0010354846376550079 -0.0016343741412101853 0.0050101201290912601 -0.00016882369429516901 -8.820332546913932e-05 0.0041492453774253091 -0.0029667752763877313 0.00093146150906221444 0.0069139724996956902 -0.00073314819100056875 -0.0039281970028477806 -0.0012402545702907275 0.0003508985244621665 0.0022357142027062986 -0.0005282293001544245 9.016618920898869e-05 0.0071936666667461397 6.7528692267885141e-05 0.0029017840745907179 -0.0058631011188030246 -4.1775094138251406e-05 0.00052675607780163945 -0.0015426661380950142
leaf_weight=32318 30279 116 187 9724 6020 365 24574 7060 991 92 166482 166125 273 288 4822 110 4791 191 106 354 967 1193 63154 90 149 713 150 135 5500 136
leaf_count=32318 30279 116 187 9724 6020 365 24574 7060 991 92 166482 166125 273 288 4822 110 4791 191 106 354 967 1193 63154 90 149 713 150 135 5500 136
internal_value=-8.47402e-05 0.000337664 -0.000119944 -0.00010227 -4.3934e-05 -9.44902e-06 -0.000325502 0.000819234 -0.000454101 -0.00106993 -0.000195099 -2.63757e-05 0.000107581 9.3139e-05 0.000647049 -0.000941102 2.89885e-05 3.94539e-06 0.00291236 -0.00114875 0.000862685 0.00064195 4.16422e-05 -0.000567599 0.00275101 0.00057775 -0.00109639 -0.00310563 0.000749146 0.00218983
internal_weight=527455 40577 486878 456599 280393 249799 30594 8259 1199 1083 176206 242800 76675 76402 7930 948 68472 761 216 545 6982 6015 68184 5030 239 6999 650 285 6349 849
internal_count=527455 40577 486878 456599 280393 249799 30594 8259 1199 1083 176206 242800 76675 76402 7930 948 68472 761 216 545 6982 6015 68184 5030 239 6999 650 285 6349 849
is_linear=0
shrinkage=0.03


Tree=161
num_leaves=31
num_cat=0
split_feature=3 10 10 11 7 9 3 2 9 3 9 7 7 11 8 2 3 7 10 8 9 2 7 11 11 9 11 0 0 11
split_gain=8.33181 2.42922 2.64855 2.60115 2.2348 3.95266 4.7346 2.78347 2.83831 2.41841 2.50836 2.23426 2.2025 2.19718 2.18541 2.18443 3.35558 2.12742 2.05039 2.02571 3.98347 4.69257 3.95212 6.67325 2.63545 2.9164 2.51139 4.02148 2.36127 4.155
threshold=4.0500000000000007 1.5000000000000002 11.500000000000002 106.50000000000001 11.500000000000002 7.5500000000000007 7.0500000000000007 58.750000000000007 5.3500000000000005 5.9500000000000011 32.550000000000004 4.5000000000000009 3.5000000000000004 33.500000000000007 7.5000000000000009 55.250000000000007 4.8500000000000005 1.5000000000000002 4.5000000000000009 1.5000000000000002 2.5500000000000003 51.750000000000007 3.5000000000000004 97.500000000000014 63.500000000000007 2.3500000000000001 154.50000000000003 5.5000000000000009 3.5000000000000004 11.500000000000002
decision_type=2 2 2 2 2 2 2 2 2 2 2 2 2 2 2 2 2 2 2 2 2 2 2 2 2 2 2 2 2 2
left_child=19 17 3 4 7 -6 -7 -3 13 10 11 -10 -5 -9 -4 -14 18 -2 -17 20 21 -1 -23 24 25 -24 27 -25 -21 -30
right_child=1 2 14 12 5 6 -8 8 9 -11 -12 -13 15 -15 -16 16 -18 -19 -20 28 -22 22 23 26 -26 -27 -28 -29 29 -31
leaf_value=-0.0060732446034439079 -0.0012160218068402923 7.3080372558990911e-06 -0.00040532927322300955 -0.00083855013471804258 -0.0012969177567618284 0.0022661588464487981 -0.00018385763920688084 -0.0027179137424841607 0.0022699464557619838 0.00070976517390245852 -0.001896382202120388 0.0067756657384029804 -0.00049435473453912095 0.00031063056499370791 -0.00014196442944611526 0.005298426914960146 7.1934190500684198e-06 -0.00030818576686783946 -0.00013380586793742229 4.728090657201295e-05 -0.00059230028790066428 0.00014325024993962882 0.00089866483647413863 0.0039046812879988987 -0.0014025362622671681 0.0045922692604519486 0.0020631309048357335 0.01314317364797548 0.0036464491634200552 0.00051372907424007024
leaf_weight=100 2547 196574 35699 5734 2842 724 36410 358 308 4615 85 146 11115 542 137881 176 12871 26435 97 11784 6293 7157 1004 89 332 238 88 81 387 24743
leaf_count=100 2547 196574 35699 5734 2842 724 36410 358 308 4615 85 146 11115 542 137881 176 12871 26435 97 11784 6293 7157 1004 89 332 238 88 81 387 24743
internal_value=-8.22637e-05 -0.00012182 -0.000104532 -4.62059e-05 -1.36218e-05 -0.000218616 -0.00013609 2.6821e-05 0.000660409 0.000931852 0.00283339 0.00371892 -0.000309768 -0.000894057 -0.000196129 -0.000184782 7.70032e-05 -0.000387968 0.00336829 0.000277141 -1.21038e-05 0.00038961 0.000461507 0.00170483 0.000971777 0.00160646 0.00617701 0.00830655 0.000397668 0.000561973
internal_weight=527455 475159 446177 272597 242604 39976 37134 202628 6054 5154 539 454 29993 900 173580 24259 13144 28982 273 52296 15382 9089 8989 1832 1574 1242 258 170 36914 25130
internal_count=527455 475159 446177 272597 242604 39976 37134 202628 6054 5154 539 454 29993 900 173580 24259 13144 28982 273 52296 15382 9089 8989 1832 1574 1242 258 170 36914 25130
is_linear=0
shrinkage=0.03


Tree=162
num_leaves=31
num_cat=0
split_feature=3 4 11 9 5 7 3 11 9 10 9 2 2 11 5 9 2 11 3 1 5 5 9 9 9 8 10 7 10 10
split_gain=8.00022 2.57419 2.43361 3.9143 3.65554 2.36824 3.2156 2.76486 2.75708 2.69922 2.51806 2.48347 2.10576 2.08686 3.53275 2.94602 3.1626 2.68328 4.17541 2.63846 3.09749 2.54396 2.56391 2.30505 2.59778 2.66163 3.09856 3.10406 2.86455 2.59212
threshold=3.5500000000000003 1.5000000000000002 18.500000000000004 20.250000000000004 16.500000000000004 2.5000000000000004 10.850000000000003 106.50000000000001 1.7500000000000002 3.5000000000000004 5.1500000000000012 54.250000000000007 53.500000000000007 69.500000000000014 6.5000000000000009 18.050000000000004 55.250000000000007 47.500000000000007 3.4500000000000006 6.5000000000000009 10.500000000000002 3.5000000000000004 8.1500000000000004 35.250000000000007 11.950000000000001 2.5000000000000004 4.5000000000000009 5.5000000000000009 10.500000000000002 8.5000000000000018
decision_type=2 2 2 2 2 2 2 2 2 2 2 2 2 2 2 2 2 2 2 2 2 2 2 2 2 2 2 2 2 2
left_child=1 13 3 4 12 7 -7 8 9 11 -8 -2 -3 17 -15 16 19 21 23 20 -16 -1 -23 24 25 26 27 -19 -28 -26
right_child=5 2 -4 -5 -6 6 10 -9 -10 -11 -12 -13 -14 14 15 -17 -18 18 -20 -21 -22 22 -24 -25 29 -27 28 -29 -30 -31
leaf_value=-0.00030955303911944023 -0.0015058448689196573 -0.0056443576679071957 0.0010097008610292085 0.0047117545333604854 0.0045989430636951796 6.6130395624621732e-05 -0.00059974241581588249 -0.00089566121172038554 -0.00026452499015339556 0.0038533475529402492 -0.00011877124966731527 0.0013946041829920001 -0.0010917153170897646 0.00015590618667386827 0.00086787246524288155 0.002325736577096023 -0.00074402463726027236 0.0018268716469710634 -0.0045885324193083721 -0.0050478662352376538 -0.005661882894783048 0.00023250759930370615 0.0012956050389270697 0.0061872349920251016 -0.0031477514647830942 0.0026323921063721462 -0.0034601355678660181 -0.0019154975109660882 0.0007031464339117109 0.0026849444613782397
leaf_weight=5927 391 102 7060 119 95 92862 10096 6232 45986 256 330226 829 883 7024 205 194 1412 1758 115 349 96 10425 2539 82 234 1025 256 225 355 97
leaf_count=5927 391 102 7060 119 95 92862 10096 6232 45986 256 330226 829 883 7024 205 194 1412 1758 115 349 96 10425 2539 82 234 1025 256 225 355 97
internal_value=-7.99084e-05 0.000324807 0.000797479 -0.000452136 -0.00102112 -0.000113638 -9.03435e-05 -0.000301568 -0.000223561 0.00105271 -0.00013304 0.000465034 -0.00156316 0.000204014 -0.000175821 -0.00120864 -0.00154117 0.000357016 0.00104804 -0.00327282 -0.00121471 0.000205321 0.000440715 0.0012088 0.00110545 0.00133813 0.000826706 0.00140225 -0.00104121 -0.00143847
internal_weight=527455 40577 8259 1199 1080 486878 433184 53694 47462 1476 340322 1220 985 32318 9280 2256 2062 23038 4147 650 301 18891 12964 4032 3950 3619 2594 1983 611 331
internal_count=527455 40577 8259 1199 1080 486878 433184 53694 47462 1476 340322 1220 985 32318 9280 2256 2062 23038 4147 650 301 18891 12964 4032 3950 3619 2594 1983 611 331
is_linear=0
shrinkage=0.03


Tree=163
num_leaves=31
num_cat=0
split_feature=3 7 9 11 4 3 4 11 6 11 4 7 6 3 7 9 6 1 10 3 6 9 11 10 7 2 0 11 11 3
split_gain=7.67166 2.14152 2.47245 2.41365 2.0764 2.36375 3.21507 3.16959 4.03626 2.32141 2.66799 2.34303 3.93828 4.66782 3.32632 3.02159 2.85781 2.29721 3.08467 3.0695 4.10024 3.1336 2.62384 2.4546 2.21039 2.43398 3.16396 2.56189 2.94739 4.08217
threshold=5.5500000000000007 2.5000000000000004 2.6500000000000008 174.50000000000003 3.5000000000000004 3.1500000000000008 1.5000000000000002 26.500000000000004 0.090230664857530549 8.5000000000000018 1.5000000000000002 10.500000000000002 0.63818181818181829 4.2500000000000009 3.5000000000000004 12.550000000000002 0.8047619047619049 2.5000000000000004 2.5000000000000004 5.0500000000000007 0.64400921658986188 47.45000000000001 72.500000000000014 6.5000000000000009 15.500000000000002 55.750000000000007 3.5000000000000004 70.500000000000014 20.500000000000004 3.3500000000000001
decision_type=2 2 2 2 2 2 2 2 2 2 2 2 2 2 2 2 2 2 2 2 2 2 2 2 2 2 2 2 2 2
left_child=4 3 -3 -2 5 6 -1 8 -8 -7 24 14 -13 -14 15 -12 17 18 22 -19 21 -21 -16 -20 25 27 -27 28 -11 -30
right_child=1 2 -4 -5 -6 9 7 -9 -10 10 11 12 13 -15 16 -17 -18 19 23 20 -22 -23 -24 -25 -26 26 -28 -29 29 -31
leaf_value=0.00025680409696152265 -0.00028183571910728059 -0.001033994066834832 -0.00010104470830438107 -0.0013168194729868367 0.0013324139222245792 0.0015166904669492802 0.0063875487388714266 0.0018494419715011673 -0.0003580860300238227 -0.0021288947713803542 -0.00023495779320333043 -0.00027252568252779662 -0.0094771874015745893 -0.0011137641664874347 0.00095314669338139612 0.00066406989684557717 -0.0047024907844681885 0.00068283344944069417 0.0031962882643697564 -0.00091323581350556877 0.0036477688896768496 0.0031582872841239631 -0.0030528757918406933 0.00079174567247165069 0.0010310793994160309 -0.0012196324527222705 0.00049090908409383464 -0.002464951664082277 0.0021639633999111945 -0.000786644445943311
leaf_weight=27985 37762 2573 399896 2143 1392 940 85 2397 1313 946 15937 5470 92 173 528 4265 93 9746 917 2832 212 181 204 655 843 1456 2935 938 534 2012
leaf_count=27985 37762 2573 399896 2143 1392 940 85 2397 1313 946 15937 5470 92 173 528 4265 93 9746 917 2832 212 181 204 655 843 1456 2935 938 534 2012
internal_value=-7.76175e-05 -0.000127793 -0.000107009 -0.000337417 0.000183269 0.000164155 0.000367922 0.00118732 5.20563e-05 3.94045e-05 1.21596e-05 0.000117147 -0.000445562 -0.00401729 0.000207873 -4.51571e-05 0.000540495 0.000572416 0.00144534 0.000417361 -0.000384901 -0.000668647 -0.000163286 0.0021944 -0.000436569 -0.000576828 -7.62848e-05 -0.00107296 -0.000699057 -0.000167782
internal_weight=527455 442374 402469 39905 85081 83689 31780 3795 1398 51909 50969 41305 5735 265 35570 20202 15368 15275 2304 12971 3225 3013 732 1572 9664 8821 4391 4430 3492 2546
internal_count=527455 442374 402469 39905 85081 83689 31780 3795 1398 51909 50969 41305 5735 265 35570 20202 15368 15275 2304 12971 3225 3013 732 1572 9664 8821 4391 4430 3492 2546
is_linear=0
shrinkage=0.03


Tree=164
num_leaves=31
num_cat=0
split_feature=3 0 1 7 4 3 0 10 6 1 6 10 7 8 3 10 10 9 3 1 11 9 0 7 3 11 9 11 9 7
split_gain=7.38492 2.27529 4.40639 3.7999 3.78832 4.20397 2.96934 4.47358 6.25386 2.55573 3.75051 2.5341 2.40387 2.40041 3.17688 2.35953 3.31751 3.06387 3.05873 3.8662 2.83726 2.30806 2.83945 3.10933 2.27658 2.23539 4.08972 2.73814 2.77278 2.57402
threshold=4.4500000000000011 5.5000000000000009 5.5000000000000009 1.5000000000000002 1.5000000000000002 2.8500000000000001 3.5000000000000004 5.5000000000000009 0.87867647058823539 8.5000000000000018 0.19821428571428576 5.5000000000000009 7.5000000000000009 1.5000000000000002 3.5500000000000003 10.500000000000002 2.5000000000000004 6.5500000000000007 4.2500000000000009 8.5000000000000018 140.50000000000003 28.050000000000004 7.5000000000000009 2.5000000000000004 1.9500000000000002 287.50000000000006 18.650000000000002 21.500000000000004 4.6500000000000012 5.5000000000000009
decision_type=2 2 2 2 2 2 2 2 2 2 2 2 2 2 2 2 2 2 2 2 2 2 2 2 2 2 2 2 2 2
left_child=1 2 4 -4 5 25 11 8 12 10 -3 -6 13 14 -8 16 20 24 19 -19 -5 22 -12 -24 -18 26 27 -1 -29 -30
right_child=-2 9 3 15 6 -7 7 -9 -10 -11 21 -13 -14 -15 -16 -17 17 18 -20 -21 -22 -23 23 -25 -26 -27 -28 28 29 -31
leaf_value=-0.00043486305503160033 -0.00011614099019201368 0.0026601255866531633 -0.0019203987704251397 -0.00049741566465722527 0.00094567619684914441 -0.00074673195219289077 0.0010692354860964795 0.003145030958866383 0.0064820049007601552 0.00028940995577748956 0.00054702262961824131 -0.00018040523829775085 -0.0039722353664951192 0.0011777616101068316 -0.00532247728627661 -0.00099334547323394928 0.0021991773522500179 0.00099844138479419052 -0.0016944062697594284 0.0041175642129783882 -0.0048630461124703284 -0.002143547361206618 0.00078851553753894917 0.0057052319693502796 -0.00043055991173841877 -0.00095843418520282116 0.0033118314334792858 0.0012543120769513199 -0.00063740250978101343 0.0032281497745327865
leaf_weight=2546 465998 1016 1308 3117 4269 4593 142 1056 141 20474 3956 3108 135 744 138 2584 339 1250 244 501 140 252 255 212 2351 1019 450 3451 1493 173
leaf_count=2546 465998 1016 1308 3117 4269 4593 142 1056 141 20474 3956 3108 135 744 138 2584 339 1250 244 501 140 252 255 212 2351 1019 450 3451 1493 173
internal_value=-7.53753e-05 0.000233731 7.65587e-05 -0.0003954 0.000314651 -6.39436e-06 0.000767373 0.00169459 0.000516381 0.000445729 0.0010081 0.000471247 -0.000209377 0.000286703 -0.00208097 -0.000205898 5.03047e-05 0.000561535 0.00145239 0.00189089 -0.000685069 0.000649076 0.000808185 0.00302052 -9.91544e-05 0.000365963 0.000532309 0.000369085 0.000769095 -0.000235998
internal_weight=527455 61457 35292 11834 23458 13725 9733 2356 1300 26165 5691 7377 1159 1024 280 10526 7942 4685 1995 1751 3257 4675 4423 467 2690 9132 8113 7663 5117 1666
internal_count=527455 61457 35292 11834 23458 13725 9733 2356 1300 26165 5691 7377 1159 1024 280 10526 7942 4685 1995 1751 3257 4675 4423 467 2690 9132 8113 7663 5117 1666
is_linear=0
shrinkage=0.03


Tree=165
num_leaves=31
num_cat=0
split_feature=3 4 11 9 5 10 10 1 7 9 3 9 8 3 7 0 1 11 1 5 3 3 4 3 10 0 10 11 9 11
split_gain=7.09856 2.37807 2.31527 3.75615 3.49982 2.29528 2.48227 2.38935 3.21311 3.83006 2.32805 2.24547 2.88658 2.20223 2.50561 4.2168 3.50095 3.1314 2.54213 2.99254 3.10977 2.691 2.85378 2.89839 2.65583 3.26786 2.54052 2.38053 3.24168 2.87324
threshold=3.5500000000000003 1.5000000000000002 18.500000000000004 20.250000000000004 16.500000000000004 1.5000000000000002 9.5000000000000018 12.500000000000002 10.500000000000002 8.5500000000000025 5.0500000000000007 14.350000000000003 5.5000000000000009 22.550000000000004 2.5000000000000004 5.5000000000000009 10.500000000000002 19.500000000000004 2.5000000000000004 27.500000000000004 5.7500000000000009 5.7500000000000009 3.5000000000000004 6.2500000000000009 3.5000000000000004 1.5000000000000002 4.5000000000000009 41.500000000000007 1.7500000000000002 33.500000000000007
decision_type=2 2 2 2 2 2 2 2 2 2 2 2 2 2 2 2 2 2 2 2 2 2 2 2 2 2 2 2 2 2
left_child=1 -1 3 4 -3 -2 7 8 13 -10 11 -9 -13 14 27 18 17 26 21 -20 -21 24 23 -23 -16 -26 -17 29 -29 -7
right_child=5 2 -4 -5 -6 6 -8 10 9 -11 -12 12 -14 -15 15 16 -18 -19 19 20 -22 22 -24 -25 25 -27 -28 28 -30 -31
leaf_value=0.00019188013049904244 -0.00035796301799198538 -0.0015442994092118355 0.00096928860594097069 0.0046019332884114326 0.0044851263575255863 8.3946787480597843e-06 -0.00015991371241913462 0.00085087997207710557 -0.0010080109777551945 -0.00010681793825814276 -0.00029228623128544197 -0.006167115946610768 -0.00027162708899601789 -5.7576970342119276e-05 0.00030041550797124938 -0.0011719790986686382 0.00021534663481329839 0.0012525286786425544 3.9481157035405882e-05 0.0027134472551480142 -0.0020059614378836127 -0.0031419874750303499 0.00047609434338224607 -0.00017139180881285953 0.0012304688524273993 0.0042694144477813207 0.00081154208357252363 0.0015600154288058091 -0.00059012645285659083 0.001372295212377643
leaf_weight=32318 30279 985 7060 119 95 12073 222752 2904 4868 33131 38414 90 441 59315 1263 954 10160 8683 36134 142 1092 396 8093 1166 1030 461 1487 677 9302 1571
leaf_count=32318 30279 985 7060 119 95 12073 222752 2904 4868 33131 38414 90 441 59315 1263 954 10160 8683 36134 142 1092 396 8093 1166 1030 461 1487 677 9302 1571
internal_value=-7.32463e-05 0.000307981 0.000762291 -0.000456562 -0.00101393 -0.000105018 -8.82444e-05 -1.99755e-05 2.47948e-05 -0.000222269 -0.000225376 0.00052289 -0.00127086 8.57572e-05 0.000175549 0.000264529 0.000617944 0.000985653 0.000113413 -1.01313e-05 -0.00146289 0.000485452 0.000249504 -0.000924501 0.00131264 0.00217008 3.63355e-05 -9.21137e-05 -0.000444256 0.000165437
internal_weight=527455 40577 8259 1199 1080 486878 456599 233847 191998 37999 41849 3435 531 153999 94684 71061 21284 11124 49777 37368 1234 12409 9655 1562 2754 1491 2441 23623 9979 13644
internal_count=527455 40577 8259 1199 1080 486878 456599 233847 191998 37999 41849 3435 531 153999 94684 71061 21284 11124 49777 37368 1234 12409 9655 1562 2754 1491 2441 23623 9979 13644
is_linear=0
shrinkage=0.03


Tree=166
num_leaves=31
num_cat=0
split_feature=3 4 2 1 0 10 10 9 7 8 7 9 3 1 2 3 9 3 1 10 3 3 3 1 0 3 10 10 3 3
split_gain=6.81428 3.00207 3.0374 3.8741 2.15735 2.10783 2.45533 2.48802 2.58872 3.67733 2.09983 3.30761 3.00261 2.70007 3.27881 2.68002 3.19567 2.51874 2.76581 3.20081 2.40106 2.29705 2.25499 2.09786 2.06216 2.484 3.28155 2.46996 3.25297 2.39559
threshold=3.3500000000000001 1.5000000000000002 58.250000000000007 5.5000000000000009 7.5000000000000009 1.5000000000000002 11.500000000000002 6.9500000000000011 1.5000000000000002 1.5000000000000002 11.500000000000002 8.5500000000000025 3.8500000000000001 12.500000000000002 58.750000000000007 5.0500000000000007 13.65 7.0500000000000007 2.5000000000000004 7.5000000000000009 23.750000000000004 3.9500000000000006 5.5500000000000007 1.5000000000000002 7.5000000000000009 17.050000000000004 5.5000000000000009 2.5000000000000004 4.7500000000000009 4.2500000000000009
decision_type=2 2 2 2 2 2 2 2 2 2 2 2 2 2 2 2 2 2 2 2 2 2 2 2 2 2 2 2 2 2
left_child=1 -1 4 -4 -3 -2 10 8 9 -8 13 12 -12 14 24 16 -15 18 -13 -20 -16 -18 -21 -11 -7 26 27 28 29 -26
right_child=5 2 3 -5 -6 6 7 -9 -10 23 11 17 -14 15 20 -17 21 -19 19 22 -22 -23 -24 -25 25 -27 -28 -29 -30 -31
leaf_value=0.00020875133298171259 -0.00034041480100191013 0.00056668413845579828 0.0084761483533333775 0.00076097737633972428 0.0022443115011663863 7.7620669664336051e-06 0.0016705403235643078 -0.00014415202209802562 -0.00088918727572017428 0.0033897824054583904 -0.0061763775470305461 0.0052192701902882806 -0.0008675123612252218 0.00090959997689045945 0.0011217557641436907 -0.00029061223143819591 -0.0038098218630063896 -0.00016454030960701439 0.0018633141288707823 -0.0056907472634079425 -2.4456970662274442e-05 -0.00011511520173523451 0.00053124734021108087 -0.0011350481036013062 0.0024434544146060941 -4.6694719784261427e-05 0.0018844374282917845 -0.00026979712288528241 0.00043567505853423655 0.0087449603159743625
leaf_weight=30233 30809 4652 108 128 810 178400 961 167232 7790 100 98 145 4437 3323 4377 37629 227 41784 578 101 2635 455 109 1185 157 4376 1962 2022 549 83
leaf_count=30233 30809 4652 108 128 810 178400 961 167232 7790 100 98 145 4437 3323 4377 37629 227 41784 578 101 2635 455 109 1185 157 4376 1962 2022 549 83
internal_value=-7.10211e-05 0.000327798 0.000959448 0.00429165 0.000815472 -0.000100175 -8.41099e-05 -0.000171685 -0.000630474 0.000266846 -2.93404e-05 -0.000211899 -0.000982235 7.18144e-06 5.41027e-05 -0.000212088 0.000525691 -0.000130117 0.0014115 0.000710833 0.000691027 -0.00134488 -0.00246124 -0.000782921 3.02896e-05 0.000469564 0.000942882 0.000285703 0.0017093 0.00462273
internal_weight=527455 35931 5698 236 5462 491524 460715 177268 10036 2246 283447 47252 4535 236195 194561 41634 4005 42717 933 788 7012 682 210 1285 187549 9149 4773 2811 789 240
internal_count=527455 35931 5698 236 5462 491524 460715 177268 10036 2246 283447 47252 4535 236195 194561 41634 4005 42717 933 788 7012 682 210 1285 187549 9149 4773 2811 789 240
is_linear=0
shrinkage=0.03


Tree=167
num_leaves=31
num_cat=0
split_feature=3 4 11 6 9 5 7 6 11 7 7 1 0 3 11 9 5 9 3 1 5 9 9 6 6 3 4 3 6 9
split_gain=6.51881 2.90096 3.01604 3.77695 2.79204 2.2455 3.55763 2.54582 2.19549 2.68336 2.25602 2.68427 3.7162 4.2275 3.72937 3.40028 2.7431 2.64912 2.48849 2.40246 2.81516 3.66276 3.26409 2.96741 2.39272 2.35871 2.30038 2.99076 2.28863 2.16821
threshold=3.3500000000000001 1.5000000000000002 17.500000000000004 0.21103238866396765 16.550000000000004 4.5000000000000009 2.5000000000000004 0.55086206896551737 90.500000000000014 3.5000000000000004 12.500000000000002 10.500000000000002 5.5000000000000009 22.950000000000003 18.500000000000004 4.9500000000000011 1.5000000000000002 6.7500000000000009 7.0500000000000007 6.5000000000000009 12.500000000000002 24.850000000000005 5.4500000000000011 0.37089947089947095 0.39791666666666675 3.9500000000000006 4.5000000000000009 4.6500000000000012 0.82085561497326209 9.3500000000000032
decision_type=2 2 2 2 2 2 2 2 2 2 2 2 2 2 2 2 2 2 2 2 2 2 2 2 2 2 2 2 2 2
left_child=1 -1 3 -3 5 6 -5 -7 10 -10 11 12 -2 14 15 24 29 -12 -19 20 22 -22 23 -16 -14 -17 27 -24 -27 -13
right_child=8 2 -4 4 -6 7 -8 -9 9 -11 17 16 13 -15 19 25 -18 18 -20 -21 21 -23 26 -25 -26 28 -28 -29 -30 -31
leaf_value=0.00020414306153958951 -3.0184971475293775e-05 0.0049300804089734999 0.0012266863855109073 -0.0071908651297766862 0.0037249585056497924 -0.0024497888213954864 -6.9390887081205284e-05 0.0026362623130519163 -0.0006363820779364893 -0.00016088834677885504 -0.0013060923268360801 -0.0014624962663829723 -0.0040504261101350966 -5.9247863973665055e-05 -0.0046717754328115414 0.0031917630297106665 -0.00010986884850647843 0.0014664151038763658 -0.0002252705456963043 0.00064138705915128119 -0.0013176235118146134 0.0037472510539879236 0.00096686743519788863 0.0015109850532185715 -0.00066637950089833793 0.00014183804139177849 0.001582363289815408 0.0056764395682435288 -0.0040838934781671568 -0.00039639768860560482
leaf_weight=30233 180964 94 4870 154 83 254 107 136 11780 114543 2022 2245 304 17363 88 222 82237 795 50168 15094 469 177 163 339 493 3760 405 475 119 7299
leaf_count=30233 180964 94 4870 154 83 254 107 136 11780 114543 2022 2245 304 17363 88 222 82237 795 50168 15094 469 177 163 339 493 3760 405 475 119 7299
internal_value=-6.89092e-05 0.000321168 0.00094209 -0.000731804 -0.0014569 -0.00211756 -0.00427133 -0.000676192 -9.74243e-05 -0.00020523 -6.01345e-05 -2.94178e-05 2.73423e-05 0.000291089 0.000566234 -0.00016414 -0.000165741 -0.000241134 -0.000198881 0.0007741 0.00172078 7.01208e-05 0.00244617 0.000236786 -0.00195716 0.000184321 0.00335069 0.00447321 1.2201e-05 -0.000647172
internal_weight=527455 35931 5698 828 734 651 261 390 491524 126323 365201 312216 220435 39471 22108 4898 91781 52985 50963 17210 2116 646 1470 427 797 4101 1043 638 3879 9544
internal_count=527455 35931 5698 828 734 651 261 390 491524 126323 365201 312216 220435 39471 22108 4898 91781 52985 50963 17210 2116 646 1470 427 797 4101 1043 638 3879 9544
is_linear=0
shrinkage=0.03


Tree=168
num_leaves=31
num_cat=0
split_feature=3 7 4 5 2 11 6 10 6 8 6 3 11 6 3 1 8 2 2 2 11 11 2 11 10 11 7 11 2 5
split_gain=6.24131 2.06739 2.85981 2.69079 3.79848 3.12853 3.58043 2.2151 2.21019 2.13638 4.05214 2.41969 2.45666 3.59963 2.78055 2.61374 3.15953 2.51058 2.944 2.34643 2.4791 4.71203 2.29686 2.63957 3.85555 2.94256 2.3614 2.35429 2.13483 2.77354
threshold=3.7500000000000004 2.5000000000000004 2.5000000000000004 10.500000000000002 53.500000000000007 148.50000000000003 0.58898944193061853 1.5000000000000002 0.54226190476190483 2.5000000000000004 0.66333333333333344 1.5500000000000003 27.500000000000004 0.59175084175084181 2.9500000000000006 5.5000000000000009 1.5000000000000002 55.750000000000007 56.750000000000007 54.250000000000007 72.500000000000014 50.500000000000007 52.500000000000007 42.500000000000007 3.5000000000000004 111.50000000000001 1.5000000000000002 78.500000000000014 52.500000000000007 2.5000000000000004
decision_type=2 2 2 2 2 2 2 2 2 2 2 2 2 2 2 2 2 2 2 2 2 2 2 2 2 2 2 2 2 2
left_child=1 2 3 9 -5 6 8 -8 -6 11 -11 -1 -13 14 -14 16 17 -15 -19 28 21 -21 -12 26 25 27 -24 -25 -17 -30
right_child=-2 -3 -4 4 5 -7 7 -9 -10 10 22 12 13 15 -16 19 -18 18 -20 20 -22 -23 23 24 -26 -27 -28 -29 29 -31
leaf_value=0.0011514487260393372 -9.8421398402164867e-05 0.00046457749846430622 0.0039573347435465879 0.0034538041279436301 -0.00091225749697392737 -0.0065266832309665481 0.0036315765339090967 0.00012321335651187143 -0.0032305118034921228 0.0013177547804450931 0.0035568647255675621 -0.00080589884795075756 -0.00023211208801211732 0.001120476753840355 -0.0033263834422385249 -0.0021622142318478187 -0.00044227565091698806 0.0059034816243701835 0.001369475738982397 -0.0011506237236931238 -0.0020295025054915179 0.0028699443108818837 -0.0042986456702008421 -0.0014153048172236844 0.0029149137203395101 -0.0055512346551144986 -0.00070786253363055952 0.0039638637377071044 -0.00036266808409825128 0.0033408020532908079
leaf_weight=1309 482252 23574 168 195 2549 85 198 890 433 3495 138 3875 737 678 405 140 538 290 232 766 703 399 184 232 440 101 1582 107 302 458
leaf_count=1309 482252 23574 168 195 2549 85 198 890 433 3495 138 3875 737 678 405 140 538 290 232 766 703 399 184 232 440 101 1582 107 302 458
internal_value=-6.68268e-05 0.000270243 5.84326e-05 2.79114e-05 -0.000638326 -0.000830376 -0.000711411 0.000761684 -0.00124888 0.000197284 0.000637567 -5.79353e-05 -0.000224173 0.000174939 -0.00132947 0.000556216 0.00146805 0.00232451 0.00388837 -1.63145e-05 -0.000622596 0.000226378 -0.000216333 -0.000413121 0.00092917 -0.00105657 -0.00108199 0.000282545 0.00124206 0.00186916
internal_weight=527455 45203 21629 21461 4350 4155 4070 1088 2982 17111 6279 10832 9523 5648 1142 4506 1738 1200 522 2768 1868 1165 2784 2646 880 440 1766 339 900 760
internal_count=527455 45203 21629 21461 4350 4155 4070 1088 2982 17111 6279 10832 9523 5648 1142 4506 1738 1200 522 2768 1868 1165 2784 2646 880 440 1766 339 900 760
is_linear=0
shrinkage=0.03


Tree=169
num_leaves=31
num_cat=0
split_feature=3 7 8 11 1 4 7 5 1 3 2 3 10 10 6 3 1 6 1 3 10 11 1 1 11 1 11 2 5 7
split_gain=6.04235 2.05281 2.63379 2.20973 2.04733 2.02316 2.05439 4.92393 2.60251 2.44266 4.69645 2.70215 2.54878 2.46937 2.77356 2.40216 3.69045 3.42359 3.13675 2.62413 5.54755 2.34556 2.49539 2.32501 2.26835 2.19245 2.13383 2.10929 2.07871 2.18724
threshold=5.5500000000000007 2.5000000000000004 1.5000000000000002 174.50000000000003 6.5000000000000009 3.5000000000000004 2.5000000000000004 32.500000000000007 16.500000000000004 2.5500000000000003 54.250000000000007 1.9500000000000002 2.5000000000000004 15.500000000000002 0.82085561497326209 3.2500000000000004 2.5000000000000004 0.24283374283374287 2.5000000000000004 3.7500000000000004 3.5000000000000004 13.500000000000002 15.500000000000002 12.500000000000002 8.5000000000000018 8.5000000000000018 64.500000000000014 54.250000000000007 8.5000000000000018 10.500000000000002
decision_type=2 2 2 2 2 2 2 2 2 2 2 2 2 2 2 2 2 2 2 2 2 2 2 2 2 2 2 2 2 2
left_child=5 3 4 -2 -3 6 7 8 24 10 -8 -12 28 14 15 16 17 -14 19 20 -17 25 -23 -15 -1 -18 -16 -19 29 -11
right_child=1 2 -4 -5 -6 -7 9 -9 -10 12 11 -13 13 23 26 18 21 27 -20 -21 -22 22 -24 -25 -26 -27 -28 -29 -30 -31
leaf_value=0.0018138579847844225 -0.00026153306814736806 -0.0012102138798200292 -7.8313853552811608e-05 -0.0012518322544667333 -0.00022592481167914364 0.0013008994281548877 -0.00026095464986777205 -0.0041314668840380341 -0.0030275199770208772 0.0002898983057309659 0.00037353407633275117 0.0017839720163255318 0.0045185508924812353 0.00011951801281898897 -0.00062925166252443163 -0.0062210794588771915 0.0015427717748422954 0.0013535970765798258 0.00024442185224892403 0.0018975353005405348 0.0012005891084975904 0.0017220905418013977 0.0067468782977970401 -0.0011721073361693774 -1.3796522322654441e-05 -0.0053571788538247346 -0.0052764089945061448 -0.0035106362527470704 -0.00070607212455300081 -0.0016036772857376828
leaf_weight=623 37762 3247 394631 2143 4591 1392 2732 262 254 6236 1921 3362 81 8318 381 118 86 109 14786 1961 391 2683 92 1477 32196 80 116 304 4518 602
leaf_count=623 37762 3247 394631 2143 4591 1392 2732 262 254 6236 1921 3362 81 8318 381 118 86 109 14786 1961 391 2683 92 1477 32196 80 116 304 4518 602
internal_value=-6.49487e-05 -0.000109479 -8.91295e-05 -0.000314715 -0.00063368 0.000166583 0.000147716 -3.49661e-05 -2.51412e-06 0.000268653 0.000748889 0.00127111 0.000177742 0.000318661 0.000500761 0.000553957 0.00127846 -0.00112083 0.000409738 0.00139936 -0.000519955 0.00168146 0.00188868 -7.52477e-05 2.08977e-05 -0.00178251 -0.0017139 -0.00222686 -0.000206731 0.000123193
internal_weight=527455 442374 402469 39905 7838 85081 83689 33335 33073 50354 8015 5283 42339 30983 21188 20691 3435 494 17256 2470 509 2941 2775 9795 32819 166 497 413 11356 6838
internal_count=527455 442374 402469 39905 7838 85081 83689 33335 33073 50354 8015 5283 42339 30983 21188 20691 3435 494 17256 2470 509 2941 2775 9795 32819 166 497 413 11356 6838
is_linear=0
shrinkage=0.03


Tree=170
num_leaves=31
num_cat=0
split_feature=3 4 2 1 11 6 10 11 10 1 7 2 1 8 10 2 3 8 10 0 6 11 11 1 6 10 6 7 10 11
split_gain=5.79042 2.83683 2.94252 3.74441 3.44874 2.91139 2.22409 2.06914 2.88784 2.25093 2.28208 2.25477 3.25311 3.8025 1.98683 1.88496 3.15541 1.86295 1.85194 1.82744 2.5778 2.37021 2.73407 2.19955 2.34189 2.40298 3.16373 2.31054 3.00622 2.79029
threshold=3.3500000000000001 1.5000000000000002 58.250000000000007 5.5000000000000009 17.500000000000004 0.21103238866396765 2.5000000000000004 69.500000000000014 2.5000000000000004 14.500000000000002 11.500000000000002 58.750000000000007 12.500000000000002 3.5000000000000004 7.5000000000000009 59.250000000000007 7.0500000000000007 5.5000000000000009 2.5000000000000004 4.5000000000000009 0.93095238095238109 140.50000000000003 21.500000000000004 5.5000000000000009 0.8377192982456142 3.5000000000000004 0.29198717948717956 2.5000000000000004 3.5000000000000004 75.500000000000014
decision_type=2 2 2 2 2 2 2 2 2 2 2 2 2 2 2 2 2 2 2 2 2 2 2 2 2 2 2 2 2 2
left_child=1 19 4 -4 5 -3 -6 9 15 10 11 14 -13 -14 -2 -9 -17 18 -7 21 -21 22 -1 24 25 26 -24 28 -26 -30
right_child=7 2 3 -5 6 17 -8 8 -10 -11 -12 12 13 -15 -16 16 -18 -19 -20 20 -22 -23 23 -25 27 -27 -28 -29 29 -31
leaf_value=-0.00054965339006820288 8.6533485990249122e-05 0.0040860669915250428 0.0083121562596513987 0.00072721869357337708 0.00013621367027122203 0.00017990375921550779 0.0015414353866609275 -0.00057730986088956322 -0.00013113879265962486 -0.00031430171892016766 -0.00019587391810228151 0.00074380823255304907 -0.0067047500407153909 -0.00037465540097333998 -8.7883715991217079e-05 0.0046898619303616081 -0.00026602965749904743 0.0019271923598981548 -0.0034119301462018203 0.00057891695200893009 -0.00035425245090428228 -0.001084013918924182 -0.004682225963770179 -0.0005630769146026495 0.0023101298918003152 0.0012073532584215936 1.4358917117344787e-05 0.0038420169712959701 -0.0020022197862224439 0.0037923368181478467
leaf_weight=3996 121284 89 108 128 1492 186 3162 18310 149319 25816 55449 6243 110 382 114055 164 392 110 423 13588 3314 1807 136 1607 693 1742 2539 351 366 94
leaf_count=3996 121284 89 108 128 1492 186 3162 18310 149319 25816 55449 6243 110 382 114055 164 392 110 423 13588 3314 1807 136 1607 693 1742 2539 351 366 94
internal_value=-6.3106e-05 0.000304533 0.000918553 0.00419829 0.000776843 -0.00103234 0.00109094 -8.99808e-05 -0.000175326 -4.55884e-05 -2.22723e-05 1.74926e-05 0.000558716 -0.00178992 2.00371e-06 -0.000525055 0.00119578 -0.00166592 -0.00231492 0.000188809 0.000395949 -7.38184e-05 8.45834e-05 0.000421248 0.0006884 0.00034025 -0.000224421 0.00171086 0.00106209 -0.000818115
internal_weight=527455 35931 5698 236 5462 808 4654 491524 168185 323339 297523 242074 6735 492 235339 18866 556 719 609 30233 16902 13331 11524 7528 5921 4417 2675 1504 1153 460
internal_count=527455 35931 5698 236 5462 808 4654 491524 168185 323339 297523 242074 6735 492 235339 18866 556 719 609 30233 16902 13331 11524 7528 5921 4417 2675 1504 1153 460
is_linear=0
shrinkage=0.03


Tree=171
num_leaves=31
num_cat=0
split_feature=3 11 0 1 1 0 6 0 11 4 3 3 11 9 10 0 9 3 9 8 11 6 10 9 8 7 9 7 3 3
split_gain=5.59866 2.32716 2.04543 6.32809 5.34174 6.73691 3.87508 2.53491 2.14655 2.08864 3.05186 2.99936 3.22935 2.79754 2.22642 2.19062 4.01355 3.16057 2.71305 2.34826 2.23369 2.21288 2.16742 4.56744 2.03841 2.68007 2.02389 1.95967 3.4009 4.50521
threshold=6.2500000000000009 6.5000000000000009 5.5000000000000009 8.5000000000000018 5.5000000000000009 3.5000000000000004 0.16823899371069184 7.5000000000000009 11.500000000000002 2.5000000000000004 4.2500000000000009 4.6500000000000012 14.500000000000002 4.5500000000000007 1.5000000000000002 1.5000000000000002 6.2500000000000009 4.4500000000000011 10.950000000000001 9.5000000000000018 24.500000000000004 0.70710784313725505 5.5000000000000009 4.6500000000000012 6.5000000000000009 2.5000000000000004 5.0500000000000007 1.5000000000000002 5.9500000000000011 4.7500000000000009
decision_type=2 2 2 2 2 2 2 2 2 2 2 2 2 2 2 2 2 2 2 2 2 2 2 2 2 2 2 2 2 2
left_child=1 -1 4 6 5 9 -4 -8 -6 10 -3 15 13 -13 26 16 -11 19 -18 21 -19 22 23 -17 25 -9 -12 28 29 -10
right_child=-2 2 3 -5 8 -7 7 24 27 11 14 12 -14 -15 -16 17 18 20 -20 -21 -22 -23 -24 -25 -26 -27 -28 -29 -30 -31
leaf_value=0.0024145873288144493 -0.00010815880543079772 7.7863975975533541e-05 0.0023599739457652053 0.00010676179604022304 0.0023821404636332607 0.0010087172107988822 0.00052359623367544269 0.001122889441344887 -0.0018471381038799107 0.0028468437686369015 -0.0045779431777552143 -0.0012920696645802845 -8.6066413019465632e-05 0.0030762308482214697 -0.00052636535231569018 -0.0028165573822824578 -0.0064669558435678483 0.0085350863310423748 3.2305040933789991e-05 0.0059380348839543082 0.0030673652008778784 0.0041916941250524217 -0.0032665986359119415 0.0048686802673013245 -0.0016504549399573118 0.0051744876812639022 -0.0010418926032840228 -0.0003169578371941586 -0.0063098741692045462 0.0014696681914907514
leaf_weight=404 428654 16132 1593 33284 249 7831 6134 300 1443 231 242 173 5468 556 4983 133 100 110 137 88 173 124 150 146 94 288 366 17259 115 495
leaf_count=404 428654 16132 1593 33284 249 7831 6134 300 1443 231 242 173 5468 556 4983 133 100 110 137 88 173 124 150 146 94 288 366 17259 115 495
internal_value=-6.12345e-05 0.000142349 0.00013302 0.000292534 1.57337e-05 0.00022704 0.00102785 0.000716508 -0.000385501 1.82072e-05 -0.000131472 0.000446655 0.00016399 0.00203958 -0.000735481 0.00170504 3.28015e-05 0.00255202 -0.00271 0.0013862 0.00519263 0.000661854 -0.000358426 0.00120511 0.00245158 0.00310735 -0.00244933 -0.000421186 -0.0012974 -0.000999966
internal_weight=527455 98801 98397 41693 56704 37143 8409 6816 19561 29312 21723 7589 6197 729 5591 1392 468 924 237 641 283 553 429 279 682 588 608 19312 2053 1938
internal_count=527455 98801 98397 41693 56704 37143 8409 6816 19561 29312 21723 7589 6197 729 5591 1392 468 924 237 641 283 553 429 279 682 588 608 19312 2053 1938
is_linear=0
shrinkage=0.03


Tree=172
num_leaves=31
num_cat=0
split_feature=3 4 2 6 0 7 7 0 8 6 0 10 2 0 7 3 9 9 2 2 2 2 9 9 6 7 0 8 8 7
split_gain=5.37809 2.73718 2.83759 2.68643 2.46764 2.28434 3.39313 2.09787 2.46912 1.99438 4.23337 2.57738 2.34164 1.98635 1.96578 2.56416 2.2824 2.1477 2.63767 2.16249 1.98818 1.92693 1.77073 4.21047 3.10892 1.7838 1.76116 2.45955 2.45708 3.25552
threshold=3.3500000000000001 1.5000000000000002 58.250000000000007 0.21103238866396765 4.5000000000000009 10.500000000000002 8.5000000000000018 3.5000000000000004 6.5000000000000009 0.36451048951048953 2.5000000000000004 6.5000000000000009 55.750000000000007 7.5000000000000009 2.5000000000000004 10.850000000000003 5.1500000000000012 1.7500000000000002 54.250000000000007 55.750000000000007 57.750000000000007 54.250000000000007 11.350000000000003 13.350000000000003 0.73508771929824568 3.5000000000000004 5.5000000000000009 15.500000000000002 1.5000000000000002 6.5000000000000009
decision_type=2 2 2 2 2 2 2 2 2 2 2 2 2 2 2 2 2 2 2 2 2 2 2 2 2 2 2 2 2 2
left_child=1 -1 3 7 -4 6 9 8 -3 10 -5 12 -12 -9 17 26 21 18 -2 -20 -21 -17 -11 -24 25 -25 28 -28 -16 -30
right_child=14 2 4 5 -6 -7 -8 13 -10 22 11 -13 -14 -15 15 16 -18 -19 19 20 -22 -23 23 24 -26 -27 27 -29 29 -31
leaf_value=0.00018113506323753326 -0.00089737697678511261 0.0078472279735866037 0.0076961518964963026 -0.0059361898881884721 0.0014881913563893998 -0.0045068870271306209 0.0065550853078623844 0.0003824255614525627 0.0021759724996690101 0.00045234739756052131 -0.0036989091757751464 0.0037561946207184688 0.00091039148123231287 0.0043858661438367762 -0.0006291883446734928 -0.0011748118639127874 -8.9022532752438467e-05 -0.00028909505307164746 0.0032935780449940338 5.0601163656999735e-05 0.0038971763080917297 -0.00027335466291563131 0.0085093278534311267 0.0050753861565667477 -0.002319379326961368 -0.00035630122587331626 0.00023794604185573711 -0.0038032998582896061 0.00023702595832805824 -0.0002538453295679826
leaf_weight=30233 610 111 100 130 136 82 83 507 183 3215 175 131 229 143 5652 3064 330226 53492 411 755 144 7032 84 158 148 83 40090 136 28941 20971
leaf_count=30233 610 111 100 130 136 82 83 507 183 3215 175 131 229 143 5652 3064 330226 53492 411 755 144 7032 84 158 148 83 40090 136 28941 20971
internal_value=-5.9499e-05 0.000294809 0.000897948 0.000758788 0.00411868 0.000454667 0.000546382 0.00221432 0.00431716 0.000431812 -0.00108041 9.94991e-05 -0.00108621 0.00126318 -8.53993e-05 -6.40138e-05 -0.000102607 -0.000253711 0.000732113 0.00149088 0.000666738 -0.000546935 0.000704488 0.00241829 0.00110301 0.00320472 7.30996e-05 0.000224283 -3.63508e-05 3.07817e-05
internal_weight=527455 35931 5698 5462 236 4518 4436 944 294 4353 665 535 404 650 491524 436112 340322 55412 1920 1310 899 10096 3688 473 389 241 95790 40226 55564 49912
internal_count=527455 35931 5698 5462 236 4518 4436 944 294 4353 665 535 404 650 491524 436112 340322 55412 1920 1310 899 10096 3688 473 389 241 95790 40226 55564 49912
is_linear=0
shrinkage=0.03


Tree=173
num_leaves=31
num_cat=0
split_feature=3 4 11 6 11 7 11 3 9 9 6 3 6 7 6 3 11 6 1 6 9 8 3 4 3 2 1 6 9 2
split_gain=5.17654 2.77179 2.96356 2.19672 2.09642 1.94501 2.77039 2.66417 2.26825 2.1699 2.13259 2.99648 1.95196 2.46036 2.6616 2.49684 2.09162 2.5215 2.58808 3.82194 3.97511 3.62783 2.71324 2.53988 3.16344 3.09384 2.52892 2.96518 2.60653 2.52156
threshold=3.1500000000000008 1.5000000000000002 28.500000000000004 0.21103238866396765 35.500000000000007 2.5000000000000004 106.50000000000001 10.850000000000003 1.7500000000000002 5.1500000000000012 0.6198686371100165 3.5500000000000003 0.43019480519480524 10.500000000000002 0.43826219512195125 3.4500000000000006 21.500000000000004 0.56385869565217395 8.5000000000000018 0.57321428571428579 30.050000000000004 1.5000000000000002 7.2500000000000009 2.5000000000000004 4.1500000000000012 55.750000000000007 14.500000000000002 0.68857758620689669 2.7500000000000004 52.500000000000007
decision_type=2 2 2 2 2 2 2 2 2 2 2 2 2 2 2 2 2 2 2 2 2 2 2 2 2 2 2 2 2 2
left_child=1 -1 3 -3 -4 6 8 12 -2 -9 11 -8 -7 14 -14 -15 17 -16 21 -20 22 23 26 24 -19 -25 28 -28 -21 -23
right_child=5 2 4 -5 -6 7 10 9 -10 -11 -12 -13 13 15 16 -17 -18 18 19 20 -22 29 -24 25 -26 -27 27 -29 -30 -31
leaf_value=0.00021023260774559953 0.0009252672759139962 0.0034938901773350108 0.0045467447770301825 -0.00014947087034185936 0.0015145097755951548 0.00017072217391745457 -0.006514361137524247 -0.00053310022799314032 -0.00020829916488467398 -8.6616283045902294e-05 -0.00017283667805114233 -0.001146758295384483 -0.0026719913380385857 -0.0053336992751468306 -0.0008958511824695948 -0.00073668860760072602 0.00017046095683155907 -0.0021581706786301075 0.0040403592818313173 0.0019117389023303984 -0.0076116962641118516 -0.0028714368939399717 0.0016133275608924424 -0.00053103639799005837 0.0047921547228875361 -0.0080146402919415334 -0.0022067852590869109 0.0058366688296019311 -0.0028396732363008682 0.0016187064325034882
leaf_weight=27985 1642 164 232 1622 1777 66113 96 10096 48932 330226 2635 3750 338 110 4330 3193 20234 164 135 120 83 120 311 102 92 97 82 83 775 1816
leaf_count=27985 1642 164 232 1622 1777 66113 96 10096 48932 330226 2635 3750 338 110 4330 3193 20234 164 135 120 83 120 311 102 92 97 82 83 775 1816
internal_value=-5.77615e-05 0.000313406 0.00107423 0.000185082 0.00186467 -8.15587e-05 -0.00024633 -6.01255e-05 -0.000171495 -9.98617e-05 -0.000830296 -0.00128074 7.74468e-05 -0.000114155 -2.54532e-05 -0.000889783 5.88544e-06 -0.000394839 0.000150232 -0.000788187 -0.0012365 0.000773882 -0.000850551 -0.00163659 0.000339603 -0.00417882 -0.00157344 0.00183932 -0.00220261 0.00134039
internal_weight=527455 31780 3795 1786 2009 495675 57055 438620 50574 340322 6481 3846 98298 32185 28882 3303 28544 8310 3980 1589 1454 2391 1371 455 256 199 1060 165 895 1936
internal_count=527455 31780 3795 1786 2009 495675 57055 438620 50574 340322 6481 3846 98298 32185 28882 3303 28544 8310 3980 1589 1454 2391 1371 455 256 199 1060 165 895 1936
is_linear=0
shrinkage=0.03


Tree=174
num_leaves=31
num_cat=0
split_feature=3 4 9 3 7 0 1 0 7 9 9 3 2 6 7 2 9 9 9 10 3 10 10 9 2 9 3 0 2 7
split_gain=5.00967 2.19091 3.06395 2.31305 2.5095 2.06174 3.15418 3.13759 2.53095 2.48028 7.63938 3.07926 2.42588 2.35649 2.34557 3.29578 2.80529 4.71907 2.2363 2.2554 2.17794 2.14898 3.45394 3.23027 3.53497 3.1358 4.15397 2.20213 2.06676 3.25345
threshold=4.4500000000000011 2.5000000000000004 50.95000000000001 3.6500000000000008 3.5000000000000004 5.5000000000000009 5.5000000000000009 3.5000000000000004 1.5000000000000002 19.250000000000004 16.850000000000005 2.1500000000000008 58.750000000000007 0.36451048951048953 3.5000000000000004 56.750000000000007 6.5500000000000007 7.9500000000000011 3.1500000000000008 8.5000000000000018 2.3500000000000001 10.500000000000002 2.5000000000000004 6.5500000000000007 57.250000000000007 27.250000000000004 3.7500000000000004 3.5000000000000004 55.750000000000007 8.5000000000000018
decision_type=2 2 2 2 2 2 2 2 2 2 2 2 2 2 2 2 2 2 2 2 2 2 2 2 2 2 2 2 2 2
left_child=1 5 3 4 -3 6 7 12 -8 10 -9 -11 13 14 16 -16 -1 -18 -14 20 -20 22 28 24 -24 -25 -27 -23 29 -10
right_child=-2 2 -4 -5 -6 -7 8 9 21 11 -12 -13 18 -15 15 -17 17 -19 19 -21 -22 27 23 25 -26 26 -28 -29 -30 -31
leaf_value=-0.0031064711257041268 -8.9616033876562732e-05 0.0057493195192007251 0.006192428975993273 0.00053103795611714741 0.00016638486937154085 0.00036417483737305689 -0.0016667445918504633 0.00074969907175985581 -0.0012053307956226161 -0.0010388165679195839 -0.0086178745378274468 0.0031775167195468197 -0.0012547608866246744 0.00018869270815564078 -0.00050721019853812617 0.0023680475270375606 0.0047034129798898833 -0.0014787652652307245 -0.00020477218212909063 -0.00078290722634945362 0.0054431169399956486 -0.003190097291053844 0.00011926868080417681 0.0019247388973787068 -0.0047488448220554371 0.0016098515307385241 -0.0067474322182976675 -0.00064436682372743821 -1.7479209155980872e-05 -0.0071168617983714917
leaf_weight=634 465998 167 98 2739 128 24834 1265 3802 1431 198 80 733 153 11683 3145 405 134 651 80 111 265 357 2459 1674 142 128 92 2133 1647 89
leaf_count=634 465998 167 98 2739 128 24834 1265 3802 1431 198 80 733 153 11683 3145 405 134 651 80 111 265 357 2459 1674 142 128 92 2133 1647 89
internal_value=-5.60402e-05 0.000198549 0.000971521 0.000802883 0.00332689 0.000157041 3.44836e-06 0.000212829 -0.000401374 0.000890164 0.000556653 0.00228081 2.39628e-05 -4.40513e-05 -0.000591274 -0.000179188 -0.00162221 -0.000423464 0.00188368 0.00293671 0.00413346 -0.000243702 5.12119e-06 0.000539768 -0.000146503 0.00148221 -0.00188501 -0.00100936 -0.000753716 -0.00155147
internal_weight=527455 61457 3132 3034 295 58325 33491 22074 11417 4813 3882 931 17261 16652 4969 3550 1419 785 609 456 345 10152 7662 4495 2601 1894 220 2490 3167 1520
internal_count=527455 61457 3132 3034 295 58325 33491 22074 11417 4813 3882 931 17261 16652 4969 3550 1419 785 609 456 345 10152 7662 4495 2601 1894 220 2490 3167 1520
is_linear=0
shrinkage=0.03


Tree=175
num_leaves=31
num_cat=0
split_feature=3 4 11 10 6 6 10 6 9 10 10 11 3 11 8 6 11 9 9 7 8 3 7 3 6 11 11 9 11 7
split_gain=4.83416 2.6819 2.86393 2.8855 2.71319 2.12861 2.06796 2.45798 2.32448 2.01164 2.22074 2.3162 2.42539 2.84012 2.60871 2.57925 3.84775 3.54712 2.26016 2.39251 4.41966 2.25073 2.21915 4.01584 3.22584 2.17035 2.29428 2.09107 2.00082 2.42283
threshold=3.1500000000000008 1.5000000000000002 28.500000000000004 6.5000000000000009 0.33072916666666669 0.21103238866396765 14.500000000000002 0.24283374283374287 3.8500000000000001 1.5000000000000002 9.5000000000000018 117.50000000000001 9.0500000000000025 104.50000000000001 1.5000000000000002 0.74642857142857155 41.500000000000007 3.1500000000000008 6.9500000000000011 1.5000000000000002 1.5000000000000002 17.350000000000005 3.5000000000000004 3.8500000000000001 0.56594202898550738 97.500000000000014 21.500000000000004 2.8500000000000001 58.500000000000007 3.5000000000000004
decision_type=2 2 2 2 2 2 2 2 2 2 2 2 2 2 2 2 2 2 2 2 2 2 2 2 2 2 2 2 2 2
left_child=1 6 5 -4 -5 -3 7 8 -1 -2 11 12 13 14 25 -16 -17 -18 19 20 21 -12 23 24 -13 26 -11 -27 29 -28
right_child=9 2 3 4 -6 -7 -8 -9 -10 10 18 22 -14 -15 15 16 17 -19 -20 -21 -22 -23 -24 -25 -26 27 28 -29 -30 -31
leaf_value=-0.0012271911971671555 -0.00031030858514576059 0.0034356656501484213 0.00091153062060704158 0.0017980155007249845 0.005376615088146003 -0.00015076356831648496 -0.00028074341944796038 0.00026828752728481409 0.0024135869664183604 -0.00085856897271287453 0.0025378004601396666 -0.0084999695814707687 -3.2760733114274926e-05 0.0014690944641691198 0.00019655567086390867 0.0021054558833961986 0.0049536309923444467 -0.00086977583464685373 -0.00010630761221764463 -0.00073897674730943354 -0.00071567770337099704 -0.00060518874572657976 -0.00012483253608122608 -0.0006182127619332148 -0.002012010521032441 -0.00503562016721152 -0.00012316689289636244 0.0007029987939379432 -0.00058823047569482633 0.0012429876630683809
leaf_weight=193 31277 164 1216 474 319 1622 6198 20728 866 3294 815 102 152769 1519 48904 1561 105 910 212356 9825 1649 274 17649 4892 213 163 2758 88 2525 2027
leaf_count=193 31277 164 1216 474 319 1622 6198 20728 866 3294 815 102 152769 1519 48904 1561 105 910 212356 9825 1649 274 17649 4892 213 163 2758 88 2525 2027
internal_value=-5.44327e-05 0.00030425 0.00105263 0.00182968 0.00323758 0.000178561 0.000202763 0.000340312 0.00175006 -7.74295e-05 -6.17452e-05 1.83235e-06 3.2138e-05 0.000187407 0.000156174 0.000245292 0.00117052 -0.000267354 -0.000129438 -0.000520426 0.000263818 0.001747 -0.000285396 -0.000829624 -0.00411287 -0.000266468 -0.000201204 -0.00302367 9.5015e-05 0.000455557
internal_weight=527455 31780 3795 2009 793 1786 27985 21787 1059 495675 464398 239479 216623 63854 62335 51480 2576 1015 224919 12563 2738 1089 22856 5207 315 10855 10604 251 7310 4785
internal_count=527455 31780 3795 2009 793 1786 27985 21787 1059 495675 464398 239479 216623 63854 62335 51480 2576 1015 224919 12563 2738 1089 22856 5207 315 10855 10604 251 7310 4785
is_linear=0
shrinkage=0.03


Tree=176
num_leaves=31
num_cat=0
split_feature=3 11 4 3 4 1 5 3 2 5 8 11 11 3 3 6 11 3 11 8 10 10 4 10 2 11 2 5 11 3
split_gain=4.65634 2.22501 2.03913 2.12709 2.2063 3.2496 2.67358 3.20084 3.79819 2.87497 4.48073 2.56547 4.09609 2.56478 2.50516 2.75262 2.20259 1.97574 2.31552 2.62176 2.44629 2.10869 1.94524 1.8735 2.83238 2.25642 1.8172 4.53491 1.79618 1.79199
threshold=6.2500000000000009 6.5000000000000009 3.5000000000000004 2.7500000000000004 1.5000000000000002 9.5000000000000018 4.5000000000000009 3.0500000000000003 57.750000000000007 7.5000000000000009 3.5000000000000004 54.500000000000007 27.500000000000004 3.8500000000000001 3.4500000000000006 0.96875000000000011 50.500000000000007 3.3500000000000001 16.500000000000004 3.5000000000000004 2.5000000000000004 5.5000000000000009 1.5000000000000002 2.5000000000000004 54.250000000000007 75.500000000000014 54.250000000000007 12.500000000000002 40.500000000000007 4.1500000000000012
decision_type=2 2 2 2 2 2 2 2 2 2 2 2 2 2 2 2 2 2 2 2 2 2 2 2 2 2 2 2 2 2
left_child=1 -1 3 22 5 29 11 8 9 10 16 12 14 23 15 -7 -8 18 19 -6 -20 -21 -3 24 -13 -25 -11 28 -28 -5
right_child=-2 2 -4 4 17 6 7 -9 -10 26 -12 13 -14 -15 -16 -17 -18 -19 20 21 -22 -23 -24 25 -26 -27 27 -29 -30 -31
leaf_value=0.0023546542220928769 -9.5610481084053943e-05 0.00028324133965903798 0.00074453179555966013 -0.00049021686318883933 -0.0024771659228080252 0.0024374199868881538 0.0048469874615731986 0.00021938599927824384 -0.0032029309560759707 0.0045537606286486301 0.010316050118207932 -0.0056219097517612501 -0.00383311467077454 -0.0024743745543740012 -0.0025064836798802666 -0.0024129643613422236 -0.00095115421215693141 4.8025336501315793e-05 -0.00011057777444229406 0.0048738660259476426 0.0014864380114790899 -0.00076258395214145092 0.001586340814078901 0.005809639553844401 0.0018999555677175523 0.0011796270242221526 6.7485816828854428e-06 0.0044665958893065358 -0.0052658313071849393 -0.0017780628745859082
leaf_weight=404 428654 21876 4542 8814 398 365 171 2671 104 127 100 82 433 209 276 148 90 50424 1275 98 2673 153 1082 113 100 586 143 153 98 1093
leaf_count=404 428654 21876 4542 8814 398 365 171 2671 104 127 100 82 433 209 276 148 90 50424 1275 98 2673 153 1082 113 100 586 143 153 98 1093
internal_value=-5.28169e-05 0.000132845 0.000123723 9.36798e-05 1.24082e-05 -0.000299146 0.000253804 0.000758639 0.00221943 0.00285881 0.00491644 -0.000544716 -0.00148853 0.000513399 -0.000201838 0.00103809 0.00284763 0.000102305 0.000697697 -0.000962941 0.000970684 0.0014381 0.000344656 0.00122219 -0.00148902 0.00192811 0.00143307 0.000427164 -0.00213729 -0.0006323
internal_weight=527455 98801 98397 93855 70897 15876 5969 3657 986 882 361 2312 1222 1090 789 513 261 55021 4597 649 3948 251 22958 881 182 699 521 394 241 9907
internal_count=527455 98801 98397 93855 70897 15876 5969 3657 986 882 361 2312 1222 1090 789 513 261 55021 4597 649 3948 251 22958 881 182 699 521 394 241 9907
is_linear=0
shrinkage=0.03


Tree=177
num_leaves=31
num_cat=0
split_feature=3 4 1 1 7 1 3 3 10 10 6 1 0 9 3 11 7 6 0 11 11 10 6 10 8 1 0 0 3 0
split_gain=4.48448 1.88029 2.02506 2.56169 1.90512 2.41439 2.15309 2.44465 2.31101 2.28957 2.67586 2.23288 2.39259 2.17809 5.09577 3.03825 2.3979 3.07666 5.20217 2.63287 2.11882 4.01326 3.76469 5.63569 3.42907 5.05558 2.89984 2.7899 2.11678 5.61574
threshold=5.5500000000000007 3.5000000000000004 10.500000000000002 11.500000000000002 2.5000000000000004 16.500000000000004 2.5500000000000003 2.1500000000000008 2.5000000000000004 15.500000000000002 0.82085561497326209 12.500000000000002 7.5000000000000009 22.450000000000003 3.3500000000000001 24.500000000000004 7.5000000000000009 0.32037735849056609 5.5000000000000009 92.500000000000014 21.500000000000004 11.500000000000002 0.76696832579185525 2.5000000000000004 2.5000000000000004 8.5000000000000018 4.5000000000000009 5.5000000000000009 3.2500000000000004 2.5000000000000004
decision_type=2 2 2 2 2 2 2 2 2 2 2 2 2 2 2 2 2 2 2 2 2 2 2 2 2 2 2 2 2 2
left_child=1 4 -3 -4 5 -1 7 -6 13 10 28 12 -11 16 -15 -16 -8 18 -18 -19 21 24 -22 26 -9 -26 -24 -25 29 -10
right_child=-2 2 3 -5 6 -7 8 20 9 11 -12 -13 -14 14 15 -17 17 19 -20 -21 22 -23 23 27 25 -27 -28 -29 -30 -31
leaf_value=-2.3513069018205661e-05 -8.9602285831867209e-05 0.0017953209404615645 -0.0054874507634036507 0.00087769264674318419 0.00022174703798508348 -0.002959601043056198 -9.5137958373304619e-05 -0.00079631869629264579 -0.0012385341448192346 -3.2786196838966826e-05 -0.0017046332212026329 -0.0011588773035526921 0.0019601805526577574 -0.0038737081361017115 0.0072624661057041247 0.0016023316785317508 -0.0020155312698976746 -0.002250389006714924 0.0075370863063827795 0.0005210180620698235 0.0012321027121311296 -0.0045003817905357258 0.0048456996411550789 0.004725883456941863 0.00050467565802939454 0.0084838868959976194 -0.0022452893023857173 0.012067258230844428 0.00038754194441234616 0.0018056636779847344
leaf_weight=33081 442374 1128 83 181 4394 254 8630 444 680 7735 497 1477 583 134 104 476 116 1409 92 395 2319 148 96 99 204 110 113 88 17256 2755
leaf_count=33081 442374 1128 83 181 4394 254 8630 444 680 7735 497 1477 583 134 104 476 116 1409 92 395 2319 148 96 99 204 110 113 88 17256 2755
internal_value=-5.12398e-05 0.000148224 0.00124176 -0.00112347 0.000130035 -4.58849e-05 0.000246496 0.000697369 0.000161143 0.000295328 0.000470673 -8.39691e-05 0.000106899 -0.000204957 0.00139906 0.00261725 -0.000312575 -0.00124522 0.00220966 -0.00164357 0.00127453 1.82775e-05 0.00169374 0.0043971 0.000900549 0.00329994 0.00101182 0.00818065 0.000522924 0.00120303
internal_weight=527455 85081 1392 264 83689 33335 50354 8015 42339 30983 21188 9795 8318 11356 714 580 10642 2012 208 1804 3621 906 2715 396 758 314 209 187 20691 3435
internal_count=527455 85081 1392 264 83689 33335 50354 8015 42339 30983 21188 9795 8318 11356 714 580 10642 2012 208 1804 3621 906 2715 396 758 314 209 187 20691 3435
is_linear=0
shrinkage=0.03


Tree=178
num_leaves=31
num_cat=0
split_feature=3 4 9 3 7 7 9 11 6 10 11 3 0 9 7 11 4 8 5 10 11 9 3 11 9 11 8 9 5 11
split_gain=4.31905 2.11015 2.93943 2.21668 2.40407 1.99552 3.38405 2.01506 3.4875 2.93983 2.5182 2.04614 1.90935 2.3781 1.90965 4.12917 2.91729 2.01813 4.21223 2.20442 4.69379 5.06701 3.16131 3.13112 2.72493 2.59072 2.14164 3.66567 4.19436 2.63485
threshold=4.4500000000000011 2.5000000000000004 50.95000000000001 3.6500000000000008 3.5000000000000004 2.5000000000000004 1.7500000000000002 42.500000000000007 0.43534002229654406 6.5000000000000009 6.5000000000000009 20.050000000000004 5.5000000000000009 102.45000000000002 10.500000000000002 47.500000000000007 1.5000000000000002 5.5000000000000009 24.500000000000004 1.5000000000000002 34.500000000000007 7.3500000000000005 4.0500000000000007 133.50000000000003 5.5500000000000007 209.50000000000003 6.5000000000000009 18.950000000000003 4.5000000000000009 29.500000000000004
decision_type=2 2 2 2 2 2 2 2 2 2 2 2 2 2 2 2 2 2 2 2 2 2 2 2 2 2 2 2 2 2
left_child=1 12 3 4 -3 7 -7 9 11 10 -2 -9 13 14 17 16 -16 19 26 20 22 23 -1 24 -22 -25 27 -19 -29 -28
right_child=5 2 -4 -5 -6 6 -8 8 -10 -11 -12 -13 -14 -15 15 -17 -18 18 -20 -21 21 -23 -24 25 -26 -27 29 28 -30 -31
leaf_value=-0.0017376409396715996 0.0052069159877601631 0.0056219024233475409 0.0060589277653061617 0.00051391692503650237 0.00015750159567687661 -0.0029397525468825968 -5.7736273601193429e-05 -0.0015381004564622178 -0.00021510488818536746 -0.00045878559141715821 0.00014585825376829713 -0.00047528184087667719 0.00034521696625621141 0.0033626870498026503 -0.00099135746674096966 -0.0004155145960660024 -0.0082509031649327502 0.00066427269512961266 0.0067495861785523224 7.3421436290582818e-05 0.00064588359177998383 -0.0034828620342829937 -0.0067496720003330799 -0.0048432960764815411 0.0041251342192050611 0.0017653589805860708 -0.0007976720482078994 0.007249192140297964 -2.3514673663064455e-05 0.0012678685515199076
leaf_weight=1047 89 167 98 2739 128 367 419058 3629 13156 11563 15176 2960 24834 188 94 3772 106 1080 101 22211 1330 306 127 153 239 82 1456 183 117 899
leaf_count=1047 89 167 98 2739 128 367 419058 3629 13156 11563 15176 2960 24834 188 94 3772 106 1080 101 22211 1330 306 127 153 239 82 1456 183 117 899
internal_value=-4.97693e-05 0.000186621 0.000945214 0.000780038 0.00325091 -8.09451e-05 -6.02581e-05 -0.000267247 -0.000497266 -9.79565e-05 0.000175366 -0.00106065 0.000145885 -1.92247e-06 -2.09162e-05 -0.000638244 -0.00483892 6.26823e-05 0.000704217 -3.38436e-05 -0.00075932 8.6688e-05 -0.00227983 0.000692166 0.00117587 -0.0025373 0.000540741 0.00147918 0.00441284 -9.17056e-06
internal_weight=527455 61457 3132 3034 295 465998 419425 46573 19745 26828 15265 6589 58325 33491 33303 3972 200 29331 3836 25495 3284 2110 1174 1804 1569 235 3735 1380 300 2355
internal_count=527455 61457 3132 3034 295 465998 419425 46573 19745 26828 15265 6589 58325 33491 33303 3972 200 29331 3836 25495 3284 2110 1174 1804 1569 235 3735 1380 300 2355
is_linear=0
shrinkage=0.03


Tree=179
num_leaves=31
num_cat=0
split_feature=3 4 11 6 10 10 10 6 9 2 3 5 6 10 10 1 7 9 6 4 2 3 6 10 10 9 7 9 9 11
split_gain=4.15925 2.54374 2.75674 3.67088 2.04118 2.2959 1.96249 2.3168 2.20869 1.89797 2.26834 2.69702 2.09959 1.89418 2.05669 2.20173 2.89506 3.85 3.85329 2.90242 2.70038 3.01837 3.2725 2.37634 2.6819 2.1553 2.30468 2.63186 2.05147 2.86814
threshold=3.1500000000000008 1.5000000000000002 26.500000000000004 0.090230664857530549 6.5000000000000009 10.500000000000002 14.500000000000002 0.24283374283374287 3.8500000000000001 55.750000000000007 2.9500000000000006 9.5000000000000018 0.61200716845878145 1.5000000000000002 9.5000000000000018 12.500000000000002 10.500000000000002 8.5500000000000025 0.64400921658986188 2.5000000000000004 58.750000000000007 23.750000000000004 0.56385869565217395 3.5000000000000004 5.5000000000000009 6.9500000000000011 1.5000000000000002 4.0500000000000007 5.6500000000000012 40.500000000000007
decision_type=2 2 2 2 2 2 2 2 2 2 2 2 2 2 2 2 2 2 2 2 2 2 2 2 2 2 2 2 2 2
left_child=1 6 3 -3 -4 -6 7 8 -1 -5 11 -11 -12 -2 15 16 20 18 -18 -20 -15 22 23 -22 -25 26 27 -16 29 -26
right_child=13 2 4 9 5 -7 -8 -9 -10 10 12 -13 -14 14 25 -17 17 -19 19 -21 21 -23 -24 24 28 -27 -28 -29 -30 -31
leaf_value=-0.001213985249047877 -0.00029566127879914145 0.0059963747806751223 0.00095190057938686096 -0.001540526071391058 0.006217287293603194 0.0020957273378673729 -0.00028550209073133003 0.00024958316137043448 0.0023349615819854381 0.00052722327909373483 -0.0033698338642716408 0.0059895854071081158 0.002499086597451457 8.1547979159061066e-05 0.0011417037089422497 -0.00018847600332150583 -0.00074360787852691514 -6.9327122360900826e-05 -0.0090776518620550636 -0.0025061033516671628 -0.00013707914438686875 -0.00024944557453836165 0.0060559052509851141 0.0026630865169628972 -0.0064087120897886223 -9.7020906443550715e-05 -0.00071592083437268736 -0.00072220313219050131 0.0011186125040096623 0.0013683896905250764
leaf_weight=193 31277 85 1497 678 145 755 6198 20728 866 267 170 117 81 152873 1455 42728 4610 33198 80 248 1064 1860 122 1116 82 212356 9825 1283 1409 89
leaf_count=193 31277 85 1497 678 145 755 6198 20728 866 267 170 117 81 152873 1455 42728 4610 33198 80 248 1064 1860 122 1116 82 212356 9825 1283 1409 89
internal_value=-4.83522e-05 0.000284352 0.0010132 -4.55511e-05 0.0016307 0.00275976 0.000185514 0.000319509 0.00168818 -0.000436689 0.000741897 0.00219154 -0.00147588 -6.96834e-05 -5.44638e-05 6.72043e-06 4.91108e-05 -0.00018558 -0.000967144 -0.00410892 0.000105538 0.000744236 0.00122034 0.00106344 0.00153724 -0.000119609 -0.000501419 0.000268295 0.000742024 -0.00236098
internal_weight=527455 31780 3795 1398 2397 900 27985 21787 1059 1313 635 384 251 495675 464398 239479 196751 38136 4938 328 158615 5742 3882 3760 2696 224919 12563 2738 1580 171
internal_count=527455 31780 3795 1398 2397 900 27985 21787 1059 1313 635 384 251 495675 464398 239479 196751 38136 4938 328 158615 5742 3882 3760 2696 224919 12563 2738 1580 171
is_linear=0
shrinkage=0.03


Tree=180
num_leaves=31
num_cat=0
split_feature=3 0 1 1 0 7 6 5 5 6 2 9 0 2 5 9 6 9 7 6 5 2 9 0 1 1 7 3 2 3
split_gain=4.0332 1.796 6.20122 4.93727 6.31957 3.74022 5.25207 4.82932 4.26642 3.31211 3.26807 2.6256 2.6994 2.61045 4.10313 2.51053 2.64573 2.76216 2.47669 2.4931 2.43373 2.426 3.27399 3.65461 2.84075 2.39283 3.03853 2.17305 2.15754 2.94466
threshold=6.2500000000000009 5.5000000000000009 8.5000000000000018 5.5000000000000009 3.5000000000000004 5.5000000000000009 0.42163742690058487 9.5000000000000018 20.500000000000004 0.29478609625668456 58.750000000000007 96.850000000000009 2.5000000000000004 59.250000000000007 10.500000000000002 34.650000000000013 0.58434959349593507 8.9500000000000011 6.5000000000000009 0.33072916666666669 17.500000000000004 53.500000000000007 2.8500000000000001 7.5000000000000009 10.500000000000002 6.5000000000000009 2.5000000000000004 4.0500000000000007 52.500000000000007 4.1500000000000012
decision_type=2 2 2 2 2 2 2 2 2 2 2 2 2 2 2 2 2 2 2 2 2 2 2 2 2 2 2 2 2 2
left_child=1 3 5 4 10 8 7 18 20 -10 11 -1 -13 -12 -15 16 17 -8 -7 -20 -3 22 23 24 -4 -11 -27 -22 29 -24
right_child=-2 2 21 -5 -6 6 15 -9 9 25 13 12 -14 14 -16 -17 -18 -19 19 -21 27 -23 28 -25 -26 26 -28 -29 -30 -31
leaf_value=-6.7893153246295816e-05 -8.672147036387018e-05 0.00070057703994088141 0.00047903963178396223 -0.00036879700599555575 0.00097416815250691972 0.0057664773787383912 -0.0027546266584793314 0.0064016840898321343 -0.0061603119707091111 -0.0048829101696610455 0.006459149663753219 0.00086329735196980992 0.0075717685574200012 -0.0033462110260615539 0.0021551009367194482 -0.0048540134537504625 0.0028546767455454054 0.0028299448413676336 0.0021721860298719521 -0.0023769336082041263 0.00086409324088815558 8.4311952981993174e-06 0.0018755943905905464 0.0017297766455653849 -0.006125949242576618 -0.0023560498479491799 0.0049141001718474879 0.0071359545255408564 0.002156698795204279 -0.0008148842788647607
leaf_weight=28230 428654 5399 90 19637 7868 154 265 295 136 80 95 166 80 147 718 89 260 114 1124 120 97 30222 703 182 168 105 102 102 1289 764
leaf_count=28230 428654 5399 90 19637 7868 154 265 295 136 80 95 166 80 147 718 89 260 114 1124 120 97 30222 703 182 168 105 102 102 1289 764
internal_value=-4.68942e-05 0.000125899 0.000275077 1.62309e-05 0.000218911 0.00100156 0.00199739 0.00291367 0.000601149 -0.00230398 1.70374e-05 -4.10021e-05 0.00304491 0.00173863 0.0012202 -0.000133453 0.000524028 -0.00107483 0.00217764 0.00173336 0.000820668 9.15536e-05 0.000877575 -0.00152551 -0.00382188 -0.000476585 0.00122634 0.00407882 0.00126123 0.000474418
internal_weight=527455 98801 41860 56941 37304 8442 2421 1693 6021 423 29436 28476 246 960 865 728 639 379 1398 1244 5598 33418 3196 440 258 287 207 199 2756 1467
internal_count=527455 98801 41860 56941 37304 8442 2421 1693 6021 423 29436 28476 246 960 865 728 639 379 1398 1244 5598 33418 3196 440 258 287 207 199 2756 1467
is_linear=0
shrinkage=0.03


Tree=181
num_leaves=31
num_cat=0
split_feature=3 7 11 3 9 10 1 2 9 6 3 6 5 11 3 9 10 11 9 6 6 7 3 9 1 5 9 6 3 5
split_gain=3.88542 1.87873 2.46587 2.17864 2.15175 2.78945 2.19439 3.14337 2.00485 1.94607 2.7716 1.8225 2.48398 4.8905 3.71261 3.5038 3.26675 2.64655 2.453 2.34306 2.34196 2.31056 2.34051 2.29438 2.26188 2.19139 3.26162 2.1317 2.08413 3.01724
threshold=3.1500000000000008 2.5000000000000004 106.50000000000001 10.850000000000003 1.7500000000000002 3.5000000000000004 3.5000000000000004 53.500000000000007 5.1500000000000012 0.6198686371100165 3.5500000000000003 0.43019480519480524 17.500000000000004 13.500000000000002 9.0500000000000025 64.65000000000002 11.500000000000002 40.500000000000007 2.5500000000000003 0.25198412698412703 0.43826219512195125 10.500000000000002 3.4500000000000006 49.050000000000004 14.500000000000002 20.500000000000004 21.250000000000004 0.47722567287784684 8.0500000000000025 23.500000000000004
decision_type=2 2 2 2 2 2 2 2 2 2 2 2 2 2 2 2 2 2 2 2 2 2 2 2 2 2 2 2 2 2
left_child=-1 2 4 11 5 6 -2 -8 -5 10 -4 12 16 14 -14 18 24 19 -15 -17 -13 25 -23 -20 -3 -22 28 -28 29 -27
right_child=1 3 9 8 -6 -7 7 -9 -10 -11 -12 20 13 15 -16 17 -18 -19 23 -21 21 22 -24 -25 -26 26 27 -29 -30 -31
leaf_value=0.00027601981951934341 0.002593115697250954 0.00046706519574554219 -0.0062427342496812338 -0.0004974672908404841 -0.0001933462089443397 0.003586159985138677 -0.0053401306869074842 0.00022657431243477684 -6.8299389941881022e-05 -0.00015098890696974308 -0.0010804779193141949 -0.0024316069429570976 0.0041683757565254284 -0.0047964554892054624 -0.0026002418898767041 0.0034160660728812216 -5.8708446893060732e-05 -0.005168505416024388 -0.00042145943715349657 -0.0034129760958827456 -5.4034839631106895e-05 -0.0051362949501384389 -0.00068442084420962618 0.0030586044879799541 -0.0004278296517969438 0.0043308704430368578 0.0019954063034639128 -0.0038771140299780518 -0.00022884256739011952 0.0008981116608794467
leaf_weight=31780 302 34682 96 10096 48932 289 101 950 330226 2635 3750 385 338 112 93 80 22071 254 5460 104 27006 110 3146 176 2743 426 82 173 355 502
leaf_count=31780 302 34682 96 10096 48932 289 101 950 330226 2635 3750 385 338 112 93 80 22071 254 5460 104 27006 110 3146 176 2743 426 82 173 355 502
internal_value=-4.55456e-05 -6.61626e-05 -0.000228102 -4.50978e-05 -0.0001575 0.000910727 0.000339256 -0.00030838 -8.10311e-05 -0.000779039 -0.00120933 7.93085e-05 0.000169438 -0.000381961 0.00270786 -0.000597239 0.000230763 -0.00318371 -0.000400149 -0.000443827 -0.000105831 -7.76729e-05 -0.000834822 -0.000312785 0.000401475 8.6947e-06 0.00111017 -0.0019887 0.00172608 0.00247393
internal_weight=527455 495675 57055 438620 50574 1642 1353 1051 340322 6481 3846 98298 66113 6617 431 6186 59496 438 5748 184 32185 31800 3256 5636 37425 28544 1538 255 1283 928
internal_count=527455 495675 57055 438620 50574 1642 1353 1051 340322 6481 3846 98298 66113 6617 431 6186 59496 438 5748 184 32185 31800 3256 5636 37425 28544 1538 255 1283 928
is_linear=0
shrinkage=0.03


Tree=182
num_leaves=31
num_cat=0
split_feature=3 9 4 5 5 2 9 7 9 7 9 8 2 1 9 5 10 10 4 10 7 1 5 9 1 7 2 5 3 1
split_gain=3.74436 2.51544 2.11264 2.46104 1.87625 3.657 2.58362 2.57473 3.92498 2.65571 2.42327 2.39071 3.43103 3.64084 2.96559 3.01629 3.00994 2.90554 2.85507 2.82707 2.62857 2.53252 3.30417 2.47894 2.4078 2.38493 2.28044 2.99519 2.96124 2.78487
threshold=3.8500000000000001 123.05000000000001 1.5000000000000002 11.500000000000002 10.500000000000002 57.750000000000007 9.3500000000000032 3.5000000000000004 2.5500000000000003 8.5000000000000018 5.0500000000000007 1.5000000000000002 54.250000000000007 5.5000000000000009 3.5500000000000003 9.5000000000000018 3.5000000000000004 5.5000000000000009 1.5000000000000002 6.5000000000000009 1.5000000000000002 3.5000000000000004 3.5000000000000004 12.750000000000002 15.500000000000002 7.5000000000000009 56.750000000000007 5.5000000000000009 3.7500000000000004 11.500000000000002
decision_type=2 2 2 2 2 2 2 2 2 2 2 2 2 2 2 2 2 2 2 2 2 2 2 2 2 2 2 2 2 2
left_child=1 4 3 -2 5 11 10 -6 -9 -10 -7 12 -1 21 19 26 -17 18 24 -13 -20 22 -14 -18 25 -15 29 28 -28 -16
right_child=2 -3 -4 -5 7 6 -8 8 9 -11 -12 14 13 17 15 16 23 -19 20 -21 -22 -23 -24 -25 -26 -27 27 -29 -30 -31
leaf_value=-0.00075804269965755976 -0.0013226501947575064 0.0038960240129854795 -6.4095364641502108e-05 0.00048815259375633332 -0.00050918533702624686 -0.0011347612362702822 0.0017258194557371806 0.0037972964818461558 0.00059541559453795507 -0.0023144193030334723 -0.0046160332346335056 0.0019962719309255085 0.0021567844033805804 0.00067771147274189934 0.00025450997703965511 0.00037081544773649152 0.0050654196387723734 -0.0017343207397079255 -0.004607568163991849 -0.00059467540850288215 -0.00046678813056017816 0.0022821514483128639 -0.00061578552026041124 -4.0881769282036812e-06 -0.0027648262327568509 0.005515608137277396 -0.001095886111266092 0.00074704000120562786 -0.0069711691613604382 0.0011398524596453092
leaf_weight=3817 2427 166 476467 936 6515 649 193 306 1988 329 249 1958 627 2646 16384 466 345 867 179 470 602 1152 1010 116 177 95 1321 943 82 3973
leaf_count=3817 2427 166 476467 936 6515 649 193 306 1988 329 249 1958 627 2646 16384 466 345 867 179 470 602 1152 1010 116 177 95 1321 943 82 3973
internal_value=-4.42019e-05 0.000209512 -6.93839e-05 -0.000818662 0.000196617 0.000288729 -0.00142325 -0.000189662 0.000603971 0.000182237 -0.00210006 0.000338897 -2.82523e-05 0.000350485 0.000496308 0.000393719 0.00207108 -0.000171175 0.000195207 0.00149473 -0.00141583 0.00120452 0.000446158 0.0037898 0.000626399 0.000845388 0.000325229 -0.000560462 -0.00143927 0.000427299
internal_weight=527455 47625 479830 3363 47459 38321 1091 9138 2623 2317 898 37230 11172 7355 26058 23630 927 4566 3699 2428 781 2789 1637 461 2918 2741 22703 2346 1403 20357
internal_count=527455 47625 479830 3363 47459 38321 1091 9138 2623 2317 898 37230 11172 7355 26058 23630 927 4566 3699 2428 781 2789 1637 461 2918 2741 22703 2346 1403 20357
is_linear=0
shrinkage=0.03


Tree=183
num_leaves=31
num_cat=0
split_feature=3 2 3 8 1 4 3 2 8 1 2 1 9 1 3 7 9 5 4 6 9 8 8 2 6 3 2 8 1 5
split_gain=3.6339 1.96643 4.15714 1.81758 2.60133 2.18763 3.45641 3.72902 3.27357 3.23558 2.55992 2.62208 2.5521 2.4685 2.15117 2.29285 2.65055 2.34022 2.12222 2.22249 2.61622 2.15344 2.45679 2.1126 3.21632 2.13009 2.0984 2.02218 1.97466 3.42628
threshold=5.5500000000000007 62.500000000000007 26.550000000000004 3.5000000000000004 16.500000000000004 2.5000000000000004 3.8500000000000001 52.500000000000007 7.5000000000000009 3.5000000000000004 52.500000000000007 1.5000000000000002 12.950000000000001 15.500000000000002 1.7500000000000002 2.5000000000000004 1.7500000000000002 32.500000000000007 1.5000000000000002 0.63245614035087727 120.55000000000001 9.5000000000000018 7.5000000000000009 51.750000000000007 0.37089947089947095 5.0500000000000007 57.750000000000007 8.5000000000000018 12.500000000000002 7.5000000000000009
decision_type=2 2 2 2 2 2 2 2 2 2 2 2 2 2 2 2 2 2 2 2 2 2 2 2 2 2 2 2 2 2
left_child=3 -2 -3 4 14 6 7 8 9 -5 23 -12 -11 -13 -1 16 -16 -18 19 20 -9 22 -21 24 -8 -25 -7 -24 -20 -30
right_child=1 2 -4 5 -6 26 10 18 -10 12 11 13 -14 -15 15 -17 17 -19 28 21 -22 -23 27 25 -26 -27 -28 -29 29 -31
leaf_value=0.0007086540338046098 -7.8806792587826931e-05 0.0081923960633575911 -0.00065115459114626175 -0.0033834021396303019 -0.0024822383168934575 0.0005978570938163473 -0.0030016614090312612 0.00028919991502763051 0.0053103063249774277 0.004208064422678035 0.0015761662477971974 -0.00033754950112214397 -0.0006695208898294837 0.0018835728666034795 0.00081375967289220045 0.0001775048194220545 -0.00033372633272352582 -0.0042408514123329589 0.0010964755334935304 -0.0008240727822589627 0.0056404145511080436 -0.0044459610899469553 0.0048883168785726185 -0.0022169240729424727 0.0035722433527310689 -0.007448294132613064 0.0024131855610190003 -0.0010534170809037545 0.00035353824380598563 -0.005507830427204435
leaf_weight=3932 442175 80 119 112 372 7153 143 8822 250 256 773 9809 155 472 1898 23766 18623 139 4304 1925 83 131 131 329 126 89 623 85 469 111
leaf_count=3932 442175 80 119 112 372 7153 143 8822 250 256 773 9809 155 472 1898 23766 18623 139 4304 1925 83 131 131 329 126 89 623 85 469 111
internal_value=-4.29318e-05 -7.7465e-05 0.00290404 0.000136621 1.68616e-05 0.000297164 0.00017576 0.000451309 0.00248658 0.0011368 -0.000219317 -0.000108884 0.00236859 -0.000235578 3.60863e-05 -2.34405e-05 -0.000254596 -0.000362673 0.000353354 0.000125395 0.000339076 -0.000712118 -0.000483658 -0.00199622 7.75654e-05 -0.00333078 0.000743298 0.00255013 0.000875035 -0.000768206
internal_weight=527455 442374 199 85081 48730 36351 28575 16834 773 523 11741 11054 411 10281 48358 44426 20660 18762 16061 11177 8905 2272 2141 687 269 418 7776 216 4884 580
internal_count=527455 442374 199 85081 48730 36351 28575 16834 773 523 11741 11054 411 10281 48358 44426 20660 18762 16061 11177 8905 2272 2141 687 269 418 7776 216 4884 580
is_linear=0
shrinkage=0.03


Tree=184
num_leaves=31
num_cat=0
split_feature=3 4 2 3 11 11 11 5 10 10 9 3 9 5 10 0 11 2 1 2 11 1 2 5 3 9 1 9 10 3
split_gain=3.48193 2.18239 1.78984 3.77089 1.785 1.99609 4.26069 3.25199 2.79751 3.47088 2.58869 2.43187 4.23831 3.59332 2.74903 3.90908 2.68552 2.39812 3.14812 2.14356 2.27754 2.62579 2.12562 2.97937 2.08926 2.622 2.43681 2.05618 2.79118 4.78139
threshold=4.7500000000000009 3.5000000000000004 62.500000000000007 26.550000000000004 8.5000000000000018 28.500000000000004 69.500000000000014 6.5000000000000009 1.5000000000000002 10.500000000000002 6.7500000000000009 3.6500000000000008 7.7500000000000009 5.5000000000000009 7.5000000000000009 3.5000000000000004 27.500000000000004 52.500000000000007 16.500000000000004 56.750000000000007 21.500000000000004 12.500000000000002 58.750000000000007 16.500000000000004 2.3500000000000001 9.9500000000000011 6.5000000000000009 26.050000000000004 4.5000000000000009 3.3500000000000001
decision_type=2 2 2 2 2 2 2 2 2 2 2 2 2 2 2 2 2 2 2 2 2 2 2 2 2 2 2 2 2 2
left_child=1 4 -2 -4 -1 8 17 -8 10 11 -6 12 -10 14 19 -16 22 -7 27 20 21 24 23 -13 -14 -26 -27 -19 29 -29
right_child=2 -3 3 -5 5 6 7 -9 9 -11 -12 16 13 -15 15 -17 -18 18 -20 -21 -22 -23 -24 -25 25 26 -28 28 -30 -31
leaf_value=0.0013387545890425547 -7.2650293902983972e-05 0.0036468348443878364 0.0077589400940471231 -0.0006326048798123452 -0.0018214393725812319 0.0022167955288676169 0.00021350094316622227 -0.00065217112381420487 0.00015557946786402509 -0.00065342106622204245 0.00027521550063924841 0.00013144128981766538 0.0024929714750032872 0.00045710447344592668 -0.0039587779372631934 0.0027147170686544425 -0.0015590424195397645 0.00049871439758086486 -0.0043809851970330908 -0.0010018743415556774 0.0015993471346462944 0.00054659844697491566 0.0031588871275039913 -0.0019017917287760765 0.010380499124122054 0.0023267875860551457 0.0077168905264789278 -0.0053575034869339207 0.0032346204008337483 0.0024949530535137532
leaf_weight=1118 458940 161 81 119 1457 809 14216 5385 11130 5370 833 6157 160 1701 131 199 1152 15447 116 101 350 121 187 725 115 149 153 109 569 194
leaf_count=1118 458940 161 81 119 1457 809 14216 5385 11130 5370 833 6157 160 1701 131 199 1152 15447 116 101 350 121 187 725 115 149 153 109 569 194
internal_value=-4.16818e-05 0.000158145 -7.14138e-05 0.00276597 0.000149903 0.000130076 0.000278262 -2.43259e-05 -5.07695e-05 3.1963e-05 -0.00105877 0.000195316 0.000431551 0.00139745 0.00247894 6.55418e-05 -0.000215889 0.00062221 0.000543718 0.00317209 0.00357435 0.00456468 2.99857e-06 -8.27543e-05 0.00540729 0.0065255 0.00505754 0.000578724 0.00199605 -0.000329858
internal_weight=527455 68315 459140 200 68154 67036 36845 19601 30191 27901 2290 22531 14310 3180 1479 330 8221 17244 16435 1149 1048 698 7069 6882 577 417 302 16319 872 303
internal_count=527455 68315 459140 200 68154 67036 36845 19601 30191 27901 2290 22531 14310 3180 1479 330 8221 17244 16435 1149 1048 698 7069 6882 577 417 302 16319 872 303
is_linear=0
shrinkage=0.03


Tree=185
num_leaves=31
num_cat=0
split_feature=3 11 7 8 11 11 11 6 11 5 11 10 9 5 11 9 3 9 10 3 6 3 8 11 9 10 11 6 0 7
split_gain=3.35297 2.35626 1.82927 2.3717 1.9702 1.8072 2.80189 3.53817 2.23825 2.98186 2.80997 3.49452 2.79197 3.85816 5.38932 3.82536 2.74231 2.64847 2.69816 2.58533 2.38228 2.32023 3.31406 2.5799 2.50661 2.48975 2.33459 9.0359 2.30891 2.22479
threshold=6.4500000000000011 6.5000000000000009 2.5000000000000004 1.5000000000000002 106.50000000000001 18.500000000000004 19.500000000000004 0.46737588652482276 69.500000000000014 5.5000000000000009 28.500000000000004 17.500000000000004 25.650000000000002 4.5000000000000009 55.500000000000007 24.850000000000005 2.7500000000000004 43.050000000000004 11.500000000000002 6.2500000000000009 0.37965517241379315 3.6500000000000008 2.5000000000000004 22.500000000000004 2.8500000000000001 12.500000000000002 27.500000000000004 0.090230664857530549 5.5000000000000009 1.5000000000000002
decision_type=2 2 2 2 2 2 2 2 2 2 2 2 2 2 2 2 2 2 2 2 2 2 2 2 2 2 2 2 2 2
left_child=1 -1 4 -4 -2 -3 7 -7 10 -10 11 19 15 14 -14 16 -12 18 -15 21 -19 22 -8 25 -23 -24 -26 -28 -16 -11
right_child=2 5 3 -5 -6 6 8 -9 9 29 12 -13 13 17 28 -17 -18 20 -20 -21 -22 24 23 -25 26 -27 27 -29 -30 -31
leaf_value=0.0023560075020151476 -0.00019741209814483953 -0.00019892667337750335 -0.00062840389092304869 -4.9102475685126663e-05 -0.00086271864755559113 0.0057780245530108607 -1.2184651975050047e-05 -4.0488573735837501e-05 0.00015456674357503797 -0.0013752618308799261 0.0010008529854405313 -0.00082843017006528749 0.0016615100151264213 0.0010217262126327035 0.0043133446547601898 -0.005993466007390192 0.00024162613218829429 -0.0029629173935374195 0.0064147380918112337 0.0017506017985910471 0.00093055789761735072 -0.0013748610991352009 0.0012898970738195058 3.0414930020364964e-05 0.00020119507964545748 0.0051203692011767997 0.0059423658375203957 -0.0012164058670974696 0.010552455945050014 -0.00026037133107252429
leaf_weight=420 31113 15071 6468 382794 4598 180 6540 197 19663 1989 5595 3509 540 564 112 84 18241 277 98 909 289 1325 3356 1664 10354 160 169 2600 102 8474
leaf_count=420 31113 15071 6468 382794 4598 180 6540 197 19663 1989 5595 3509 540 564 112 84 18241 277 98 909 289 1325 3356 1664 10354 160 169 2600 102 8474
internal_value=-4.04364e-05 0.000113592 -7.75803e-05 -5.87282e-05 -0.000283074 0.000104364 0.000156908 0.00273758 0.000145676 -6.31526e-05 0.000257047 6.23324e-05 0.000486973 0.001569 0.00325817 0.000397317 0.000419839 0.000531841 0.00182009 0.000177769 -0.000974906 0.000123134 0.000436781 0.00100362 -0.000131292 0.00146421 -5.73204e-06 -0.000779486 0.00728713 -0.00047231
internal_weight=527455 102482 424973 389262 35711 102062 86991 377 86614 30126 56488 30586 25902 1982 754 23920 23836 1228 662 27077 566 26168 11720 5180 14448 3516 13123 2769 214 10463
internal_count=527455 102482 424973 389262 35711 102062 86991 377 86614 30126 56488 30586 25902 1982 754 23920 23836 1228 662 27077 566 26168 11720 5180 14448 3516 13123 2769 214 10463
is_linear=0
shrinkage=0.03


Tree=186
num_leaves=31
num_cat=0
split_feature=3 4 9 10 11 2 9 9 5 11 5 11 2 9 11 11 2 9 11 1 11 9 9 9 9 5 2 5 3 1
split_gain=3.2212 2.0423 2.03917 1.65656 2.30584 4.80122 3.01881 2.69994 3.36217 3.05385 2.48129 3.0782 2.66747 2.55703 2.51598 3.62608 2.68472 2.54107 3.28327 2.56376 2.50975 2.38591 2.33724 2.31219 2.57161 2.21047 3.82656 2.18351 2.15964 2.06297
threshold=6.2500000000000009 3.5000000000000004 98.65000000000002 1.5000000000000002 26.500000000000004 53.500000000000007 3.1500000000000008 7.1500000000000012 2.5000000000000004 40.500000000000007 5.5000000000000009 71.500000000000014 54.250000000000007 3.5500000000000003 99.500000000000014 84.500000000000014 55.750000000000007 2.8500000000000001 148.50000000000003 8.5000000000000018 224.50000000000003 4.5500000000000007 4.0500000000000007 18.950000000000003 10.950000000000001 11.500000000000002 56.250000000000007 9.5000000000000018 4.6500000000000012 2.5000000000000004
decision_type=2 2 2 2 2 2 2 2 2 2 2 2 2 2 2 2 2 2 2 2 2 2 2 2 2 2 2 2 2 2
left_child=1 3 -3 4 5 -1 27 10 23 -10 14 -12 13 -13 15 16 22 19 -19 -16 29 -18 28 24 -9 -11 -27 -7 -6 -14
right_child=-2 2 -4 -5 7 6 -8 8 9 25 11 12 20 -15 17 -17 21 18 -20 -21 -22 -23 -24 -25 -26 26 -28 -29 -30 -31
leaf_value=-0.0043169947454098903 -7.4850554895366069e-05 0.00064780227404803606 0.0053655722524438582 0.00012960130111227492 0.0016336791951047998 -0.0013972339013262707 6.6367658566801539e-05 -0.0025435280100068198 0.0013471179237101404 -0.00048625367214997372 0.00050163925599782137 -0.0021466525450900748 -0.0062255677738471231 0.0049929176106610716 0.002588101434521377 -0.0031741415813371959 0.00079976106347572626 0.003767024771572806 -0.0022242007298481385 0.0087385864139852658 0.0028501556782859817 -0.0029091605634771677 0.0039160870584168447 0.00036068971431814134 -0.0094244011566042892 -0.0060066956176829701 -0.00039090586456754975 -0.0063618567928366747 -0.0035982922571046014 -0.0020098255621717712
leaf_weight=356 428654 4486 84 83760 459 255 1533 107 630 1385 1928 81 122 102 154 212 495 181 151 101 83 228 370 80 90 199 242 116 84 727
leaf_count=356 428654 4486 84 83760 459 255 1533 107 630 1385 1928 81 122 102 154 212 495 181 151 101 83 228 370 80 90 199 242 116 84 727
internal_value=-3.92575e-05 0.000115165 0.000734518 8.51275e-05 -0.000270629 -0.00111919 -0.000521286 -3.70693e-05 -0.000807247 -0.000453872 0.000347176 -0.00022397 -0.00147866 0.00183278 0.00106093 0.00051744 0.000995811 0.00277196 0.0010421 0.00502418 -0.00212886 -0.000369857 0.00207728 -0.00394043 -0.00568707 -0.00107524 -0.00292502 -0.00294951 0.000824313 -0.00261562
internal_weight=527455 98801 4570 94231 10471 2260 1904 8211 2733 2456 5478 3043 1115 183 2435 1848 1636 587 332 255 932 723 913 277 197 1826 441 371 543 849
internal_count=527455 98801 4570 94231 10471 2260 1904 8211 2733 2456 5478 3043 1115 183 2435 1848 1636 587 332 255 932 723 913 277 197 1826 441 371 543 849
is_linear=0
shrinkage=0.03


Tree=187
num_leaves=31
num_cat=0
split_feature=10 10 11 7 6 7 9 2 6 5 9 1 9 4 11 1 9 1 9 7 10 10 9 4 11 0 10 6 9 1
split_gain=2.31913 2.93886 2.62849 2.79698 2.52215 3.66946 2.19635 2.1546 2.14395 1.93859 2.66646 2.47098 2.28655 3.81371 2.88905 2.81727 3.25878 3.45553 3.08802 3.55932 2.76423 2.7206 2.92909 3.30778 2.49822 2.54843 2.36541 3.97641 2.61235 2.10101
threshold=1.5000000000000002 7.5000000000000009 61.500000000000007 6.5000000000000009 0.44562647754137119 10.500000000000002 6.7500000000000009 54.250000000000007 0.6198686371100165 10.500000000000002 1.9500000000000002 2.5000000000000004 8.3500000000000032 5.5000000000000009 48.500000000000007 14.500000000000002 9.1500000000000004 9.5000000000000018 18.050000000000004 1.5000000000000002 3.5000000000000004 2.5000000000000004 26.450000000000003 1.5000000000000002 47.500000000000007 3.5000000000000004 5.5000000000000009 0.095695970695970703 30.050000000000004 5.5000000000000009
decision_type=2 2 2 2 2 2 2 2 2 2 2 2 2 2 2 2 2 2 2 2 2 2 2 2 2 2 2 2 2 2
left_child=-1 2 3 9 -5 -6 8 -4 -7 12 11 -11 14 15 24 16 17 -14 29 -20 -19 -17 23 -23 -2 -26 -21 -28 -29 -18
right_child=1 -3 7 4 5 6 -8 -9 -10 10 -12 -13 13 -15 -16 21 18 20 19 26 -22 22 -24 -25 25 -27 27 28 -30 -31
leaf_value=-0.00027343501160902102 0.00011755892465224961 -8.2330223204194893e-05 -0.00036793731779876933 4.5747804672227397e-05 -7.2332406511668048e-05 -0.001904251700662878 -0.00091650481460785931 1.8987614404431428e-05 -0.00556820787814902 -0.0023916203140751601 1.2477962056124834e-05 0.0028240639189338812 0.0014013733144813982 0.00014358575498560973 0.00099189544976410055 0.0043366945802193625 -0.0002178060335293368 0.0013750587392570379 -0.0035444549311484611 0.0021974099125886201 0.0067357329639696302 0.0035786620111659517 0.0019735685435894926 -0.0026748581757406573 0.00073064562153347566 -0.0037091600596405828 0.0026268040148475329 -0.0012031803124231818 0.0013020071965492573 0.00086975003140110771
leaf_weight=35184 28844 290801 18388 42689 4644 539 1688 43818 196 97 31147 520 812 11032 3511 92 2635 133 126 2514 248 86 221 663 187 308 762 802 703 4065
leaf_count=35184 28844 290801 18388 42689 4644 539 1688 43818 196 97 31147 520 812 11032 3511 92 2635 133 126 2514 248 86 221 663 187 308 762 802 703 4065
internal_value=-3.81356e-05 -2.13181e-05 6.67465e-05 0.000139168 -4.11569e-05 -0.000566115 -0.00151251 -9.53868e-05 -0.00288131 0.000239407 5.11641e-05 0.00200409 0.000342956 0.000559816 0.000178619 0.00089107 0.00101426 0.00250734 0.000860798 0.00143258 0.00486442 -0.000593721 -0.00106135 -0.00195683 8.12938e-05 -0.0020319 0.00156375 0.000861043 -3.29831e-05 0.000442032
internal_weight=527455 492271 201470 139264 49756 7067 2423 62206 735 89508 31764 617 57744 24894 32850 13862 12800 1193 11607 4907 381 1062 970 749 29339 495 4781 2267 1505 6700
internal_count=527455 492271 201470 139264 49756 7067 2423 62206 735 89508 31764 617 57744 24894 32850 13862 12800 1193 11607 4907 381 1062 970 749 29339 495 4781 2267 1505 6700
is_linear=0
shrinkage=0.03


Tree=188
num_leaves=31
num_cat=0
split_feature=3 4 11 6 0 10 5 9 5 8 11 2 10 6 10 6 9 8 9 0 9 11 0 5 11 6 9 5 9 6
split_gain=3.07533 2.50893 2.68211 3.54263 2.01777 1.93606 2.93785 1.99175 1.85463 2.97422 4.0018 2.4832 2.0668 2.00044 1.81767 2.1868 2.12685 2.93108 2.38223 1.88454 1.80186 2.3919 2.72814 2.36217 4.02167 2.41561 2.87982 2.7916 3.62543 4.25955
threshold=3.1500000000000008 1.5000000000000002 26.500000000000004 0.090230664857530549 7.5000000000000009 2.5000000000000004 2.5000000000000004 6.5500000000000007 5.5000000000000009 3.5000000000000004 18.500000000000004 54.250000000000007 7.5000000000000009 0.36451048951048953 14.500000000000002 0.24283374283374287 27.250000000000004 6.5000000000000009 3.8500000000000001 2.5000000000000004 1.7500000000000002 22.500000000000004 6.5000000000000009 10.500000000000002 153.50000000000003 0.29128787878787882 3.6500000000000008 17.500000000000004 9.1500000000000004 0.45080645161290328
decision_type=2 2 2 2 2 2 2 2 2 2 2 2 2 2 2 2 2 2 2 2 2 2 2 2 2 2 2 2 2 2
left_child=1 14 3 -3 8 6 -4 -8 9 10 -5 -12 -11 -10 15 16 17 18 -1 -20 21 22 -17 -22 25 26 -25 -27 -29 -30
right_child=-2 2 5 4 -6 -7 7 -9 13 12 11 -13 -14 -15 -16 20 -18 -19 19 -21 23 -23 -24 24 -26 27 -28 28 29 -31
leaf_value=-0.0012129266922714409 -5.5344578764540366e-05 0.0058640509389395658 -0.0039881863957662292 -0.0075616124193505219 0.002457512238381795 0.002171353934320352 0.0019293542329672879 -0.0023058552910551061 -0.0022945370411355339 0.0034355632161199184 -0.0051253526480500829 0.0010269763077331636 -0.0023995295512181073 0.0017034938000394921 -0.00030237932156969543 0.00079350870053150027 0.0061606487908729291 -0.0039771494764332359 -0.00065329165820249432 0.0033199517871357318 0.00030481644305947682 0.0017335604144718226 -0.0040768171381205323 -0.0078294710335030694 -0.0068827500059429935 -0.00066763658597843297 -0.0011907325245005807 0.00030490610663818848 0.0086158229686748387 -0.00024433312323052697
leaf_weight=193 495675 85 119 145 184 1622 533 123 167 119 95 156 101 346 6198 334 85 89 133 559 14612 1387 150 80 87 2773 222 884 113 86
leaf_count=193 495675 85 119 145 184 1622 533 123 167 119 95 156 101 346 6198 334 85 89 133 559 14612 1387 150 80 87 2773 222 884 113 86
internal_value=-3.70023e-05 0.000249083 0.000972928 -7.13925e-05 -0.000455637 0.00158201 0.000348557 0.00113525 -0.00093041 -0.00204002 -0.00359377 -0.00130159 0.000756725 0.000401991 0.000150924 0.00027988 0.00160959 0.00121243 0.00173432 0.00255631 0.000211945 0.00109992 -0.00071589 0.000123839 -0.000499115 -0.000365547 -0.00294934 -0.000163186 0.00112845 0.00478681
internal_weight=527455 31780 3795 1398 1313 2397 775 656 1129 616 396 251 220 513 27985 21787 1059 974 885 692 20728 1871 484 18857 4245 4158 302 3856 1083 199
internal_count=527455 31780 3795 1398 1313 2397 775 656 1129 616 396 251 220 513 27985 21787 1059 974 885 692 20728 1871 484 18857 4245 4158 302 3856 1083 199
is_linear=0
shrinkage=0.03


Tree=189
num_leaves=31
num_cat=0
split_feature=3 4 10 7 9 3 4 0 1 3 5 5 5 1 2 4 2 3 10 1 9 3 5 7 3 1 9 10 1 2
split_gain=2.95986 2.15441 2.17874 1.99952 2.10341 2.37181 3.06456 2.60247 2.49487 1.95655 1.92118 2.58649 2.46103 1.99543 2.49092 2.4842 3.07011 2.51074 2.25027 2.27573 1.87134 3.52331 2.10682 2.5972 1.8891 3.24517 1.86669 1.78689 2.12459 2.80729
threshold=3.0500000000000003 1.5000000000000002 3.5000000000000004 2.5000000000000004 1.7500000000000002 5.3500000000000005 2.5000000000000004 7.5000000000000009 8.5000000000000018 3.1500000000000008 6.5000000000000009 13.500000000000002 17.500000000000004 12.500000000000002 53.500000000000007 1.5000000000000002 55.750000000000007 3.7500000000000004 3.5000000000000004 14.500000000000002 2.5500000000000003 4.0500000000000007 3.5000000000000004 4.5000000000000009 4.4500000000000011 5.5000000000000009 1.7500000000000002 3.5000000000000004 3.5000000000000004 53.500000000000007
decision_type=2 2 2 2 2 2 2 2 2 2 2 2 2 2 2 2 2 2 2 2 2 2 2 2 2 2 2 2 2 2
left_child=1 -1 -3 26 -5 6 7 20 -9 -10 13 -12 -13 15 -15 -11 17 -17 19 -16 21 22 23 -6 25 -23 27 28 -2 -30
right_child=3 2 -4 4 5 -7 -8 8 9 10 11 12 -14 14 18 16 -18 -19 -20 -21 -22 24 -24 -25 -26 -27 -28 -29 29 -31
leaf_value=0.00017003879790320625 0.0022480932360796619 0.00013007998101158621 0.0017630158099885857 -0.0017341250330324004 -0.0030164206567711714 -4.9106095860581809e-05 0.00070577275997596358 0.0044590804376934143 0.0039649704381823541 -0.0034994477751078431 0.0021721808709495643 -0.0024702519480895276 0.0014573344530967565 0.003000455941532699 -0.0070744754769364177 0.0047698571099029797 0.0057184623339713008 -0.0011028053821661534 -0.00036994980921460055 -0.0017451295829736268 -0.0001489865760784801 0.0010067630372941493 0.0032403778272961812 0.0035222445940598845 0.00070370858365839174 -0.0064212104652897782 -0.00025177768841214246 0.0025688377334034604 -0.0044902694988995786 0.00014829684733382473
leaf_weight=26668 377 1346 1621 652 127 405170 8481 158 150 81 997 266 312 142 98 91 151 234 886 273 20449 96 567 96 264 118 55875 365 130 1214
leaf_count=26668 377 1346 1621 652 127 405170 8481 158 150 81 997 266 312 142 98 91 151 234 886 273 20449 96 567 96 264 118 55875 365 130 1214
internal_value=-3.59136e-05 0.000255358 0.00102222 -5.32529e-05 -3.14276e-05 -2.89e-05 0.00021163 4.76441e-05 0.000767687 0.000609241 0.000466686 0.00124652 -0.000350171 -0.000161246 -0.000765854 0.00135733 0.0021838 0.00054154 -0.00119132 -0.00315288 -7.96407e-05 0.0010387 0.00226879 -0.000201569 -0.000994298 -0.00308904 -0.000218882 0.00066225 0.00025789 -0.000300374
internal_weight=527455 29635 2967 497820 439859 439207 34037 25556 3839 3681 3531 1575 578 1956 1399 557 476 325 1257 371 21717 1268 790 223 478 214 57961 2086 1721 1344
internal_count=527455 29635 2967 497820 439859 439207 34037 25556 3839 3681 3531 1575 578 1956 1399 557 476 325 1257 371 21717 1268 790 223 478 214 57961 2086 1721 1344
is_linear=0
shrinkage=0.03


Tree=190
num_leaves=31
num_cat=0
split_feature=3 4 9 3 0 1 0 5 5 9 9 2 10 1 5 3 9 9 3 9 9 3 10 2 6 0 5 6 8 3
split_gain=2.86023 2.0231 2.79281 2.10568 1.766 2.81329 2.7443 2.67008 2.55113 2.74151 2.40415 4.11335 3.81515 3.79104 2.84084 2.58118 2.35949 7.34472 2.94018 2.31709 2.08058 2.74054 2.58501 1.99706 1.92433 1.89254 1.79772 1.76977 2.01262 1.96226
threshold=4.4500000000000011 2.5000000000000004 50.95000000000001 3.6500000000000008 5.5000000000000009 5.5000000000000009 3.5000000000000004 19.500000000000004 22.500000000000004 8.1500000000000004 6.2500000000000009 51.750000000000007 10.500000000000002 9.5000000000000018 16.500000000000004 4.3500000000000005 19.250000000000004 16.850000000000005 2.1500000000000008 3.4500000000000006 27.250000000000004 3.7500000000000004 2.5000000000000004 53.500000000000007 0.48858329008822005 3.5000000000000004 36.500000000000007 0.46247654784240161 10.500000000000002 3.1500000000000008
decision_type=2 2 2 2 2 2 2 2 2 2 2 2 2 2 2 2 2 2 2 2 2 2 2 2 2 2 2 2 2 2
left_child=1 4 3 -3 5 6 8 10 -1 -10 11 -7 13 15 -13 20 17 -8 -18 -16 22 -22 -12 -24 -15 -14 27 -6 -29 -30
right_child=-2 2 -4 -5 26 7 16 -9 9 -11 12 14 25 24 19 -17 18 -19 -20 -21 21 -23 23 -25 -26 -27 -28 28 29 -31
leaf_value=-6.5461574577708724e-05 -6.019430555587881e-05 0.0031475356128382479 0.0058848749298830421 0.00047994841457327247 0.00062509583689383233 -0.0063661289458220773 0.00067071178391600649 -0.0028021666774808488 0.00070609192485884744 0.0056815364717372821 -0.00069398288812711438 -0.00070188798110297642 -0.0032160256801777188 0.001589468542965549 0.0067129533405908765 -0.0040589402518539782 -0.001080716913301413 -0.0085144263783004121 0.0030392963085088516 -2.4091387912631033e-05 0.00070209646425588963 -0.0061643666198307814 -0.0015992330324370414 0.0020552742613544062 0.0060387062575368178 -0.00045311387948296421 -0.0037252047720054784 0.00014944084994069308 0.00030279727501329035 -0.006137892056952466
leaf_weight=16775 465998 295 98 2739 10333 113 3802 404 346 140 576 6136 259 173 85 107 198 80 733 100 129 88 150 1309 177 1611 99 14231 80 91
leaf_count=16775 465998 295 98 2739 10333 113 3802 404 346 140 576 6136 259 173 85 107 198 80 733 100 129 88 150 1309 177 1611 99 14231 80 91
internal_value=-3.48242e-05 0.000157545 0.000900325 0.000739322 0.000117658 -2.44924e-05 0.00017325 -0.000406814 -3.38306e-06 0.00213935 -0.000318943 -0.000692876 0.000206474 0.000925937 -0.000591456 0.000493656 0.000806714 0.000481425 0.00216307 0.00307131 0.000709965 -0.00208246 0.00100773 0.00167955 0.00383951 -0.000835785 0.000309362 0.00032551 0.000110566 -0.0031247
internal_weight=527455 61457 3132 3034 58325 33491 22074 11417 17261 486 11013 6434 4579 2709 6321 2359 4813 3882 931 185 2252 217 2035 1459 350 1870 24834 24735 14402 171
internal_count=527455 61457 3132 3034 58325 33491 22074 11417 17261 486 11013 6434 4579 2709 6321 2359 4813 3882 931 185 2252 217 2035 1459 350 1870 24834 24735 14402 171
is_linear=0
shrinkage=0.03


Tree=191
num_leaves=31
num_cat=0
split_feature=3 4 10 7 11 9 9 3 4 11 7 5 3 7 7 10 11 7 3 1 9 10 11 1 9 8 10 5 7 11
split_gain=2.7696 2.08107 2.09766 1.9156 2.42994 2.21313 1.9999 2.20158 2.88841 2.6876 2.56383 3.44828 2.44656 2.3315 3.01588 3.5716 2.57021 2.15915 3.21894 2.38631 2.09399 2.20119 2.88984 2.83262 2.55131 3.02181 3.11014 2.98594 2.81342 3.5957
threshold=3.0500000000000003 1.5000000000000002 3.5000000000000004 2.5000000000000004 106.50000000000001 1.7500000000000002 1.7500000000000002 5.3500000000000005 2.5000000000000004 18.500000000000004 5.5000000000000009 7.5000000000000009 4.1500000000000012 8.5000000000000018 6.5000000000000009 6.5000000000000009 47.500000000000007 7.5000000000000009 4.9500000000000011 9.5000000000000018 2.5500000000000003 3.5000000000000004 181.50000000000003 8.5000000000000018 22.450000000000003 8.5000000000000018 2.5000000000000004 5.5000000000000009 7.5000000000000009 92.500000000000014
decision_type=2 2 2 2 2 2 2 2 2 2 2 2 2 2 2 2 2 2 2 2 2 2 2 2 2 2 2 2 2 2
left_child=1 -1 -3 4 5 -2 -5 8 20 10 12 -12 -10 14 -11 17 -17 19 -19 -16 -8 22 24 -24 28 27 -27 -26 -22 -30
right_child=3 2 -4 6 -6 -7 7 -9 9 13 11 -13 -14 -15 15 16 -18 18 -20 -21 21 -23 23 -25 25 26 -28 -29 29 -31
leaf_value=0.0001641065878823478 0.00092328114309103368 0.00012627631878675088 0.0017285386307308499 -0.0016894749183482005 -0.00075711619839623798 -0.00017969668296931846 0.0011219055439327277 -4.6206740416719368e-05 0.0025926155557159246 0.00094393472425782256 -0.0013071778502395685 0.0054119389701415502 -0.0017920655996817789 4.2256092505086751e-05 0.0042612129126686649 0.0031873121857643127 -0.0032523317221833875 0.0050901496623243607 -0.0022233770991626541 0.01000844696028666 -0.00016959683654799732 0.0002016773749868163 -0.00081806988071869398 -0.007431612514397677 0.0086035106159173518 0.0014729438856878178 -0.0052289219275116917 0.0013303101982759392 -0.0022204642929279264 0.001654987879270731
leaf_weight=26668 1693 1346 1621 652 6545 49723 1530 405170 131 4388 139 136 911 1994 249 105 119 126 95 88 6739 14916 136 102 91 282 80 115 1307 258
leaf_count=26668 1693 1346 1621 652 6545 49723 1530 405170 131 4388 139 136 911 1994 249 105 119 126 95 88 6739 14916 136 102 91 282 80 115 1307 258
internal_value=-3.37935e-05 0.000247961 0.00100166 -5.05662e-05 -0.000212682 -0.000143378 -2.92039e-05 -2.67392e-05 0.000204999 0.00068473 -0.00056083 0.00201573 -0.00124082 0.000913709 0.00124982 0.00296619 -0.000233749 0.00425076 0.00194633 0.00576197 4.57952e-05 -2.27326e-05 -0.000390164 -0.00365245 -0.00030265 0.00164254 -8.13143e-06 0.00454323 -0.000435702 -0.00158157
internal_weight=527455 29635 2967 497820 57961 51416 439859 439207 34037 8481 1317 275 1042 7164 5170 782 224 558 221 337 25556 24026 9110 238 8872 568 362 206 8304 1565
internal_count=527455 29635 2967 497820 57961 51416 439859 439207 34037 8481 1317 275 1042 7164 5170 782 224 558 221 337 25556 24026 9110 238 8872 568 362 206 8304 1565
is_linear=0
shrinkage=0.03


Tree=192
num_leaves=31
num_cat=0
split_feature=3 4 10 7 11 9 10 9 3 4 11 0 7 5 1 11 10 11 1 3 9 9 11 3 3 4 7 7 10 11
split_gain=2.65434 2.01775 2.02894 1.82195 2.30557 2.10746 1.94828 1.90114 2.10471 2.75481 2.55225 2.48048 2.44494 3.29033 2.38414 2.60077 2.96623 3.6697 3.07676 2.90105 2.66257 2.66119 2.40758 2.42878 2.33189 2.30878 2.22369 2.89584 3.40724 2.44888
threshold=3.0500000000000003 1.5000000000000002 3.5000000000000004 2.5000000000000004 106.50000000000001 1.7500000000000002 3.5000000000000004 1.7500000000000002 5.3500000000000005 2.5000000000000004 18.500000000000004 7.5000000000000009 5.5000000000000009 7.5000000000000009 8.5000000000000018 141.50000000000003 4.5000000000000009 33.500000000000007 16.500000000000004 3.3500000000000001 10.350000000000003 15.950000000000001 223.50000000000003 4.8500000000000005 4.1500000000000012 1.5000000000000002 8.5000000000000018 6.5000000000000009 6.5000000000000009 47.500000000000007
decision_type=2 2 2 2 2 2 2 2 2 2 2 2 2 2 2 2 2 2 2 2 2 2 2 2 2 2 2 2 2 2
left_child=1 -1 -3 4 5 6 -2 -5 9 11 12 -9 24 -14 -13 16 18 19 20 -18 -16 -19 -17 -24 -11 -22 27 -12 -29 -30
right_child=3 2 -4 7 -6 -7 -8 8 -10 10 26 14 13 -15 15 22 17 21 -20 -21 25 -23 23 -25 -26 -27 -28 28 29 -31
leaf_value=0.00016049740580140193 0.00042881938860178718 0.00012428367115525365 0.0017000834060328738 -0.0016471084737521738 -0.0007376050782327173 -0.00017522089564162669 0.0030940792255103587 -7.9108015462367093e-05 -4.4981043250652532e-05 0.002533836412520809 0.00092079241215883866 0.004356667173059681 -0.0012744513625721277 0.0052889764769112361 0.0010722965772868851 -0.0055099669037405978 0.005494050753883796 0.0024557304947540677 -0.0046700995841196602 5.2757386680987241e-05 -0.0060583455314238864 0.0069823986198753116 -0.0012546946433366546 0.0042776342279770788 -0.0017468607167250238 -0.00038371312579042033 4.1214096450518703e-05 0.0041570560089362564 0.0031162805472101482 -0.0031695202694219703
leaf_weight=26668 1393 1346 1621 652 6545 49723 300 21717 405170 131 4388 158 139 136 1302 97 101 348 112 695 90 176 447 85 911 228 1994 558 105 119
leaf_count=26668 1393 1346 1621 652 6545 49723 300 21717 405170 131 4388 158 139 136 1302 97 101 348 112 695 90 176 447 85 911 228 1994 558 105 119
internal_value=-3.27633e-05 0.000243066 0.000985211 -4.91833e-05 -0.000207287 -0.00013978 0.000901104 -2.83496e-05 -2.59466e-05 0.000200636 0.000669141 4.51577e-05 -0.000544651 0.00197146 0.000748122 0.000593232 0.000955244 0.00202656 0.000138765 0.000743173 0.00047123 0.00397614 -0.0011633 -0.00037077 -0.00120869 -0.00198974 0.00089228 0.00122052 0.0029024 -0.000223051
internal_weight=527455 29635 2967 497820 57961 51416 1693 439859 439207 34037 8481 25556 1317 275 3839 3681 3052 1320 1732 796 1620 524 629 532 1042 318 7164 5170 782 224
internal_count=527455 29635 2967 497820 57961 51416 1693 439859 439207 34037 8481 25556 1317 275 3839 3681 3052 1320 1732 796 1620 524 629 532 1042 318 7164 5170 782 224
is_linear=0
shrinkage=0.03


Tree=193
num_leaves=31
num_cat=0
split_feature=3 4 9 3 7 0 1 4 3 5 0 1 9 2 9 2 5 0 5 8 6 3 7 1 7 6 9 2 6 9
split_gain=2.55307 1.83206 2.69321 2.01715 2.35337 1.67597 2.66067 2.64862 3.30922 2.53676 2.48586 3.85372 2.30609 3.90485 3.25079 2.95234 2.71297 2.28513 3.64274 3.43909 3.49892 3.17172 2.40251 2.24892 2.21935 3.14477 3.04555 3.5162 2.88842 2.41058
threshold=4.4500000000000011 2.5000000000000004 50.95000000000001 3.6500000000000008 3.5000000000000004 5.5000000000000009 5.5000000000000009 1.5000000000000002 2.8500000000000001 19.500000000000004 4.5000000000000009 4.5000000000000009 6.2500000000000009 51.750000000000007 24.050000000000004 56.750000000000007 16.500000000000004 3.5000000000000004 4.5000000000000009 3.5000000000000004 0.87867647058823539 4.2500000000000009 5.5000000000000009 8.5000000000000018 4.5000000000000009 0.78019323671497598 1.9500000000000002 58.750000000000007 0.21498599439775914 17.450000000000003
decision_type=2 2 2 2 2 2 2 2 2 2 2 2 2 2 2 2 2 2 2 2 2 2 2 2 2 2 2 2 2 2
left_child=1 5 3 4 -3 6 7 8 -1 12 11 17 13 -8 23 -16 -15 18 21 20 -19 -9 -21 -14 25 26 -20 29 -26 -28
right_child=-2 2 -4 -5 -6 -7 9 10 -10 -11 -12 -13 14 16 15 -17 -18 19 24 22 -22 -23 -24 -25 28 -27 27 -29 -30 -31
leaf_value=0.00023991299256948987 -5.573281246667767e-05 0.0054016203210203945 0.0057516797555952652 0.00044485560529595005 -4.8527790477237433e-06 0.0002987790494828739 -0.0062064370225323774 3.0781742951472698e-05 -0.00074729630043505059 -0.0027330463876461351 0.0022054697269209543 -0.0014062185943377104 0.00025370861060393759 -0.00068794052941462016 -0.00045003420754337862 -0.0046759431860381624 0.0029993551047424456 -0.00080655041129939489 0.0053757031173535703 0.0061359559721389009 0.0057403389080427584 -0.0031029081425393919 0.001452827295279983 0.0020599803492076965 0.0071865766012790388 0.004280215056217276 6.8229096218505318e-05 0.0045534561196703231 0.0018198206724386284 -0.0037509536322640489
leaf_weight=9132 465998 167 98 2739 128 24834 113 2336 4593 404 775 913 2097 6136 1435 166 185 400 103 231 90 332 172 881 104 200 1700 147 683 163
leaf_count=9132 465998 167 98 2739 128 24834 113 2336 4593 404 775 913 2097 6136 1435 166 185 400 103 231 90 332 172 881 104 200 1700 147 683 163
internal_value=-3.17636e-05 0.000149983 0.000856824 0.000698718 0.00305576 0.000112026 -2.64535e-05 0.00016585 -9.04515e-05 -0.00039826 0.000587188 0.000421599 -0.000312611 -0.000678839 0.000201979 -0.000888198 -0.000580023 0.000672131 0.000453496 0.00208433 0.000395939 -0.000359168 0.0041372 0.000788069 0.00115291 0.000684688 0.000344363 8.65383e-05 0.00252902 -0.000265924
internal_weight=527455 61457 3132 3034 295 58325 33491 22074 13725 11417 8349 7574 11013 6434 4579 1601 6321 6661 5768 893 490 2668 403 2978 3100 2313 2113 2010 787 1863
internal_count=527455 61457 3132 3034 295 58325 33491 22074 13725 11417 8349 7574 11013 6434 4579 1601 6321 6661 5768 893 490 2668 403 2978 3100 2313 2113 2010 787 1863
is_linear=0
shrinkage=0.03


Tree=194
num_leaves=31
num_cat=0
split_feature=3 4 10 7 11 9 7 9 9 11 3 4 11 11 8 9 9 0 11 10 11 6 4 5 9 10 10 5 11 10
split_gain=2.47545 1.92481 1.96435 1.7481 2.18526 1.99809 1.86443 2.81236 2.10036 2.01605 2.03478 2.51178 2.92611 3.74422 2.92194 2.43094 2.36118 2.35939 2.82438 2.5733 2.90807 2.35959 2.72546 2.85227 2.73594 3.45402 2.13339 2.80628 2.09073 3.88242
threshold=3.0500000000000003 1.5000000000000002 3.5000000000000004 2.5000000000000004 106.50000000000001 1.7500000000000002 11.500000000000002 8.9500000000000011 1.7500000000000002 225.50000000000003 5.3500000000000005 2.5000000000000004 28.500000000000004 42.500000000000007 4.5000000000000009 4.3500000000000005 3.1500000000000008 7.5000000000000009 141.50000000000003 4.5000000000000009 33.500000000000007 0.8047619047619049 1.5000000000000002 6.5000000000000009 7.5500000000000007 2.5000000000000004 7.5000000000000009 3.5000000000000004 21.500000000000004 7.5000000000000009
decision_type=2 2 2 2 2 2 2 2 2 2 2 2 2 2 2 2 2 2 2 2 2 2 2 2 2 2 2 2 2 2
left_child=1 -1 -3 4 5 -2 8 -8 -5 10 11 17 15 14 -14 26 -12 -10 19 21 28 22 23 -19 25 -25 27 -13 -21 -30
right_child=3 2 -4 6 -6 -7 7 -9 9 -11 16 12 13 -15 -16 -17 -18 18 -20 20 -22 -23 -24 24 -26 -27 -28 -29 29 -31
leaf_value=0.0001549173326398469 0.00087770138779183114 0.0001133009132684899 0.0016638148866865593 -0.0017293493825833773 -0.00071783057127538196 -0.00017032099264258302 -0.00069430643608011907 -8.3563182741702236e-05 -2.3911578234717163e-05 -0.00055853674234016752 -0.00068611299242470666 0.0035671451052681339 0.004707144645640724 0.00083336420666251822 0.0010917090370525261 0.00061213912293652537 1.7915705060466405e-05 -0.0046242350450268494 -0.00455252084348883 0.0020675527281218465 0.0038077573265769696 -0.0040803003845349796 0.001315163969409995 -0.0011131576129368374 -0.0043442128133028748 0.0067779504195895303 -0.0047542608151069053 -0.0014296909164939376 0.0027754416174561015 -0.004123567543522326
leaf_weight=26668 1693 1346 1621 618 6545 49723 7129 140926 17538 5296 4361 122 475 2411 349 2869 253940 162 84 514 505 106 1149 119 80 86 130 592 131 167
leaf_count=26668 1693 1346 1621 618 6545 49723 7129 140926 17538 5296 4361 122 475 2411 349 2869 253940 162 84 514 505 106 1149 119 80 86 130 592 131 167
internal_value=-3.08106e-05 0.000235562 0.000960414 -4.66677e-05 -0.000201534 -0.000135812 -2.62606e-05 -0.000112971 1.77344e-05 2.14423e-05 3.21862e-05 0.000277079 0.000770456 0.00143003 0.00317585 0.000195795 6.0293e-06 0.000111002 0.000873529 0.0010245 0.00202019 0.000254046 0.000541916 -0.00144569 0.000361056 0.00219726 -0.00121948 -0.00057589 0.00090846 -0.00109078
internal_weight=527455 29635 2967 497820 57961 51416 439859 148055 291804 291186 285890 27589 6948 3235 824 3713 258301 20641 3103 3019 1317 1702 1596 447 285 205 844 714 812 298
internal_count=527455 29635 2967 497820 57961 51416 439859 148055 291804 291186 285890 27589 6948 3235 824 3713 258301 20641 3103 3019 1317 1702 1596 447 285 205 844 714 812 298
is_linear=0
shrinkage=0.03


Tree=195
num_leaves=31
num_cat=0
split_feature=3 4 11 10 10 7 11 3 5 11 11 3 7 9 0 9 9 10 7 9 1 2 9 9 9 2 7 3 5 3
split_gain=2.37891 2.16975 2.60714 2.45478 1.74536 1.70136 3.02846 2.01245 1.67613 1.6645 2.25516 2.5958 2.77035 2.82665 2.01542 1.68234 1.83622 1.65625 3.88449 2.9373 2.54785 2.46447 2.67957 2.30944 2.20495 4.49897 2.1922 4.52947 2.57979 2.33036
threshold=3.1500000000000008 1.5000000000000002 28.500000000000004 6.5000000000000009 14.500000000000002 1.5000000000000002 54.500000000000007 1.9500000000000002 3.5000000000000004 26.500000000000004 162.50000000000003 2.8500000000000001 2.5000000000000004 2.7500000000000004 5.5000000000000009 9.5500000000000025 5.1500000000000012 3.5000000000000004 2.5000000000000004 1.7500000000000002 15.500000000000002 51.750000000000007 4.0500000000000007 9.3500000000000032 3.6500000000000008 54.250000000000007 1.5000000000000002 2.8500000000000001 6.5000000000000009 2.7500000000000004
decision_type=2 2 2 2 2 2 2 2 2 2 2 2 2 2 2 2 2 2 2 2 2 2 2 2 2 2 2 2 2 2
left_child=1 4 -3 -4 17 6 7 -6 -5 -7 11 12 15 -14 -12 16 -11 19 23 -1 24 22 -21 26 25 -20 29 28 -28 -19
right_child=-2 2 3 8 5 9 -8 -9 -10 10 14 -13 13 -15 -16 -17 -18 18 20 21 -22 -23 -24 -25 -26 -27 27 -29 -30 -31
leaf_value=0.0012208140213934614 -4.5986937374658847e-05 6.0939580787731703e-05 0.00078944262309308115 0.0023610765173943081 -0.00064329402797200057 -0.0010787933581020426 -1.8365235268196195e-06 -0.0064781681242428958 0.0062501423076416051 -5.1960209402609473e-05 -0.0010043010123855602 -0.0023394146714625611 -0.0010002819259454488 0.0044379648673161147 0.00058268795485708741 -0.0029212542565425072 0.0037946455915025463 0.0020299452868960937 -0.0045216047347408977 -0.00011242956384389757 0.0066515061172869915 -0.00014646189688405744 0.0067539191525667064 0.0013736285579891662 0.0017628164938235222 0.0012606780969771129 -0.00025156401795212749 0.0024438973867203576 -0.0022204673101489784 -0.0017069990828633308
leaf_weight=1746 495675 1786 1216 676 81 1344 322 155 117 387 1703 168 109 408 1248 116 157 603 164 107 83 12362 98 963 2221 463 1312 363 1102 200
leaf_count=1746 495675 1786 1216 676 81 1344 322 155 117 387 1703 168 109 408 1248 116 157 603 164 107 83 12362 98 963 2221 463 1312 363 1102 200
internal_value=-2.98546e-05 0.000221762 0.000894902 0.00163629 0.000130479 -0.000313717 -0.00189393 -0.00447552 0.00293487 -0.000157377 0.000130887 0.00114901 0.00164694 0.00329141 -0.000333151 0.000358766 0.00105818 0.000256844 0.000618816 6.78288e-05 0.0014703 -9.23616e-05 0.00317002 6.94672e-05 0.0013193 -0.000251753 -0.000281345 -0.000680545 -0.00115038 0.0010992
internal_weight=527455 31780 3795 2009 27985 6198 558 236 793 5640 4296 1345 1177 517 2951 660 544 21787 7474 14313 2931 12567 205 4543 2848 627 3580 2777 2414 803
internal_count=527455 31780 3795 2009 27985 6198 558 236 793 5640 4296 1345 1177 517 2951 660 544 21787 7474 14313 2931 12567 205 4543 2848 627 3580 2777 2414 803
is_linear=0
shrinkage=0.03


Tree=196
num_leaves=31
num_cat=0
split_feature=3 11 4 10 10 11 2 0 9 9 9 3 9 10 1 3 5 10 1 0 3 11 11 9 2 0 3 9 5 11
split_gain=2.331 2.66935 2.40331 2.40074 2.08321 2.61618 4.24338 4.12181 2.93173 2.35233 2.27354 2.98368 2.581 2.86529 2.65808 2.91174 2.58714 4.29263 3.35624 4.08421 4.38466 4.76431 3.32251 3.72753 3.30564 3.12406 3.34075 2.91373 2.76308 2.57292
threshold=7.4500000000000011 6.5000000000000009 3.5000000000000004 6.5000000000000009 1.5000000000000002 26.500000000000004 53.500000000000007 6.5000000000000009 3.1500000000000008 2.7500000000000004 8.3500000000000032 5.0500000000000007 8.5500000000000025 11.500000000000002 3.5000000000000004 5.9500000000000011 7.5000000000000009 17.500000000000004 2.5000000000000004 4.5000000000000009 3.8500000000000001 175.50000000000003 105.50000000000001 23.650000000000002 56.250000000000007 1.5000000000000002 3.5500000000000003 19.250000000000004 3.5000000000000004 26.500000000000004
decision_type=2 2 2 2 2 2 2 2 2 2 2 2 2 2 2 2 2 2 2 2 2 2 2 2 2 2 2 2 2 2
left_child=1 -1 4 -4 5 6 7 -3 -8 -7 11 -6 13 14 -12 -16 17 18 28 29 27 22 -22 -24 -19 26 -18 -21 -14 -20
right_child=-2 2 3 -5 10 9 8 -9 -10 -11 12 -13 16 -15 15 -17 25 24 19 20 21 -23 23 -25 -26 -27 -28 -29 -30 -31
leaf_value=0.0022947453205424406 -6.3186975105972544e-05 -0.0059346635807759878 0.00076209899356094284 -1.2303294188723303e-05 7.4760442376755815e-05 0.00083501274259152223 -0.0030584762024685858 0.0011119329215645199 -0.00014497767064864672 -0.00036322875262204986 -0.00061626459333173774 -0.00044390261198284605 0.0034030839138358714 -0.0024482733905315398 0.0054021299891298573 -0.00078422838865324499 0.0017341788505454228 0.00013461981743262568 0.00060197240591838754 0.0013084861606551821 0.00047392039703283745 -0.0051969420304521915 0.0066595670364119793 -0.0011037959690604891 -0.0018931105233016699 -3.6950426931156344e-06 -0.0025753896755094713 0.0036148206404994759 0.0010076459203281244 -0.00096666618050345737
leaf_weight=491 407537 287 8563 6220 42003 1855 381 101 1688 7189 141 13094 736 105 336 86 201 13359 1833 1334 4199 128 165 84 765 9972 832 782 1054 1934
leaf_count=491 407537 287 8563 6220 42003 1855 381 101 1688 7189 141 13094 736 105 336 86 201 13359 1833 1334 4199 128 165 84 765 9972 832 782 1054 1934
internal_value=-2.89766e-05 8.72862e-05 7.82106e-05 0.000436266 2.76283e-05 -0.000353295 -0.00122139 -0.00410037 -0.000681489 -0.000117459 7.46635e-05 -4.85017e-05 0.000253027 0.00210136 0.00294987 0.0041414 0.000219995 0.000381222 0.000792213 0.000586776 0.00103156 0.000509373 0.000673584 0.0040406 2.47916e-05 -0.000166379 -0.00173684 0.00216083 0.00199259 -0.000203376
internal_weight=527455 119918 119427 14783 104644 11501 2457 388 2069 9044 93143 55097 38046 668 563 422 37378 26373 12249 10459 6692 4576 4448 249 14124 11005 1033 2116 1790 3767
internal_count=527455 119918 119427 14783 104644 11501 2457 388 2069 9044 93143 55097 38046 668 563 422 37378 26373 12249 10459 6692 4576 4448 249 14124 11005 1033 2116 1790 3767
is_linear=0
shrinkage=0.03


Tree=197
num_leaves=31
num_cat=0
split_feature=3 11 11 11 6 11 5 11 5 10 10 10 7 2 0 1 11 4 11 5 11 6 2 1 10 5 11 1 5 4
split_gain=2.24424 2.15591 1.64761 2.67028 3.3553 1.95635 2.73031 2.63594 5.96317 3.63198 2.60168 4.36212 4.28352 3.22707 4.23279 3.51738 2.76413 2.45183 2.30426 2.22564 2.19543 2.17229 2.12727 2.41172 2.59502 2.7839 2.36115 2.3543 2.43194 2.63003
threshold=6.4500000000000011 6.5000000000000009 18.500000000000004 19.500000000000004 0.46737588652482276 69.500000000000014 5.5000000000000009 51.500000000000007 5.5000000000000009 9.5000000000000018 12.500000000000002 14.500000000000002 6.5000000000000009 55.750000000000007 6.5000000000000009 12.500000000000002 21.500000000000004 1.5000000000000002 30.500000000000004 36.500000000000007 42.500000000000007 0.8047619047619049 54.250000000000007 9.5000000000000018 2.5000000000000004 14.500000000000002 20.500000000000004 7.5000000000000009 5.5000000000000009 2.5000000000000004
decision_type=2 2 2 2 2 2 2 2 2 2 2 2 2 2 2 2 2 2 2 2 2 2 2 2 2 2 2 2 2 2
left_child=1 -1 -3 4 -4 7 -7 9 -9 22 -11 12 -12 15 20 17 -17 -13 -19 21 -15 -8 23 24 25 -5 -26 -28 -29 -30
right_child=-2 2 3 5 -6 6 19 8 -10 10 11 13 -14 14 -16 16 -18 18 -20 -21 -22 -23 -24 -25 26 -27 27 28 29 -31
leaf_value=0.0022429008465010805 -5.8467227427981098e-05 -0.00020048071760004344 0.00561944071110338 -0.00064149015354177173 -4.6708392494046101e-05 0.00014141212927694347 -0.00028929653954343221 0.0015429906411888392 -2.2623907997820112e-06 -0.0011925280921905848 0.0011040316457258353 -0.00057249972060506213 0.007494377408124437 -0.0027435978441250346 0.00087490722007920775 0.00094281062083866659 -0.0037221407400374767 0.00051053664681230545 0.0027900390548296688 -0.0054120140619300025 0.0011925534152757975 -0.0018628350433646879 0.00012962371287124542 0.0012285993314597285 0.0026224102879610941 0.0038402929620547145 0.00088726162502390413 0.00063947595823184481 -0.00087841858079523911 -0.0059635260832660341
leaf_weight=420 424973 15071 180 2609 197 19663 9521 4126 4937 2609 802 1292 107 1179 521 170 349 1580 534 81 143 861 27125 3858 532 131 3017 451 280 136
leaf_count=420 424973 15071 180 2609 197 19663 9521 4126 4937 2609 802 1292 107 1179 521 170 349 1580 534 81 143 861 27125 3858 532 131 3017 451 280 136
internal_value=-2.8079e-05 9.79353e-05 8.91084e-05 0.000139279 0.00265861 0.000128313 -6.69216e-05 0.000232435 0.000701226 0.000142849 -0.00038921 -7.5318e-05 0.00185625 -0.000379721 -0.00141527 0.000106525 -0.00219412 0.000457093 0.00108634 -0.000458441 -0.00231783 -0.000419793 0.000272393 0.000624003 0.000298048 -0.000427215 0.000748052 0.000491317 -0.000886497 -0.00254086
internal_weight=527455 102482 102062 86991 377 86614 30126 56488 9063 47425 9286 6677 909 5768 1843 3925 519 3406 2114 10463 1322 10382 38139 11014 7156 2740 4416 3884 867 416
internal_count=527455 102482 102062 86991 377 86614 30126 56488 9063 47425 9286 6677 909 5768 1843 3925 519 3406 2114 10463 1322 10382 38139 11014 7156 2740 4416 3884 867 416
is_linear=0
shrinkage=0.03


Tree=198
num_leaves=31
num_cat=0
split_feature=3 2 1 3 7 3 1 2 6 3 9 7 5 11 6 3 11 9 6 6 2 2 6 3 11 9 3 0 1 6
split_gain=2.1937 1.65303 2.25954 3.73074 2.28101 2.21335 1.97666 1.924 1.87348 2.01072 1.96928 1.50473 2.33376 2.50607 2.02492 3.45301 1.66646 1.75129 2.33887 2.95667 3.12563 2.86602 2.12543 2.02366 1.73991 1.78716 1.64228 2.2647 8.5093 3.71903
threshold=2.7500000000000004 58.250000000000007 12.500000000000002 7.2500000000000009 10.500000000000002 24.150000000000002 13.500000000000002 62.500000000000007 0.26352339181286555 14.65 64.65000000000002 2.5000000000000004 20.500000000000004 13.500000000000002 0.40824915824915831 17.650000000000002 132.50000000000003 1.7500000000000002 0.44058823529411767 0.57979626485568769 56.250000000000007 54.250000000000007 0.76696832579185525 8.6500000000000004 40.500000000000007 1.5500000000000003 10.850000000000003 5.5000000000000009 8.5000000000000018 0.8377192982456142
decision_type=2 2 2 2 2 2 2 2 2 2 2 2 2 2 2 2 2 2 2 2 2 2 2 2 2 2 2 2 2 2
left_child=-1 11 4 6 5 7 -4 -3 -6 10 -10 12 16 -14 15 -15 17 18 -2 23 21 -21 -23 -20 -24 -26 27 -13 -29 -30
right_child=1 2 3 -5 8 -7 -8 -9 9 -11 -12 26 13 14 -16 -17 -18 -19 19 20 -22 22 24 -25 25 -27 -28 28 29 -31
leaf_value=0.00025910201184601575 -0.0039408452741885452 0.0009258723451031326 -0.007466515150259841 -0.00017142140875838944 0.00016998423921936104 4.8928005009231216e-06 -0.0012689230917021632 0.0053959997303106568 -0.001542323543007966 -0.00049624532381885495 -0.0067630556749330977 -4.4452756589347603e-05 0.0019265542883745658 -0.0027541205203443684 -0.00027595516440945484 -0.00037791185016724588 -0.00071252124761632233 -0.00012627005142524909 0.0061265348360131054 -0.00064255906143099865 -0.0027795805233586496 -0.00021857586906066741 0.0011586412752914274 0.00038596679697580193 0.0062628125242356744 0.0019054771288180017 -6.1601394334850901e-05 0.0012014107814757905 0.00011501809379590258 -0.0015171632790702513
leaf_weight=23028 89 5682 110 784 1741 3146 80 88 157 511 111 58044 268 1201 1645 1016 4214 48810 158 518 217 232 232 85 210 142 332900 6978 33753 1305
leaf_count=23028 89 5682 110 784 1741 3146 80 88 157 511 111 58044 268 1201 1645 1016 4214 48810 158 518 217 232 232 85 210 142 332900 6978 33753 1305
internal_value=-2.72418e-05 -4.03139e-05 0.000301639 -0.00108545 0.000419777 0.000645026 -0.004857 0.000994048 -0.000377176 -0.00160003 -0.00370464 -4.89389e-05 -0.000191019 -0.000878762 -0.00107343 -0.00166516 -0.000139288 -9.16365e-05 0.000806114 0.00104161 0.000559542 0.00110271 0.00221062 0.00411852 0.00317564 0.00450502 -2.95662e-05 7.69938e-05 0.000244689 5.42617e-05
internal_weight=527455 504427 12410 974 11436 8916 190 5770 2520 779 268 492017 59037 4130 3862 2217 54907 50693 1883 1794 1551 1334 816 243 584 352 432980 100080 42036 35058
internal_count=527455 504427 12410 974 11436 8916 190 5770 2520 779 268 492017 59037 4130 3862 2217 54907 50693 1883 1794 1551 1334 816 243 584 352 432980 100080 42036 35058
is_linear=0
shrinkage=0.03


Tree=199
num_leaves=31
num_cat=0
split_feature=3 4 7 11 0 6 6 11 4 8 11 5 11 3 11 8 4 4 6 6 7 7 0 4 1 0 1 9 8 11
split_gain=2.09385 1.49762 1.45886 2.23798 4.97163 3.34383 1.85949 2.93023 3.48653 3.40214 2.7602 2.50396 3.29626 7.09758 2.9296 2.6528 2.37108 2.34067 2.67127 2.51875 2.45211 2.33638 2.28592 2.28166 2.13216 2.09777 2.49088 2.04513 2.44896 2.25383
threshold=2.7500000000000004 1.5000000000000002 2.5000000000000004 7.5000000000000009 3.5000000000000004 0.46247654784240161 0.57321428571428579 36.500000000000007 1.5000000000000002 5.5000000000000009 33.500000000000007 3.5000000000000004 49.500000000000007 3.1500000000000008 19.500000000000004 1.5000000000000002 1.5000000000000002 7.5000000000000009 0.45889639639639646 0.38548951048951058 1.5000000000000002 1.5000000000000002 1.5000000000000002 4.5000000000000009 11.500000000000002 4.5000000000000009 11.500000000000002 12.950000000000001 5.5000000000000009 20.500000000000004
decision_type=2 2 2 2 2 2 2 2 2 2 2 2 2 2 2 2 2 2 2 2 2 2 2 2 2 2 2 2 2 2
left_child=1 -1 3 4 5 -2 7 10 9 -9 -5 12 13 14 -8 16 -15 18 19 24 -21 -13 23 -14 -12 -16 -27 28 29 -23
right_child=2 -3 -4 6 -6 -7 11 8 -10 -11 17 21 22 15 25 -17 -18 -19 -20 20 -22 27 -24 -25 -26 26 -28 -29 -30 -31
leaf_value=0.00019955454346213067 -0.0044532686589579835 0.0013408486226851198 -2.0260523277337547e-05 -0.00021599493533006663 0.0030581472759944536 0.0027170203232698225 -0.0085888277800753709 -0.00321634206766446 -0.00054460763779076075 0.0021558023116937499 0.0024652991383801062 -1.197171268746612e-05 0.0039983102744643355 -0.003391353416541391 -0.0053574451774122296 -0.00080697339501358955 0.00098455110052633505 -0.00069331974019093228 9.9141144515256754e-05 0.0079548969436034882 0.0019290162860933274 -0.00064877446273051901 7.281007668413394e-05 -0.00016088650271114781 -0.0028675311896950006 0.00073923674904959155 -0.0051511799747293646 -0.00068212334387203347 0.0049061179966950899 0.0012955693332709955
leaf_weight=21942 171 1086 443645 20266 535 89 100 772 13515 123 431 7742 282 121 193 4486 1411 527 559 139 108 649 4075 205 80 186 99 674 147 3097
leaf_count=21942 171 1086 443645 20266 535 89 100 772 13515 123 431 7742 282 121 193 4486 1411 527 559 139 108 649 4075 205 80 186 99 674 147 3097
internal_value=-2.63735e-05 0.000253378 -3.91447e-05 -0.000176979 0.0014043 -0.00199882 -0.000197936 -0.000331827 -0.000664693 -0.00247805 -0.000114885 1.04298e-05 -0.00031505 -0.000743871 -0.00391927 -0.000438889 0.000638935 0.000996337 0.00167246 0.00283273 0.0053201 0.000305475 0.000304963 0.00224752 0.00163041 -0.00294238 -0.00130691 0.000843611 0.00110776 0.000958709
internal_weight=527455 23028 504427 60782 795 260 59987 36520 14410 895 22110 23467 11158 6596 578 6018 1532 1844 1317 758 247 12309 4562 487 511 478 285 4567 3893 3746
internal_count=527455 23028 504427 60782 795 260 59987 36520 14410 895 22110 23467 11158 6596 578 6018 1532 1844 1317 758 247 12309 4562 487 511 478 285 4567 3893 3746
is_linear=0
shrinkage=0.03


Tree=200
num_leaves=31
num_cat=0
split_feature=3 4 2 11 6 0 9 5 5 9 11 2 9 9 3 3 9 3 4 11 2 7 11 2 3 7 8 11 6 11
split_gain=2.03958 2.15035 2.62282 2.97097 2.49917 2.29489 2.15232 1.86708 1.70628 1.704 1.58895 1.79444 1.64815 2.47716 1.81488 1.63378 2.01581 3.68904 1.63044 3.0622 2.52302 3.20626 3.96402 2.32798 1.74484 2.56583 2.3658 4.24814 2.72916 2.71294
threshold=3.3500000000000001 1.5000000000000002 58.250000000000007 17.500000000000004 0.21103238866396765 4.5000000000000009 16.550000000000004 14.500000000000002 37.500000000000007 120.55000000000001 90.500000000000014 58.250000000000007 3.1500000000000008 1.9500000000000002 3.5500000000000003 32.550000000000004 102.45000000000002 8.8500000000000032 1.5000000000000002 84.500000000000014 55.750000000000007 6.5000000000000009 47.500000000000007 54.250000000000007 4.3500000000000005 10.500000000000002 7.5000000000000009 32.500000000000007 0.8377192982456142 65.500000000000014
decision_type=2 2 2 2 2 2 2 2 2 2 2 2 2 2 2 2 2 2 2 2 2 2 2 2 2 2 2 2 2 2
left_child=1 8 3 4 -3 -4 -6 -5 9 -1 11 18 13 -13 -14 16 -16 -18 19 20 21 -2 23 -23 25 26 28 -28 -20 -29
right_child=10 2 5 7 6 -7 -8 -9 -10 -11 -12 12 14 -15 15 -17 17 -19 24 -21 -22 22 -24 -25 -26 -27 27 29 -30 -31
leaf_value=9.0828874076911861e-05 -0.00064520524482560211 0.0036564132263177604 0.0072735863520414562 0.0010395214379501259 -0.002253600588447399 0.0012868732674841715 0.002966073867151863 -0.0014503398886317818 -0.0042298278370417833 0.0040940814304485686 -0.00013327787032960938 0.002298638824436624 -0.003306861209708291 -0.0028064805153050604 0.0010391443401938901 -5.1912944096673418e-06 -0.006439200071213038 0.00037486632015103493 9.6488802656800293e-05 -0.0060034758448600763 0.00021883785787914461 -0.0036295722770690918 -0.00033772157298194035 -0.0099371445277235005 -2.502953856766687e-05 -0.0022485590792266576 0.00048165650456739227 0.0065130245231769298 0.0014297699929212691 0.00014782687447157251
leaf_weight=30055 2658 89 100 4365 639 136 80 289 82 96 126323 118 111 311 4915 3001 92 321 9972 90 2826 125 189 91 337473 338 663 220 1604 83
leaf_count=30055 2658 89 100 4365 639 136 80 289 82 96 126323 118 111 311 4915 3001 92 321 9972 90 2826 125 189 91 337473 338 663 220 1604 83
internal_value=-2.56154e-05 0.000192576 0.000727166 0.000593376 -0.00108582 0.00382362 -0.00167283 0.000884908 9.18218e-05 0.000103575 -4.15654e-05 -9.84206e-06 0.00041167 -0.00140228 0.000503872 0.000554657 0.000869993 -0.00114304 -2.03334e-05 -0.000511564 -0.000427632 -0.00102408 -0.00351063 -0.00628693 -1.19502e-05 0.000330745 0.000400256 0.00182658 0.000281232 0.00476942
internal_weight=527455 35931 5698 5462 808 236 719 4654 30233 30151 491524 365201 8869 429 8440 8329 5328 413 356332 5979 5889 3063 405 216 350353 12880 12542 966 11576 303
internal_count=527455 35931 5698 5462 808 236 719 4654 30233 30151 491524 365201 8869 429 8440 8329 5328 413 356332 5979 5889 3063 405 216 350353 12880 12542 966 11576 303
is_linear=0
shrinkage=0.03


Tree=201
num_leaves=31
num_cat=0
split_feature=10 3 9 8 0 7 3 2 9 9 3 3 11 0 0 11 10 1 11 7 2 9 3 11 9 9 3 10 11 11
split_gain=2.21707 2.65948 2.00857 4.24694 2.15961 1.78357 2.66945 1.93678 2.24548 3.62476 1.94429 2.8897 2.60356 1.72921 2.00021 1.603 1.52976 1.94601 2.02931 1.94604 2.06237 2.14296 4.09244 3.21149 2.21401 1.882 3.60892 5.13452 4.37988 1.85357
threshold=1.5000000000000002 4.5500000000000007 102.45000000000002 11.500000000000002 5.5000000000000009 1.5000000000000002 1.7500000000000002 55.750000000000007 3.4500000000000006 2.5500000000000003 2.5500000000000003 4.6500000000000012 56.500000000000007 7.5000000000000009 2.5000000000000004 83.500000000000014 11.500000000000002 12.500000000000002 258.50000000000006 11.500000000000002 58.750000000000007 5.3500000000000005 5.9500000000000011 20.500000000000004 12.15 8.5500000000000025 6.4500000000000011 5.5000000000000009 77.500000000000014 160.50000000000003
decision_type=2 2 2 2 2 2 2 2 2 2 2 2 2 2 2 2 2 2 2 2 2 2 2 2 2 2 2 2 2 2
left_child=5 2 -2 -4 -5 -1 -7 8 9 13 -11 12 -12 14 -8 -13 17 18 19 20 -3 23 24 -22 -23 29 27 28 -27 -21
right_child=1 16 3 4 -6 6 7 -9 -10 10 11 15 -14 -15 -16 -17 -18 -19 -20 25 21 22 -24 -25 -26 26 -28 -29 -30 -31
leaf_value=-0.00085797430254943316 0.00017203427554010107 8.3202959826330158e-05 0.0080362357493940287 0.0026280618932250205 -0.0033140792671210047 0.0021436932912957695 0.0027241108979938959 4.158272451222888e-05 -0.00033211403243794648 -0.0071651150217133287 -0.0025298373363096351 -0.0051629414492643955 0.0037830989692106986 0.0039045021813759145 -0.0017367596359384293 -0.0010563690945013494 -0.00010335655361116757 -0.00016125646648800898 -0.00067569450193109175 -0.00099869569863709931 -0.0058051038781801855 0.0061826742278492967 0.00062604604744065026 -8.5695716688395844e-05 0.0017718413278654023 0.0089062450669862171 -0.00010381551502063502 -0.0012001687548188274 0.0005150411861098331 0.0019667182808354644
leaf_weight=3921 55970 170510 91 147 88 439 123 14406 15117 89 137 292 103 94 342 121 170974 47934 3414 3117 99 184 4952 822 231 143 33129 172 92 202
leaf_count=3921 55970 170510 91 147 88 439 123 14406 15117 89 137 292 103 94 342 121 170974 47934 3414 3117 99 184 4952 822 231 143 33129 172 92 202
internal_value=-2.47813e-05 -8.33802e-06 0.00018571 0.00253369 0.00040292 -0.000254845 -0.000179201 -0.000212284 -0.000435039 -0.00163098 -0.00300542 -0.00243848 0.000179464 0.000193412 -0.000556787 -0.00395981 -3.33948e-05 1.17433e-05 4.99461e-05 6.15412e-05 0.000102879 0.000636441 0.000865863 -0.000700486 0.00372749 -0.000136763 -6.93212e-05 0.00273845 0.00562118 -0.000818216
internal_weight=527455 492271 56296 326 235 35184 31263 30824 16418 1301 742 653 240 559 465 413 435975 265001 217067 213653 176798 6288 5367 921 415 36855 33536 407 235 3319
internal_count=527455 492271 56296 326 235 35184 31263 30824 16418 1301 742 653 240 559 465 413 435975 265001 217067 213653 176798 6288 5367 921 415 36855 33536 407 235 3319
is_linear=0
shrinkage=0.03


Tree=202
num_leaves=31
num_cat=0
split_feature=10 3 2 0 5 4 6 10 3 6 11 8 8 7 2 2 6 11 3 6 5 7 3 6 11 11 2 2 5 3
split_gain=2.11025 2.55009 1.84088 4.91248 3.46174 2.5065 2.04545 1.82931 2.44184 1.95699 2.49025 2.45862 2.57719 1.92654 2.00072 1.963 2.13942 3.23675 1.88108 1.84671 1.72662 1.69867 2.5321 2.20426 2.07941 1.88357 3.18922 1.83895 1.90733 3.0959
threshold=1.5000000000000002 3.0500000000000003 53.500000000000007 7.5000000000000009 11.500000000000002 1.5000000000000002 0.33072916666666669 10.500000000000002 2.7500000000000004 0.21498599439775914 34.500000000000007 9.5000000000000018 8.5000000000000018 7.5000000000000009 54.250000000000007 57.750000000000007 0.27842377260981915 21.500000000000004 2.1500000000000008 0.059714795008912663 21.500000000000004 1.5000000000000002 1.7500000000000002 0.8377192982456142 32.500000000000007 90.500000000000014 56.750000000000007 55.750000000000007 5.5000000000000009 3.9500000000000006
decision_type=2 2 2 2 2 2 2 2 2 2 2 2 2 2 2 2 2 2 2 2 2 2 2 2 2 2 2 2 2 2
left_child=21 2 3 4 6 7 -2 9 -9 10 -4 12 13 15 -15 16 17 -11 -16 -12 -18 23 -23 -1 -25 26 -26 28 -24 -30
right_child=1 -3 5 -5 -6 -7 -8 8 -10 11 19 -13 -14 14 18 -17 20 -19 -20 -21 -22 22 27 24 25 -27 -28 -29 29 -31
leaf_value=-0.0013425989384671776 0.0029611874312124686 -2.4055310031811814e-05 0.0030472740999373249 0.0048711830865010106 0.0064473487962694725 0.001115324664643451 -0.00020322095289890019 -6.7186713005519227e-05 -0.0016829297563550108 0.00085424297818609502 0.0021758694085554121 -0.0036084999381564556 0.0053705137491818853 -0.001953304314716573 -0.00064679092735916901 -0.00098247010464193145 0.00029954148105245385 -0.0043406944429476603 0.0045319831440927402 -0.0037110391678288578 0.0031524812863520397 0.0020877326365585751 -4.690477055356812e-05 -0.0024275510531404742 0.0027275899641483856 -0.00094655537912053354 -0.0022023542716618108 4.0539695427973446e-05 -0.0022736144900740913 -0.00051389781942081877
leaf_weight=2605 213 466291 473 277 85 2470 1343 5379 998 211 89 150 88 83 84 1233 12031 221 254 104 194 439 6959 230 542 393 151 14406 1007 8452
leaf_count=2605 213 466291 473 277 85 2470 1343 5379 998 211 89 150 88 83 84 1233 12031 221 254 104 194 439 6959 230 542 393 151 14406 1007 8452
internal_value=-2.39805e-05 -7.93819e-06 0.000281333 0.00117578 0.000552 0.000210036 0.000229953 0.000106476 -0.00032005 0.000285245 0.00187547 0.00021245 0.000252254 0.000220781 0.00222012 0.000160182 0.000271495 -0.00180335 0.00324495 -0.000996351 0.000344815 -0.000248433 -0.000174611 -0.000837033 0.000163727 0.000712525 0.00165339 -0.000206832 -0.000423889 -0.000701236
internal_weight=527455 492271 25980 1918 1641 24062 1556 21592 6377 15215 666 14549 14399 14311 421 13890 12657 432 338 193 12225 35184 31263 3921 1316 1086 693 30824 16418 9459
internal_count=527455 492271 25980 1918 1641 24062 1556 21592 6377 15215 666 14549 14399 14311 421 13890 12657 432 338 193 12225 35184 31263 3921 1316 1086 693 30824 16418 9459
is_linear=0
shrinkage=0.03


Tree=203
num_leaves=31
num_cat=0
split_feature=10 10 3 9 2 11 10 9 9 9 6 5 3 5 9 11 2 2 6 4 2 5 8 11 3 0 11 2 5 9
split_gain=2.00891 2.48463 2.95824 4.7738 3.47047 3.36514 3.2986 3.0779 2.17329 2.14769 3.36068 2.85327 2.3247 2.13856 2.01484 1.90055 1.92873 1.89434 1.92607 3.72126 1.83551 2.0957 2.33622 1.98338 1.92224 1.82261 2.21947 2.17982 2.63574 2.10191
threshold=1.5000000000000002 11.500000000000002 3.0500000000000003 9.1500000000000004 57.250000000000007 41.500000000000007 8.5000000000000018 11.950000000000001 37.050000000000004 4.4500000000000011 0.75500000000000012 10.500000000000002 2.5500000000000003 7.5000000000000009 6.7500000000000009 117.50000000000001 58.750000000000007 56.250000000000007 0.73030303030303034 2.5000000000000004 55.750000000000007 8.5000000000000018 3.5000000000000004 76.500000000000014 33.550000000000004 7.5000000000000009 25.500000000000004 57.750000000000007 9.5000000000000018 6.0500000000000007
decision_type=2 2 2 2 2 2 2 2 2 2 2 2 2 2 2 2 2 2 2 2 2 2 2 2 2 2 2 2 2 2
left_child=-1 2 3 9 5 -5 13 -6 20 -2 11 25 14 -7 -12 16 -4 18 -17 -20 23 24 -23 -3 -22 27 -27 28 -11 -30
right_child=1 8 15 4 7 6 -8 -9 -10 10 12 -13 -14 -15 -16 17 -18 -19 19 -21 21 22 -24 -25 -26 26 -28 -29 29 -31
leaf_value=-0.00024226076878136653 0.00045217018597084176 -6.1086632584367378e-06 3.191292553619362e-05 0.0020375585285446127 0.00977216165367281 0.00011141931641597381 0.0051447523947291329 0.0027236688644030516 -3.0242366269872101e-05 5.7808370227696468e-05 7.2445528286470547e-05 -0.0012582212036242424 -0.0052698514785023999 -0.0034125699290995146 -0.0050898529631033373 -0.00033771595473480948 0.00052185871920606931 0.00010883535055304172 -0.0047684498431564736 -0.00046627527833835962 -0.00093672981587516254 0.0014357772091450616 -0.00026752093696432924 -0.00059808277447465032 -0.00012218633717952596 0.0041927820359474576 0.00010856242653972003 -0.0046145644351573926 0.00060231819492203729 0.007374427236230453
leaf_weight=35184 11067 26220 253131 1565 80 471 87 184 133815 2602 289 1227 182 231 89 16228 7444 10048 263 580 9349 832 5621 6322 3616 239 240 84 83 82
leaf_count=35184 11067 26220 253131 1565 80 471 87 184 133815 2602 289 1227 182 231 89 16228 7444 10048 263 580 9349 832 5621 6322 3616 239 240 84 83 82
internal_value=-2.32638e-05 -7.61148e-06 4.48609e-05 0.000409438 0.00159797 0.00123218 -0.000365313 0.00485958 -9.41817e-05 0.000217176 -0.000291067 -2.15532e-05 -0.00248424 -0.00104818 -0.00114302 2.10343e-05 4.59095e-05 -0.000217981 -0.000410345 -0.00180847 -0.000258848 -0.000489674 -4.79108e-05 -0.000121113 -0.00070955 0.00043412 0.00214641 0.000146436 0.00029097 0.00396785
internal_weight=527455 492271 306496 18802 2618 2354 789 264 185775 16184 5117 4557 560 702 378 287694 260575 27119 17071 843 51960 19418 6453 32542 12965 3330 479 2851 2767 165
internal_count=527455 492271 306496 18802 2618 2354 789 264 185775 16184 5117 4557 560 702 378 287694 260575 27119 17071 843 51960 19418 6453 32542 12965 3330 479 2851 2767 165
is_linear=0
shrinkage=0.03


Tree=204
num_leaves=31
num_cat=0
split_feature=3 11 4 1 11 0 2 9 1 3 11 3 1 2 2 5 2 1 7 9 1 8 1 3 9 11 11 1 11 3
split_gain=1.84748 2.42065 2.38159 2.0212 3.60198 2.33391 3.79532 5.64961 3.29016 3.039 2.23221 2.14613 2.68003 2.16412 2.10604 2.08053 2.06078 2.74629 2.00258 2.61046 1.85619 1.85143 2.75775 2.12296 1.89038 3.00642 2.41462 2.5954 2.05847 1.91874
threshold=7.4500000000000011 6.5000000000000009 3.5000000000000004 16.500000000000004 118.50000000000001 7.5000000000000009 53.500000000000007 29.050000000000004 9.5000000000000018 3.1500000000000008 54.500000000000007 5.7500000000000009 14.500000000000002 55.750000000000007 56.250000000000007 9.5000000000000018 59.250000000000007 12.500000000000002 12.500000000000002 26.850000000000005 16.500000000000004 1.5000000000000002 15.500000000000002 1.9500000000000002 6.2500000000000009 146.50000000000003 13.500000000000002 13.500000000000002 98.500000000000014 6.6500000000000012
decision_type=2 2 2 2 2 2 2 2 2 2 2 2 2 2 2 2 2 2 2 2 2 2 2 2 2 2 2 2 2 2
left_child=1 -1 3 5 -5 11 7 9 15 10 -7 12 -3 -14 -13 18 21 -18 19 -8 -4 22 -10 -24 25 28 27 -26 -23 -28
right_child=-2 2 20 4 -6 6 8 -9 16 -11 -12 14 13 -15 -16 -17 17 -19 -20 -21 -22 24 23 -25 26 -27 29 -29 -30 -31
leaf_value=0.0021830189167194695 -5.3054272980174392e-05 5.6324096668147687e-05 0.00040238854604055256 -0.0022633360188308868 0.0026447513831847507 0.0051497058091995616 0.00063087643890170865 0.0063494587886250677 -6.3524670637528987e-05 0.0001025019406837797 -0.00058138799080292565 -0.00015002147629818911 -0.0046042969011103928 0.00024375892848648291 -0.00097631742259248909 0.0030148930641536766 0.00022875639518171967 -0.0047896649052419672 0.0032418179520276149 -0.0049885884903509313 0.0047239125669002527 0.00092470421035797739 0.0019804988310831348 -0.0032515896343862385 0.00069717102710192456 -0.0036236297200620171 -2.7683486641496671e-05 -0.0054445483414836378 0.0042631016469607914 0.0021266500389309734
leaf_weight=491 407537 73531 14693 750 164 225 913 216 1908 823 84 11718 201 141 3638 528 213 182 237 81 90 2732 82 469 107 125 4849 147 177 403
leaf_count=491 407537 73531 14693 750 164 225 913 216 1908 823 84 11718 201 141 3638 528 213 182 237 81 90 2732 82 469 107 125 4849 147 177 403
internal_value=-2.2598e-05 8.09067e-05 7.22643e-05 2.1911e-05 -0.00138267 3.42873e-05 0.00038728 0.00190333 0.000231906 0.00105495 0.00359174 -2.30791e-05 4.40008e-05 -0.00260554 -0.00034578 0.0014395 4.5477e-05 -0.00208353 0.00076379 0.000172952 0.000428698 0.000121935 -0.000603416 -0.00247295 0.000330791 0.000932072 -5.35519e-07 -0.00285729 0.00112783 0.000137624
internal_weight=527455 119918 119427 104644 914 103730 14501 1348 13153 1132 309 89229 73873 342 15356 1759 11394 395 1231 994 14783 10999 2459 551 8540 3034 5506 254 2909 5252
internal_count=527455 119918 119427 104644 914 103730 14501 1348 13153 1132 309 89229 73873 342 15356 1759 11394 395 1231 994 14783 10999 2459 551 8540 3034 5506 254 2909 5252
is_linear=0
shrinkage=0.03


Tree=205
num_leaves=31
num_cat=0
split_feature=10 10 3 9 11 9 9 6 5 3 1 10 6 9 5 9 6 6 5 9 9 1 10 1 11 7 3 7 7 1
split_gain=1.9179 2.35785 2.78403 4.57859 2.73291 2.07449 2.06156 3.22668 2.73698 2.22593 2.06636 1.98099 1.94328 1.93092 4.67458 3.23882 2.94822 2.86598 2.84454 2.51701 3.99128 2.3649 2.13886 3.39239 1.79809 2.22689 2.91049 1.79321 1.8927 2.46271
threshold=1.5000000000000002 11.500000000000002 3.0500000000000003 9.1500000000000004 14.500000000000002 37.050000000000004 4.4500000000000011 0.75500000000000012 10.500000000000002 2.5500000000000003 13.500000000000002 2.5000000000000004 0.4156504065040651 12.550000000000002 11.500000000000002 15.050000000000002 0.37089947089947095 0.29679679679679688 5.5000000000000009 24.050000000000004 54.45000000000001 9.5000000000000018 5.5000000000000009 6.5000000000000009 117.50000000000001 3.5000000000000004 4.1500000000000012 8.5000000000000018 1.5000000000000002 11.500000000000002
decision_type=2 2 2 2 2 2 2 2 2 2 2 2 2 2 2 2 2 2 2 2 2 2 2 2 2 2 2 2 2 2
left_child=-1 2 3 6 12 -3 -2 8 27 11 -10 -9 -5 14 16 21 17 -6 22 -20 -21 -15 23 -17 -4 26 -26 28 -8 -30
right_child=1 5 24 4 13 -7 7 9 10 -11 -12 -13 -14 15 -16 18 -18 -19 19 20 -22 -23 -24 -25 25 -27 -28 -29 29 -31
leaf_value=-0.00023589879801429772 0.00044011338388445656 -0.00025183839792815483 4.5571015867511685e-05 0.0060807038275268984 0.0013022684279342435 -2.8489566168168125e-05 0.0030331602241887258 0.0014103855642097186 -0.00085856927996115343 -0.005162867611187132 -0.0052596140463969541 -0.0029852307140824509 0.0013256788484376067 -0.00015125837399745763 0.0067177958608292763 -0.0027096607543870589 0.0026171382531759422 -0.0060567969389791997 0.0018166645995171908 -0.0046455548718143756 0.0032725285918799685 -0.0050717240052979961 0.0047248240500957633 0.0041046722531185272 -0.0028674278972384147 -7.2988284317382503e-05 -0.00052424436468975733 0.0048595352796837682 -0.00033445827231491274 0.0017259556189181157
leaf_weight=35184 11067 51960 260575 191 110 133815 215 160 1122 182 105 218 130 276 176 121 403 84 297 185 83 129 289 144 527 21555 5037 80 2365 670
leaf_count=35184 11067 51960 260575 191 110 133815 215 160 1122 182 105 218 130 276 176 121 403 84 297 185 83 129 289 144 527 21555 5037 80 2365 670
internal_value=-2.19198e-05 -6.62607e-06 4.44901e-05 0.000398169 0.00156214 -9.09587e-05 0.000209879 -0.000288068 -2.39819e-05 -0.00243707 -0.00123519 -0.00112465 0.00415499 0.0011998 0.00242111 0.000580328 0.00115441 -0.00188413 0.00141235 -8.54131e-05 -0.00219331 -0.00171852 0.00293985 0.000993222 2.13757e-05 -0.000211107 -0.000746181 0.000422309 0.000313085 0.000120394
internal_weight=527455 492271 306496 18802 2618 185775 16184 5117 4557 560 1227 378 321 2297 773 1524 597 194 1119 565 268 405 554 265 287694 27119 5564 3330 3250 3035
internal_count=527455 492271 306496 18802 2618 185775 16184 5117 4557 560 1227 378 321 2297 773 1524 597 194 1119 565 268 405 554 265 287694 27119 5564 3330 3250 3035
is_linear=0
shrinkage=0.03


Tree=206
num_leaves=31
num_cat=0
split_feature=10 10 11 7 6 7 8 0 11 11 9 6 2 0 6 9 6 11 11 9 10 1 10 2 7 9 5 5 6 11
split_gain=1.82375 2.2526 2.10002 2.32028 2.4525 3.36296 2.61113 2.22478 2.28298 2.20373 2.03956 2.0286 2.0141 1.8766 2.54364 1.83988 1.82822 2.69717 1.79617 1.77778 1.72338 1.70806 2.09563 1.69158 2.20136 1.63158 2.2807 1.82798 1.71143 3.41927
threshold=1.5000000000000002 7.5000000000000009 61.500000000000007 6.5000000000000009 0.44562647754137119 10.500000000000002 1.5000000000000002 7.5000000000000009 21.500000000000004 48.500000000000007 6.7500000000000009 0.6198686371100165 54.250000000000007 6.5000000000000009 0.082650273224043724 5.4500000000000011 0.33072916666666669 14.500000000000002 21.500000000000004 2.3500000000000001 4.5000000000000009 11.500000000000002 5.5000000000000009 53.500000000000007 5.5000000000000009 4.6500000000000012 3.5000000000000004 11.500000000000002 0.59175084175084181 139.50000000000003
decision_type=2 2 2 2 2 2 2 2 2 2 2 2 2 2 2 2 2 2 2 2 2 2 2 2 2 2 2 2 2 2
left_child=-1 2 3 13 16 6 7 8 -6 19 11 -7 20 14 21 18 -5 -18 -3 -10 -4 -2 -23 24 -22 28 -27 -28 29 -20
right_child=1 15 12 4 5 10 -8 -9 9 -11 -12 -13 -14 -15 -16 -17 17 -19 25 -21 23 22 -24 -25 -26 26 27 -29 -30 -31
leaf_value=-0.00022996425242381016 0.0007369130871410954 -0.00092712679864554652 -0.00061645273156489446 -4.1732901062283916e-05 -0.00061660130580742196 -0.001821093670470927 -0.00037695503175855818 -0.002093720527090987 0.0010306495457047186 -6.6378046717263962e-05 -0.00087812617020593226 -0.0053851178774671936 3.6371482394358374e-05 1.1003122527156267e-05 0.00024589321051353896 -4.2993581868839928e-05 -0.000817637300598193 0.00067068350309975157 -0.0007405552166532748 0.00617543311579072 -0.001760653379784481 0.005261210299244052 0.00064819049738023583 0.00032251807648977235 -9.2943905924375238e-05 -0.0017292745280178409 0.0010268875516779659 -0.0014528703363447166 0.00050310724469224317 0.0022451861433381605
leaf_weight=35184 6963 4072 9572 34086 167 539 3930 122 82 113 1688 196 43818 25820 56370 277049 1289 7314 3196 230 956 171 184 5065 2795 1267 728 423 3679 387
leaf_count=35184 6963 4072 9572 34086 167 539 3930 122 82 113 1688 196 43818 25820 56370 277049 1289 7314 3196 230 956 171 184 5065 2795 1267 728 423 3679 387
internal_value=-2.13036e-05 -6.39007e-06 7.07099e-05 0.000135443 -2.87979e-05 -0.000546456 -7.37462e-05 0.00159518 0.00235539 0.00352321 -0.00145247 -0.0027715 -7.4211e-05 0.000226741 0.000314205 -5.98057e-05 5.68984e-05 0.000447686 -0.000398505 0.00482328 -0.000337725 0.000840402 0.00287024 -3.50963e-05 -0.000517985 -0.000176134 -0.000851109 0.00011556 4.86098e-05 -0.000418065
internal_weight=527455 492271 201470 139264 49756 7067 4644 714 592 425 2423 735 62206 89508 63688 290801 42689 8603 13752 312 18388 7318 355 8816 3751 9680 2418 1151 7262 3583
internal_count=527455 492271 201470 139264 49756 7067 4644 714 592 425 2423 735 62206 89508 63688 290801 42689 8603 13752 312 18388 7318 355 8816 3751 9680 2418 1151 7262 3583
is_linear=0
shrinkage=0.03


Tree=207
num_leaves=31
num_cat=0
split_feature=10 3 9 8 0 7 3 6 2 9 9 3 3 1 0 0 0 3 1 8 2 2 0 3 8 1 4 0 10 1
split_gain=1.73489 2.28215 1.91837 4.10156 2.07796 1.6165 2.39067 2.09852 1.75107 2.12384 3.44155 1.89996 2.75817 2.30713 1.64709 1.90657 1.5201 1.95492 1.50446 1.53296 1.51109 1.45983 3.23349 3.4756 2.85559 3.0894 2.31572 1.81036 1.98825 2.62567
threshold=1.5000000000000002 4.5500000000000007 102.45000000000002 11.500000000000002 5.5000000000000009 1.5000000000000002 1.7500000000000002 0.8377192982456142 55.750000000000007 3.4500000000000006 2.5500000000000003 2.5500000000000003 4.6500000000000012 6.5000000000000009 7.5000000000000009 2.5000000000000004 5.5000000000000009 3.3500000000000001 7.5000000000000009 1.5000000000000002 55.750000000000007 53.500000000000007 7.5000000000000009 3.1500000000000008 2.5000000000000004 7.5000000000000009 2.5000000000000004 5.5000000000000009 2.5000000000000004 10.500000000000002
decision_type=2 2 2 2 2 2 2 2 2 2 2 2 2 2 2 2 2 2 2 2 2 2 2 2 2 2 2 2 2 2
left_child=5 2 21 -4 -5 7 -7 -1 9 10 14 -12 13 -13 15 -8 17 -17 -9 -20 -21 22 24 -24 25 -2 -23 -27 -29 -30
right_child=1 -3 3 4 -6 6 8 18 -10 -11 11 12 -14 -15 -16 16 -18 -19 19 20 -22 26 23 -25 -26 27 -28 28 29 -31
leaf_value=-0.0012916562029166368 0.00046825012346268053 -2.9330087783054099e-05 0.0078758417921406879 0.0025569825750604578 -0.0032717475497999905 0.0020460895689921391 0.0026903260803622445 0.0011457228101591419 5.791658564967183e-05 -0.00029518061487765045 -0.0070096303661238771 0.0032363401038142349 -0.0038234900747770874 -0.0026482692469910877 0.0038412137446489102 -0.0069492036430165169 0.00069452846246947355 -0.00089678393455885214 0.00050414562039913788 -0.00049116579095288262 -0.0048157962931514673 6.3277605659078985e-05 0.0050249482508732983 0.00074836878394319033 0.0010993958870620609 -0.0043101260942904366 0.00091172938230266035 0.0011074683889395825 0.00097830367973074329 -0.0048639728555977136
leaf_weight=2605 1127 435975 91 147 88 439 123 689 14406 15117 89 117 413 123 94 81 143 118 334 159 134 48247 295 407 2080 220 3080 219 111 184
leaf_count=2605 1127 435975 91 147 88 439 123 689 14406 15117 89 117 413 123 94 81 143 118 334 159 134 48247 295 407 2080 220 3080 219 111 184
internal_value=-2.06645e-05 -6.11879e-06 0.000173637 0.0024683 0.000374309 -0.000224179 -0.000152164 -0.000798365 -0.000183472 -0.000395279 -0.00155838 -0.00289763 -0.00233719 0.000220478 0.000219313 -0.000512857 -0.00166488 -0.00336033 0.000178097 -0.000885211 -0.00246898 0.000160272 0.000669682 0.00254551 0.000335547 -0.000518191 0.000114191 -0.00203279 -0.00105806 -0.00266569
internal_weight=527455 492271 56296 326 235 35184 31263 3921 30824 16418 1301 742 653 240 559 465 342 199 1316 627 293 55970 4643 702 3941 1861 51327 734 514 295
internal_count=527455 492271 56296 326 235 35184 31263 3921 30824 16418 1301 742 653 240 559 465 342 199 1316 627 293 55970 4643 702 3941 1861 51327 734 514 295
is_linear=0
shrinkage=0.03


Tree=208
num_leaves=31
num_cat=0
split_feature=11 10 2 5 7 3 3 11 5 6 6 6 4 1 6 2 11 11 6 3 5 1 4 1 5 0 7 1 0 3
split_gain=1.69235 2.63452 2.16697 2.19108 2.49015 2.19594 2.10187 3.96048 3.37098 2.887 3.17503 2.60103 4.42095 2.23255 3.55904 2.35437 4.11321 3.01075 2.23028 2.07127 2.6806 2.0085 2.00325 2.86922 2.78275 2.97036 2.44511 1.99603 2.82731 5.09153
threshold=69.500000000000014 2.5000000000000004 59.250000000000007 5.5000000000000009 5.5000000000000009 2.7500000000000004 4.0500000000000007 51.500000000000007 5.5000000000000009 0.75500000000000012 0.26352339181286555 0.1856158484065461 1.5000000000000002 1.5000000000000002 0.7947368421052633 54.250000000000007 57.500000000000007 68.500000000000014 0.48858329008822005 9.2500000000000018 14.500000000000002 16.500000000000004 1.5000000000000002 7.5000000000000009 11.500000000000002 2.5000000000000004 5.5000000000000009 10.500000000000002 5.5000000000000009 22.550000000000004
decision_type=2 2 2 2 2 2 2 2 2 2 2 2 2 2 2 2 2 2 2 2 2 2 2 2 2 2 2 2 2 2
left_child=6 2 3 -2 -5 -6 7 11 13 10 -10 12 -1 14 -9 16 18 -18 -15 20 -4 -13 23 24 -8 -26 -25 28 -24 -30
right_child=1 -3 19 4 5 -7 22 8 9 -11 -12 21 -14 15 -16 -17 17 -19 -20 -21 -22 -23 27 26 25 -27 -28 -29 29 -31
leaf_value=-0.00010018716894645631 -7.1653609352945164e-05 -5.1862506077838855e-05 0.0073216244392096995 -0.001130331399159884 0.0034703974641674636 -0.00037965025763950569 -0.0036096823289000785 -0.005529180025518104 0.0042561867113387131 0.0030602552431271408 -0.00045366886893517843 6.1136189894766516e-05 0.0025719787672756809 0.0076598438150163196 0.0027724184003033625 0.0029276455468585615 -0.0021791356782740615 0.0040491771667134453 0.0020028784002204163 -0.00048490190586413851 0.0013447216785945264 -0.0029551741813542321 -1.9672635059274988e-06 0.00088694016537215435 0.0042020243996440769 -0.0025789659410497567 -0.0033348323166370389 -0.0001187802120342464 0.00063977716841641223 -5.3143104593076011e-05
leaf_weight=1243 8236 156363 89 6238 136 6794 527 91 138 289 1936 30191 1010 81 95 1308 372 86 278 330 280 200 179819 698 101 137 150 92024 18493 19722
leaf_count=1243 8236 156363 89 6238 136 6794 527 91 138 289 1936 30191 1010 81 95 1308 372 86 278 330 280 200 179819 698 101 137 150 92024 18493 19722
internal_value=-2.00537e-05 -9.51989e-05 -0.000401773 -0.000455453 -0.000695503 -0.000304094 1.83741e-05 0.000231143 0.0010479 0.000251149 -0.000140284 0.000114198 0.00109772 0.00186258 -0.00128912 0.00213845 0.000874955 -0.00100963 0.00327924 0.00124196 0.00278631 4.12862e-05 -7.10181e-06 -0.0010616 -0.00239375 0.000298681 0.000140164 -1.61605e-06 4.78346e-05 0.000282175
internal_weight=527455 178466 22103 21404 13168 6930 348989 37318 4674 2363 2074 32644 2253 2311 186 2125 817 458 359 699 369 30391 311671 1613 765 238 848 310058 218034 38215
internal_count=527455 178466 22103 21404 13168 6930 348989 37318 4674 2363 2074 32644 2253 2311 186 2125 817 458 359 699 369 30391 311671 1613 765 238 848 310058 218034 38215
is_linear=0
shrinkage=0.03


Tree=209
num_leaves=31
num_cat=0
split_feature=3 4 10 11 9 9 3 6 6 4 9 6 9 3 7 11 10 9 11 11 6 11 8 10 11 9 4 11 11 9
split_gain=1.62914 2.30786 2.15875 2.04338 1.95715 3.51739 3.12321 2.07771 2.44295 2.21031 2.93765 2.23988 1.95201 3.43474 2.35925 3.39141 4.62603 4.28458 2.95676 3.22545 2.44787 3.36786 3.31574 3.89494 3.26788 3.10922 4.19774 3.06377 2.81261 3.47887
threshold=7.4500000000000011 3.5000000000000004 6.5000000000000009 6.5000000000000009 6.0500000000000007 5.3500000000000005 4.9500000000000011 0.095695970695970703 0.14854215918045707 4.5000000000000009 13.15 0.35653753026634388 15.350000000000003 5.0500000000000007 3.5000000000000004 104.50000000000001 1.5000000000000002 2.6500000000000008 139.50000000000003 342.50000000000006 0.58434959349593507 28.500000000000004 1.5000000000000002 10.500000000000002 23.500000000000004 12.950000000000001 1.5000000000000002 27.500000000000004 24.500000000000004 7.5500000000000007
decision_type=2 2 2 2 2 2 2 2 2 2 2 2 2 2 2 2 2 2 2 2 2 2 2 2 2 2 2 2 2 2
left_child=1 3 -3 -1 5 -4 -6 -8 -9 -10 -11 -12 13 14 18 16 -16 -17 20 -20 28 22 27 24 -24 -23 -27 -22 29 -5
right_child=-2 2 4 12 6 -7 7 8 9 10 11 -13 -14 -15 15 17 -18 -19 19 -21 21 25 23 -25 -26 26 -28 -29 -30 -31
leaf_value=0.0021092199153392344 -4.798678986610038e-05 0.00073563974675042794 0.00037928098045727783 -0.00028795892695248466 0.005579688723494367 0.0049915632703802087 0.00036186699091912157 -0.0049547758769989013 -0.0010346099854127476 0.0045905728351611349 -0.0031421759950703587 0.0021875130294038239 0.00024306641998054254 -0.000389496874580151 -0.0010869490867537884 0.0045236283175924246 0.00039497602401128044 0.0008727011408279419 -0.0017236430215918743 0.0034119536343594119 -0.0012484230944471081 0.00065612793935169739 0.0012488181085873382 -0.00091055791524490503 -0.00074246761881903564 -0.0073456070999144713 0.0012616483337882132 0.0010325019747864936 -0.0006732508520794296 0.00099667467246678768
leaf_weight=423 407537 8614 816 6484 82 182 2254 125 2338 156 145 139 26385 20448 2186 348 14282 1715 1466 119 3231 10262 3090 1784 976 103 101 634 8348 2682
leaf_count=423 407537 8614 816 6484 82 182 2254 125 2338 156 145 139 26385 20448 2186 348 14282 1715 1466 119 3231 10262 3090 1784 976 103 101 634 8348 2682
internal_value=-1.93867e-05 7.78095e-05 0.000427867 2.83296e-05 2.79838e-06 0.0012204 -0.000229148 -0.000321512 -0.000852114 -0.000667509 0.00128313 -0.000533631 1.99181e-05 -5.53163e-05 6.28848e-05 0.000341907 0.000198262 0.00148856 -6.87488e-05 -0.00133807 -1.53764e-05 0.000209837 -0.000192412 0.000258079 0.000770831 0.000583223 -0.00308417 -0.000874269 -0.000274885 8.79288e-05
internal_weight=527455 119918 14851 105067 6237 998 5239 5157 2903 2778 440 284 104644 78259 57811 18531 16468 2063 39280 1585 37695 20181 9715 5850 4066 10466 204 3865 17514 9166
internal_count=527455 119918 14851 105067 6237 998 5239 5157 2903 2778 440 284 104644 78259 57811 18531 16468 2063 39280 1585 37695 20181 9715 5850 4066 10466 204 3865 17514 9166
is_linear=0
shrinkage=0.03


Tree=210
num_leaves=31
num_cat=0
split_feature=3 4 2 3 7 9 3 7 1 2 7 9 6 0 1 8 5 0 6 3 7 0 7 9 3 2 1 0 3 1
split_gain=1.56771 1.59522 2.07691 5.35038 3.16285 2.8061 4.70597 2.64664 2.61216 2.33547 2.32701 2.29215 2.23078 2.16048 2.79299 2.7385 2.54701 2.42126 3.3309 2.39587 2.22987 1.99545 2.42182 4.22335 1.99491 2.38019 1.91639 4.10955 1.97597 2.16156
threshold=6.4500000000000011 2.5000000000000004 54.250000000000007 4.6500000000000012 5.5000000000000009 9.1500000000000004 5.9500000000000011 6.5000000000000009 14.500000000000002 58.750000000000007 3.5000000000000004 113.45000000000002 0.40161290322580651 1.5000000000000002 4.5000000000000009 6.5000000000000009 5.5000000000000009 5.5000000000000009 0.46737588652482276 6.2500000000000009 6.5000000000000009 5.5000000000000009 3.5000000000000004 5.8500000000000005 3.8500000000000001 52.500000000000007 8.5000000000000018 5.5000000000000009 5.2500000000000009 6.5000000000000009
decision_type=2 2 2 2 2 2 2 2 2 2 2 2 2 2 2 2 2 2 2 2 2 2 2 2 2 2 2 2 2 2
left_child=1 24 5 8 9 6 -3 21 -4 -5 -7 26 -11 -12 15 -15 -17 18 19 -16 -19 -8 23 -23 -1 -26 27 28 -6 -30
right_child=-2 2 3 4 11 10 7 -9 -10 12 13 -13 -14 14 17 16 -18 20 -20 -21 -22 22 -24 -25 25 -27 -28 -29 29 -31
leaf_value=0.00013062829207057528 -4.4176087084259751e-05 -0.00045774458586706211 0.0013841914722266104 -0.00051998813009935391 0.0018947454124565439 0.0021909005091348376 0.0012277434746940413 -0.0010613479196536736 -0.0030557139530297248 0.00048271845879517203 -0.0015281204644002411 -0.0041142323428822545 0.0052500895469085023 0.0060187996711049754 -0.00078612590545699707 0.00049443794553261479 0.005950726550072432 -0.00037878100904460731 -0.0058342190564257424 0.0040310385057685571 0.0021691755907876152 0.004825103970807652 0.006790636171123938 -0.0034146959523120557 -0.0013305106673158185 -0.0001234075829413252 -0.0001553138122716516 0.0034651311765444954 0.00049524322918675717 -0.0021328556982438958
leaf_weight=46967 424973 3344 3120 10198 723 1403 539 244 124 381 342 97 115 168 630 389 96 478 103 109 875 172 167 83 1561 25265 2174 511 1769 335
leaf_count=46967 424973 3344 3120 10198 723 1403 539 244 124 381 342 97 115 168 630 389 96 478 103 109 875 172 167 83 1561 25265 2174 511 1769 335
internal_value=-1.87778e-05 8.6544e-05 0.000276371 0.000101808 -0.000119594 0.000649614 0.000121482 0.0017289 0.00121448 -0.000422215 0.00117269 0.000457377 0.00158806 0.000724865 0.000995413 0.00271786 0.00157445 0.000482993 -0.000780048 -7.56105e-05 0.00126901 0.00243734 0.00398231 0.00214313 1.27437e-05 -0.000193649 0.000537828 0.000989264 0.000541733 7.67959e-05
internal_weight=527455 102482 28689 19547 16303 9142 4549 1205 3244 10694 4593 5609 496 3190 2848 653 485 2195 842 739 1353 961 422 255 73793 26826 5512 3338 2827 2104
internal_count=527455 102482 28689 19547 16303 9142 4549 1205 3244 10694 4593 5609 496 3190 2848 653 485 2195 842 739 1353 961 422 255 73793 26826 5512 3338 2827 2104
is_linear=0
shrinkage=0.03


Tree=211
num_leaves=31
num_cat=0
split_feature=11 10 2 3 10 11 3 9 10 3 9 10 11 11 3 3 6 3 9 3 6 1 1 9 6 6 1 9 11 1
split_gain=1.62779 2.51838 2.06813 1.97042 1.92089 2.25577 5.84422 3.93233 3.21438 2.24639 2.38482 3.19192 2.64516 2.84188 4.30491 2.45931 2.38992 2.34523 2.23948 2.23277 2.68989 2.16913 2.14881 2.07283 2.85852 4.47303 2.69621 2.39405 1.97113 1.92265
threshold=69.500000000000014 2.5000000000000004 59.250000000000007 9.2500000000000018 10.500000000000002 49.500000000000007 7.0500000000000007 17.150000000000002 11.500000000000002 3.0500000000000003 8.1500000000000004 1.5000000000000002 47.500000000000007 42.500000000000007 2.3500000000000001 1.9500000000000002 0.55086206896551737 2.7500000000000004 5.1500000000000012 4.2500000000000009 0.30079365079365084 2.5000000000000004 14.500000000000002 4.4500000000000011 0.22767145135566189 0.26352339181286555 14.500000000000002 5.4500000000000011 12.500000000000002 8.5000000000000018
decision_type=2 2 2 2 2 2 2 2 2 2 2 2 2 2 2 2 2 2 2 2 2 2 2 2 2 2 2 2 2 2
left_child=4 2 -2 -4 9 18 7 8 -7 10 12 -12 13 23 -15 16 -13 -14 -6 -9 -21 -19 -11 -1 29 -26 28 -28 -27 -25
right_child=1 -3 3 -5 5 6 -8 19 -10 22 11 15 17 14 -16 -17 -18 21 -20 20 -22 -23 -24 24 25 26 27 -29 -30 -31
leaf_value=0.00038541820773461299 -0.00044406131153904179 -4.9508848039933647e-05 0.0027204719232868523 -0.00047010807599872349 -0.00072505489232091349 0.0064780253130164436 5.0972501553373871e-05 0.0080594324308032751 0.00074987763393390009 6.9339725013894022e-05 -0.0012104631604905104 0.00089292979102347273 0.0015566595367042851 0.00060742686700075862 -0.0075104588330597482 0.0020229621408307565 -0.0042934462730143518 0.0036240217989430791 -0.00010168238165628853 0.005927732532674616 -0.00042429721355438231 -0.001367139707365724 -0.00028018008564034555 0.00066238341348305823 -0.0060462300426895833 -0.0052547450157174143 -0.00053118761921704734 0.005991059014055315 -0.00056897420777057394 0.0062146090262914094
leaf_weight=8022 21404 156363 369 330 5500 95 14349 119 1226 201681 426 286 2108 125 111 2046 111 93 91064 132 110 498 17179 155 135 83 97 106 3044 88
leaf_count=8022 21404 156363 369 330 5500 95 14349 119 1226 201681 426 286 2108 125 111 2046 111 93 91064 132 110 498 17179 155 135 83 97 106 3044 88
internal_value=-1.81813e-05 -9.18792e-05 -0.00039162 0.00121419 1.95064e-05 -8.24759e-05 0.000247085 0.00192011 0.00116182 6.80808e-05 0.00039481 0.00118582 0.000240059 4.87073e-05 -0.00321073 0.00160368 -0.000557165 0.00108842 -0.000137188 0.0046949 0.00304045 -0.000581729 4.19048e-05 0.000114285 -0.000472292 -0.000692876 -0.000475848 0.00287452 -0.000693349 0.00267307
internal_weight=527455 178466 22103 699 348989 112595 16031 1682 1321 236394 17534 2869 14665 11966 236 2443 397 2699 96564 361 242 591 218860 11730 3708 3465 3330 203 3127 243
internal_count=527455 178466 22103 699 348989 112595 16031 1682 1321 236394 17534 2869 14665 11966 236 2443 397 2699 96564 361 242 591 218860 11730 3708 3465 3330 203 3127 243
is_linear=0
shrinkage=0.03


Tree=212
num_leaves=31
num_cat=0
split_feature=11 0 1 1 0 3 3 3 0 8 9 3 11 5 9 6 6 9 8 9 9 6 4 8 2 6 11 11 6 9
split_gain=1.54946 1.89225 4.33305 2.69949 5.64122 4.10975 3.23992 2.6254 2.69689 2.03222 2.25373 1.8476 3.64322 3.18716 5.25142 2.74056 3.03887 2.86296 3.86926 3.2573 3.04182 2.45429 4.27436 2.40371 3.43538 2.68752 2.68115 2.19573 2.47031 2.11314
threshold=69.500000000000014 5.5000000000000009 8.5000000000000018 6.5000000000000009 3.5000000000000004 24.550000000000004 23.750000000000004 19.150000000000002 6.5000000000000009 10.500000000000002 133.65000000000001 4.0500000000000007 51.500000000000007 5.5000000000000009 27.250000000000004 0.75500000000000012 0.26352339181286555 9.1500000000000004 3.5000000000000004 11.350000000000003 7.3500000000000005 0.1856158484065461 1.5000000000000002 2.5000000000000004 52.500000000000007 0.26352339181286555 21.500000000000004 11.500000000000002 0.39791666666666675 6.7500000000000009
decision_type=2 2 2 2 2 2 2 2 2 2 2 2 2 2 2 2 2 2 2 2 2 2 2 2 2 2 2 2 2 2
left_child=11 3 7 4 -2 9 -5 8 -3 -6 -11 12 21 14 -14 16 -15 18 -18 -19 -20 22 29 25 -25 -23 -27 28 -26 -1
right_child=1 2 -4 6 5 -7 -8 -9 -10 10 -12 -13 13 15 -16 -17 17 19 20 -21 -22 23 -24 24 27 26 -28 -29 -30 -31
leaf_value=0.0012792496426287236 -0.00019969895940905486 0.00049203917922105423 -6.2175178565490268e-05 -0.00077863516386071955 0.0010447796757915757 -0.00011984598369516538 -0.00015368931168886028 6.5341377873157064e-05 0.0018579479558046288 -0.0022902397295829278 0.002549962017398614 -4.7321335970415366e-06 0.001514703763914489 0.004147063050388723 0.0091124955414356116 0.0029642087352344487 -0.00044849321534445028 -0.007860136637040837 0.0079972658438547967 -0.0012679321280757939 0.00038451095286291093 -0.0021695160445996953 0.0025114604427068869 0.0022975654502684971 0.0061757400224049536 -0.00055795107407038903 0.0002233852189879954 0.00015389400998458433 0.00061429953350434227 -0.0012126074465009127
leaf_weight=547 59325 3111 64750 12547 7384 5960 18437 4266 2236 333 117 311671 2226 138 85 289 1370 88 93 289 96 606 1010 753 116 7285 8641 12801 189 696
leaf_count=547 59325 3111 64750 12547 7384 5960 18437 4266 2236 333 117 311671 2226 138 85 289 1370 88 93 289 96 606 1010 753 116 7285 8641 12801 189 696
internal_value=-1.76165e-05 -8.95194e-05 2.60615e-05 -0.000172081 -7.2636e-05 0.000473834 -0.000406762 0.000620394 0.00106323 0.000925498 -0.00103179 1.91532e-05 0.000218638 0.001002 0.00179416 0.000227275 -0.000154102 -0.000460693 0.000106622 -0.0028067 0.00413047 0.000106475 0.00106185 3.56495e-05 0.000327048 -0.000208633 -0.00013402 0.000213832 0.00272947 -0.00011603
internal_weight=527455 178466 74363 104103 73119 13794 30984 9613 5347 7834 450 348989 37318 4674 2311 2363 2074 1936 1559 377 189 32644 2253 30391 13859 16532 15926 13106 305 1243
internal_count=527455 178466 74363 104103 73119 13794 30984 9613 5347 7834 450 348989 37318 4674 2311 2363 2074 1936 1559 377 189 32644 2253 30391 13859 16532 15926 13106 305 1243
is_linear=0
shrinkage=0.03


Tree=213
num_leaves=31
num_cat=0
split_feature=10 10 3 9 2 11 10 9 5 9 9 6 5 6 1 1 9 3 2 11 2 9 11 9 11 11 6 3 1 6
split_gain=1.58469 2.04221 2.34552 4.17235 3.3277 3.08703 3.13167 2.90461 2.01882 1.99473 1.96192 3.14205 2.60028 2.19495 1.99816 1.78104 2.36612 1.80609 1.71501 1.69105 1.84083 1.9293 2.10936 1.80074 2.53702 3.64624 3.00863 2.68861 2.49746 2.30505
threshold=1.5000000000000002 11.500000000000002 3.0500000000000003 9.1500000000000004 57.250000000000007 41.500000000000007 8.5000000000000018 11.950000000000001 7.5000000000000009 37.050000000000004 4.4500000000000011 0.75500000000000012 10.500000000000002 0.8047619047619049 13.500000000000002 4.5000000000000009 33.050000000000004 17.050000000000004 54.250000000000007 265.50000000000006 57.750000000000007 1.9500000000000002 49.500000000000007 2.6500000000000008 40.500000000000007 56.500000000000007 0.76696832579185525 3.1500000000000008 15.500000000000002 0.67006802721088443
decision_type=2 2 2 2 2 2 2 2 2 2 2 2 2 2 2 2 2 2 2 2 2 2 2 2 2 2 2 2 2 2
left_child=-1 2 3 10 5 -5 8 -6 -7 15 -2 12 -12 -13 -14 16 -3 -18 -15 20 23 22 -22 24 27 26 -26 -4 -29 -25
right_child=1 9 19 4 7 6 -8 -9 -10 -11 11 13 14 18 -16 -17 17 -19 -20 -21 21 -23 -24 29 25 -27 -28 28 -30 -31
leaf_value=-0.00021150936051101429 0.0004139597651648265 0.00013632519848080261 -0.0052850643297036488 0.0018934367615272092 0.0094463420584215783 5.3304617854308301e-05 0.0049608298873223744 0.0025991439111147999 -0.0033706067272086999 -2.033138060481185e-05 0.00039919738019424426 -0.0057823730281895969 -0.00084602544965399278 -0.0039392566207691482 -0.0051738281234699705 -0.00035051955458252285 -0.003646969851163894 -0.00064173977502678071 3.746812090115702e-05 -0.00058512821038250252 0.0053939087607938309 0.00024806150799628311 0.00021228052020586769 6.8603279163071335e-06 0.00055033742145177173 -0.00043227731101731721 0.0038670703143610973 -0.00067169914246248798 -0.0044548289220007814 0.00053937379587631798
leaf_weight=35184 11067 13926 126 1565 80 471 87 184 231 133815 3330 133 1122 151 105 37097 243 694 276 4054 138 25075 145 241834 913 3658 337 3706 164 7544
leaf_count=35184 11067 13926 126 1565 80 471 87 184 231 133815 3330 133 1122 151 105 37097 243 694 276 4054 138 25075 145 241834 913 3658 337 3706 164 7544
internal_value=-1.70044e-05 -3.10256e-06 4.44694e-05 0.000369102 0.00148024 0.00112205 -0.000407999 0.00467405 -0.00107337 -8.15879e-05 0.000189359 -0.000296406 -3.58054e-05 -0.00241704 -0.00121638 -0.000239345 3.81406e-05 -0.00142111 -0.00136882 2.32533e-05 3.19487e-05 0.000275861 0.00273901 8.00156e-06 -0.000411213 4.57193e-05 0.00144453 -0.000972429 -0.000832018 2.29695e-05
internal_weight=527455 492271 306496 18802 2618 2354 789 264 702 185775 16184 5117 4557 560 1227 51960 14863 937 427 287694 283640 25358 283 258282 8904 4908 1250 3996 3870 249378
internal_count=527455 492271 306496 18802 2618 2354 789 264 702 185775 16184 5117 4557 560 1227 51960 14863 937 427 287694 283640 25358 283 258282 8904 4908 1250 3996 3870 249378
is_linear=0
shrinkage=0.03


Tree=214
num_leaves=31
num_cat=0
split_feature=10 10 9 11 7 9 6 9 8 2 1 2 1 0 5 8 7 9 11 9 7 1 5 5 11 5 5 5 5 9
split_gain=1.5075 1.94297 1.89444 1.83955 1.76927 2.33143 2.8063 2.17877 4.26757 2.05713 3.082 1.73518 2.11985 2.48032 2.01249 2.24226 1.98957 1.68533 2.07546 1.90843 1.66661 1.72123 1.64768 1.64476 1.64362 1.61891 1.61811 2.18474 1.67215 1.61773
threshold=1.5000000000000002 11.500000000000002 37.050000000000004 272.50000000000006 11.500000000000002 8.5500000000000025 0.66333333333333344 3.6500000000000008 1.5000000000000002 58.750000000000007 12.500000000000002 55.750000000000007 4.5000000000000009 3.5000000000000004 8.5000000000000018 3.5000000000000004 2.5000000000000004 2.1500000000000008 168.50000000000003 5.8500000000000005 3.5000000000000004 13.500000000000002 11.500000000000002 21.500000000000004 360.50000000000006 31.500000000000004 50.500000000000007 37.500000000000007 40.500000000000007 2.7500000000000004
decision_type=2 2 2 2 2 2 2 2 2 2 2 2 2 2 2 2 2 2 2 2 2 2 2 2 2 2 2 2 2 2
left_child=-1 3 11 4 9 6 7 8 29 25 26 12 13 -3 -13 16 22 -14 19 -19 21 -12 -16 -18 -20 -2 27 -11 -29 -6
right_child=1 2 -4 -5 5 -7 -8 -9 -10 10 20 14 17 -15 15 -17 23 18 24 -21 -22 -23 -24 -25 -26 -27 -28 28 -30 -31
leaf_value=-0.00020618754989791253 7.9228292198781563e-05 0.00011659026746839313 -1.9778055898694628e-05 -0.000605594057815249 0.0020020635237917301 -4.8185759864263905e-05 -0.003512664366733594 -0.00082930101362523186 0.006688073572964923 0.00079357829695168706 -0.006072652218863368 -0.00067310996306631926 0.0013152946537709795 0.0017301114951836973 0.0024883907106142125 -0.00023988753252984481 0.0017062159489139356 -0.00084296616358308513 -0.0023865127715160476 -0.00011173704866758284 -0.00041090623387665497 -0.00045396091416478158 -0.0025291300686159936 0.0060644933010541623 0.0020993431525147821 -0.00041639155760172202 0.0049469136787229214 -0.0030625192001150245 0.00033730335432671375 -0.001546670746765215
leaf_weight=35184 241340 8471 133815 3880 200 42143 311 3682 103 7262 118 12965 600 954 91 5621 481 3916 643 17875 413 84 167 93 83 6081 80 239 286 274
leaf_count=35184 241340 8471 133815 3880 200 42143 311 3682 103 7262 118 12965 600 954 91 5621 481 3916 643 17875 413 84 167 93 83 6081 80 239 286 274
internal_value=-1.64792e-05 -2.92018e-06 -7.94747e-05 4.34814e-05 5.18036e-05 -0.000117978 -0.000761582 -0.000560693 0.00115337 8.27959e-05 0.000542188 -0.000233214 -9.92962e-05 0.000279911 -0.000457643 -2.47391e-05 0.00142881 -0.000253902 -0.000295716 -0.000243144 -0.00150311 -0.00373617 -0.000759384 0.00241235 -0.00187367 6.70472e-05 0.000702078 0.000658468 -0.00121043 -4.93145e-05
internal_weight=527455 492271 185775 306496 302616 46713 4570 4259 577 255903 8482 51960 32542 9425 19418 6453 832 23117 22517 21791 615 202 258 574 726 247421 7867 7787 525 474
internal_count=527455 492271 185775 306496 302616 46713 4570 4259 577 255903 8482 51960 32542 9425 19418 6453 832 23117 22517 21791 615 202 258 574 726 247421 7867 7787 525 474
is_linear=0
shrinkage=0.03


Tree=215
num_leaves=31
num_cat=0
split_feature=10 10 1 11 7 6 9 9 3 11 3 9 0 1 3 6 7 11 11 11 9 7 3 9 3 9 9 11 9 3
split_gain=1.43397 1.87062 1.79627 2.02274 2.01871 2.89732 3.49632 1.70006 1.99814 1.64515 1.91214 2.27545 1.60509 3.88273 6.14596 2.30739 3.3559 2.87273 2.49173 2.42178 2.79666 2.32714 3.81575 2.06803 2.19532 1.78742 3.33081 2.54202 1.72513 2.07664
threshold=1.5000000000000002 7.5000000000000009 14.500000000000002 61.500000000000007 11.500000000000002 0.54226190476190483 6.7500000000000009 5.4500000000000011 1.5500000000000003 21.500000000000004 2.8500000000000001 2.1500000000000008 4.5000000000000009 8.5000000000000018 27.050000000000004 0.21103238866396765 14.500000000000002 153.50000000000003 7.5000000000000009 25.500000000000004 6.0500000000000007 4.5000000000000009 8.4500000000000011 71.950000000000017 13.750000000000002 19.850000000000005 16.850000000000005 14.500000000000002 26.850000000000005 6.6500000000000012
decision_type=2 2 2 2 2 2 2 2 2 2 2 2 2 2 2 2 2 2 2 2 2 2 2 2 2 2 2 2 2 2
left_child=-1 2 3 4 -2 -6 -7 8 -3 10 -10 -12 -9 14 15 25 17 18 -17 20 -20 -22 -23 -21 -25 26 27 -14 29 -27
right_child=1 7 -4 -5 5 6 -8 12 9 -11 11 -13 13 -15 -16 16 -18 -19 19 23 21 22 -24 24 -26 28 -28 -29 -30 -31
leaf_value=-0.00020099941746946689 0.00019776564011517308 0.0015801150750549353 -0.00023581225331207142 -5.497304489372691e-05 -0.000100466252859504 -0.00509456540314624 -0.00051073089347203045 -0.00011433063192341961 -0.0023881382024467028 -0.00022785154080136498 0.0026643822524188591 -0.00084360304927174245 -0.0018162840990156963 -4.608943932274638e-05 -4.273291679228236e-05 0.0047955595497642797 -0.0040996178144576557 -0.0032715301078291579 0.0049766506653362774 0.0013573977926209159 -0.0011567424726136293 0.0048435788902274346 -0.00025883940905590814 -0.003762251549920478 0.0016009130028467023 -0.0011517304872594228 -0.0031394874510863842 0.0015215722736864456 0.0012214347103984924 0.0041355419858713841
leaf_weight=35184 116624 454 16162 56879 11155 234 416 125996 694 9372 176 3056 261 120383 17243 124 149 179 89 2502 1433 171 577 154 124 82 228 963 6029 362
leaf_count=35184 116624 454 16162 56879 11155 234 416 125996 694 9372 176 3056 261 120383 17243 124 149 179 89 2502 1433 171 577 154 124 82 228 963 6029 362
internal_value=-1.59752e-05 -2.75098e-06 6.75084e-05 9.39631e-05 0.000159924 -0.000213917 -0.00216091 -5.14274e-05 -0.000377003 -0.00044382 -0.00095937 -0.000652574 -3.52667e-05 3.06819e-05 0.000332018 0.000813274 0.000341285 0.000464897 0.000594162 0.000490999 -0.00023603 -0.000448744 0.000907623 0.00108465 -0.00137005 0.00114096 0.000189684 0.000809823 0.00135434 0.00315906
internal_weight=527455 492271 201470 185308 128429 11805 650 290801 13752 13298 3926 3232 277049 151053 30670 13427 5502 5353 5174 5050 2270 2181 748 2780 278 7925 1452 1224 6473 444
internal_count=527455 492271 201470 185308 128429 11805 650 290801 13752 13298 3926 3232 277049 151053 30670 13427 5502 5353 5174 5050 2270 2181 748 2780 278 7925 1452 1224 6473 444
is_linear=0
shrinkage=0.03


Tree=216
num_leaves=31
num_cat=0
split_feature=11 10 3 11 5 9 9 10 8 3 8 8 9 1 9 7 1 9 10 8 11 9 3 4 5 9 4 1 5 0
split_gain=1.38067 2.30902 1.70842 3.51338 3.04515 5.06583 2.49404 3.58658 3.5132 4.42458 3.17181 2.27643 3.41135 2.73885 2.19007 2.77441 1.99719 1.92874 1.95098 2.64666 3.10185 2.99813 2.44929 3.38249 2.41067 2.16361 1.89902 2.72416 2.63995 2.82614
threshold=69.500000000000014 2.5000000000000004 4.0500000000000007 51.500000000000007 5.5000000000000009 27.250000000000004 9.1500000000000004 1.5000000000000002 3.5000000000000004 3.0500000000000003 5.5000000000000009 1.5000000000000002 2.7500000000000004 16.500000000000004 2.7500000000000004 2.5000000000000004 11.500000000000002 113.45000000000002 1.5000000000000002 2.5000000000000004 15.500000000000002 4.6500000000000012 2.1500000000000008 1.5000000000000002 5.5000000000000009 4.0500000000000007 1.5000000000000002 7.5000000000000009 11.500000000000002 2.5000000000000004
decision_type=2 2 2 2 2 2 2 2 2 2 2 2 2 2 2 2 2 2 2 2 2 2 2 2 2 2 2 2 2 2
left_child=2 -2 3 11 5 -5 8 -8 -6 -10 -9 12 16 14 15 -13 -1 18 19 20 -16 -21 -23 -24 -22 -26 27 28 -4 -30
right_child=1 -3 26 4 6 -7 7 10 9 -11 -12 13 -14 -15 17 -17 -18 -19 -20 21 24 22 23 -25 25 -27 -28 -29 29 -31
leaf_value=0.00038480807504639319 -0.0003702978467547264 -4.2715673653089359e-05 -0.0035127334293875794 0.0014802322417332189 0.00023082101274088011 0.0089425662342349395 -0.0071110737413822948 -0.0043788666977577894 0.0090954157646046946 0.00051669786233575119 0.0016037134074670177 0.00062323112497811241 -0.0010616998359444789 -0.0038886618391204045 -0.0069127756836158882 0.0062821550638891936 -0.00093504303941763071 0.0041130066462310736 0.00032709649179465033 0.0056988665553810141 0.0012742771551935361 0.0027070305792181492 -0.0020248602561908492 0.0012367556735921085 -0.00023849978963059025 -0.0048717111029836814 1.6693594801098126e-06 0.00014062259592256455 0.0041014427035161762 -0.0025128865372525512
leaf_weight=5156 22103 156363 527 2226 1697 85 91 121 96 124 234 213 3331 142 105 123 1290 116 20091 81 208 216 739 467 166 200 310058 848 101 137
leaf_count=5156 22103 156363 527 2226 1697 85 91 121 96 124 234 213 3331 142 105 123 1290 116 20091 81 208 216 739 467 166 200 310058 848 101 137
internal_value=-1.5413e-05 -8.32867e-05 1.92963e-05 0.00021112 0.000980395 0.0017547 0.000223128 -0.00179749 0.000693236 0.00426014 -0.00043542 0.000100974 -0.000282158 0.000264786 0.000290739 0.0026948 0.000120674 0.000254661 0.000234566 -0.000617418 -0.00217191 8.48436e-05 -0.000234942 -0.000761863 -0.00130468 -0.00277031 -3.67177e-06 -0.00103037 -0.00232841 0.000294035
internal_weight=527455 178466 348989 37318 4674 2311 2363 446 1917 220 355 32644 9777 22867 22725 336 6446 22389 22273 2182 679 1503 1422 1206 574 366 311671 1613 765 238
internal_count=527455 178466 348989 37318 4674 2311 2363 446 1917 220 355 32644 9777 22867 22725 336 6446 22389 22273 2182 679 1503 1422 1206 574 366 311671 1613 765 238
is_linear=0
shrinkage=0.03


Tree=217
num_leaves=31
num_cat=0
split_feature=1 10 4 3 4 2 9 5 5 8 8 3 9 9 2 2 9 10 10 5 9 9 9 1 2 2 7 2 6 7
split_gain=1.34368 1.52062 2.20856 1.381 2.22182 2.20004 2.27152 2.2002 2.07686 1.94108 2.29216 2.65222 1.92204 2.09442 1.88201 1.71154 3.80499 1.45675 4.11119 2.43795 1.99244 2.10152 2.07185 1.80446 1.76433 2.34315 2.22163 1.62261 1.61127 1.40509
threshold=16.500000000000004 2.5000000000000004 2.5000000000000004 7.0500000000000007 3.5000000000000004 57.750000000000007 46.650000000000013 9.5000000000000018 22.500000000000004 13.500000000000002 10.500000000000002 6.2500000000000009 11.15 3.9500000000000006 54.250000000000007 53.500000000000007 5.1500000000000012 9.5000000000000018 16.500000000000004 11.500000000000002 55.350000000000001 37.650000000000013 31.550000000000004 14.500000000000002 54.250000000000007 53.500000000000007 7.5000000000000009 56.750000000000007 0.43534002229654406 2.5000000000000004
decision_type=2 2 2 2 2 2 2 2 2 2 2 2 2 2 2 2 2 2 2 2 2 2 2 2 2 2 2 2 2 2
left_child=3 2 -2 4 29 9 7 -7 12 10 17 -12 13 -9 -13 16 -5 20 19 24 21 22 -6 27 25 -19 -26 -20 -21 -1
right_child=1 -3 -4 15 5 6 -8 8 -10 -11 11 14 -14 -15 -16 -17 -18 18 23 28 -22 -23 -24 -25 26 -27 -28 -29 -30 -31
leaf_value=-0.00010603041026227072 -0.0045649417339312928 -0.0002754646648648677 -0.00080713676154622817 -0.001257048634173565 0.0005839413461397212 0.0054466627391776597 -0.0027832027433848964 0.0030617038672228892 0.0046768353859315045 0.0040979730626267766 0.0011423814550359198 -0.00073507326979969814 0.0031620081692385524 -0.0026197526025287994 -0.0064824658538412856 -9.0381265037556508e-06 -0.00012853554076397254 -0.0041528244081296415 0.00057666194959202569 -0.0012092115405861659 0.0048435247153043749 -0.0031560325308849935 0.0047545855007040394 -0.0036231823404167971 -0.0051828684199670821 0.0022139629669811413 0.00032162899353418002 0.0042092306072972398 0.0041941732540726664 0.00012542314918042883
leaf_weight=37411 184 5396 599 2814 6491 173 82 83 148 124 141 86 163 197 127 345801 60511 95 1581 131 100 133 109 86 322 115 83 119 80 63970
leaf_count=37411 184 5396 599 2814 6491 173 82 83 148 124 141 86 163 197 127 345801 60511 95 1581 131 100 133 109 86 322 115 83 119 80 63970
internal_value=-1.49437e-05 -0.000454739 -0.0016902 -9.73052e-06 8.35333e-05 0.000493234 0.00196177 0.00247105 0.00160002 0.000368032 0.000320832 -0.00204919 0.000572094 -0.000935607 -0.00416192 -3.52961e-05 -0.000178684 0.000409661 -0.000192943 -0.00194307 0.000640014 0.000577582 0.00065282 0.000616465 -0.00289773 -0.00066625 -0.00405479 0.000830942 0.000839465 4.00136e-05
internal_weight=527455 6179 783 521276 112150 10769 846 764 591 9923 9799 354 443 280 213 409126 63325 9445 2612 826 6833 6733 6600 1786 615 210 405 1700 211 101381
internal_count=527455 6179 783 521276 112150 10769 846 764 591 9923 9799 354 443 280 213 409126 63325 9445 2612 826 6833 6733 6600 1786 615 210 405 1700 211 101381
is_linear=0
shrinkage=0.03


Tree=218
num_leaves=31
num_cat=0
split_feature=1 0 4 1 0 4 4 6 9 0 11 11 2 5 6 9 5 0 11 4 10 6 6 11 4 2 9 11 5 9
split_gain=1.32012 10.4799 6.07567 5.24335 6.92642 4.20806 3.5721 3.53831 3.06323 2.53506 2.03164 2.94346 1.96489 4.85805 2.39275 1.88934 3.39788 2.3093 2.25806 2.29396 2.38666 2.71864 2.27361 2.05268 3.88753 2.03561 2.40755 1.9818 1.84353 1.74056
threshold=8.5000000000000018 4.5000000000000009 6.5000000000000009 4.5000000000000009 3.5000000000000004 6.5000000000000009 5.5000000000000009 0.090230664857530549 3.0500000000000003 7.5000000000000009 7.5000000000000009 16.500000000000004 53.500000000000007 11.500000000000002 0.33072916666666669 18.950000000000003 2.5000000000000004 5.5000000000000009 68.500000000000014 2.5000000000000004 3.5000000000000004 0.55086206896551737 0.56385869565217395 161.50000000000003 2.5000000000000004 54.250000000000007 3.6500000000000008 28.500000000000004 6.5000000000000009 3.7500000000000004
decision_type=2 2 2 2 2 2 2 2 2 2 2 2 2 2 2 2 2 2 2 2 2 2 2 2 2 2 2 2 2 2
left_child=1 3 7 4 -1 -5 -6 8 -3 10 28 12 13 14 -12 16 23 18 22 20 21 -20 -18 27 -25 -23 -27 -2 -9 -26
right_child=15 2 -4 5 6 -7 -8 9 -10 -11 11 -13 -14 -15 -16 -17 17 -19 19 -21 -22 25 -24 24 29 26 -28 -29 -30 -31
leaf_value=-2.0192593908089777e-05 -0.0008402685806315587 0.0060306092599459026 5.0162218612916681e-05 -0.00051005852540542379 0.0011960595961040645 -8.3400282005787965e-05 0.00022078710430164733 -0.00045459771499326316 0.0011204400804926799 0.0017358411747124458 -0.00040853131300126999 0.00050855375266615252 -0.00013820785796764647 0.0041475171968340871 -0.0052315045418602907 2.6712981122866428e-06 -0.00047677108281023276 -1.6111998378503485e-05 -0.0074612784787480325 -0.00075085897148955045 -0.00011917034320034194 -0.0063848447677020614 0.0007048261192191018 -0.0058107894364624246 0.0020816201395206482 0.0017341975696103344 -0.0048648533225059505 -0.00017048949933447965 0.0036626361210475721 -0.0016597147402392914
leaf_weight=137208 7366 116 28364 33865 6528 53947 7009 142 8031 1354 142 20030 3264 90 266 134346 6612 63733 140 2648 209 82 1883 186 138 129 81 8639 315 592
leaf_count=137208 7366 116 28364 33865 6528 53947 7009 142 8031 1354 142 20030 3264 90 266 134346 6612 63733 140 2648 209 82 1883 186 138 129 81 8639 315 592
internal_value=-1.45069e-05 2.67119e-05 0.000373813 -6.36642e-05 4.36816e-05 -0.000247943 0.000691097 0.000645814 0.00119035 0.000472539 0.000401999 0.000363942 -0.000406014 -0.00216128 -0.00355292 -6.9155e-05 -0.000173545 -8.74472e-05 -0.000473259 -0.00114067 -0.00275099 -0.00402425 -0.000214858 -0.00055779 -0.00193897 -0.00237637 -0.000811151 -0.000478743 0.00238332 -0.000952449
internal_weight=527455 300671 62114 238557 150745 87812 13537 33750 8147 25603 24249 23792 3762 498 408 226784 92438 75517 11784 3289 641 432 8495 16921 916 292 210 16005 457 730
internal_count=527455 300671 62114 238557 150745 87812 13537 33750 8147 25603 24249 23792 3762 498 408 226784 92438 75517 11784 3289 641 432 8495 16921 916 292 210 16005 457 730
is_linear=0
shrinkage=0.03


Tree=219
num_leaves=31
num_cat=0
split_feature=11 10 2 5 7 3 3 5 10 2 4 1 3 4 11 11 6 3 11 10 10 11 3 3 7 11 3 5 2 1
split_gain=1.31647 2.16694 1.91786 2.05874 2.3872 2.07111 1.84812 2.57461 1.63504 2.52265 2.48421 2.10303 2.70576 2.38329 2.1259 3.89038 2.49592 2.01844 3.3644 2.12355 3.23543 1.88329 3.55939 1.86438 2.70724 2.59853 2.43362 1.83571 1.69101 2.29085
threshold=69.500000000000014 2.5000000000000004 59.250000000000007 5.5000000000000009 5.5000000000000009 2.7500000000000004 9.2500000000000018 14.500000000000002 15.500000000000002 55.750000000000007 8.5000000000000018 12.500000000000002 21.350000000000005 4.5000000000000009 20.500000000000004 47.500000000000007 0.39791666666666675 2.7500000000000004 47.500000000000007 12.500000000000002 11.500000000000002 42.500000000000007 2.3500000000000001 3.5500000000000003 4.5000000000000009 8.5000000000000018 4.1500000000000012 13.500000000000002 58.750000000000007 12.500000000000002
decision_type=2 2 2 2 2 2 2 2 2 2 2 2 2 2 2 2 2 2 2 2 2 2 2 2 2 2 2 2 2 2
left_child=8 2 3 -2 -5 -6 7 -4 17 11 -11 13 14 23 -13 -16 -17 18 19 20 21 -1 -23 24 -10 -25 -27 -20 -19 -30
right_child=1 -3 6 4 5 -7 -8 -9 9 10 -12 12 -14 -15 15 16 -18 28 27 -21 -22 22 -24 25 -26 26 -28 -29 29 -31
leaf_value=0.00023451371900982008 -3.6847952958157414e-05 -4.103208286486146e-05 0.0070915348228234587 -0.0010673086322821326 0.0034073018642341007 -0.00033170957344185159 -0.00044319319248792126 0.0012339807107512441 -0.00047628543784125469 -0.00087232647794435638 -5.6706746974765573e-05 0.00013718892898808947 -8.5110310414437891e-05 -6.4375793093327468e-05 -0.0030469386840239168 -0.001116852748703647 0.004356861480234845 1.6605599753522122e-05 0.0017075831716265308 0.0032011801886566672 -0.0048139513466976805 0.00037456483917033416 -0.0074264534925376725 -0.00366090408526361 0.0032190087509202736 0.0026704614384707413 0.00071241477128579345 -0.00075683094386570608 0.00061717895010589133 -0.0013567824024296774
leaf_weight=11103 8236 156363 89 6238 136 6794 330 280 2100 7173 6324 533 4010 21593 1000 231 111 278623 2171 206 118 141 84 112 195 653 4565 311 7060 572
leaf_count=11103 8236 156363 89 6238 136 6794 330 280 2100 7173 6324 533 4010 21593 1000 231 111 278623 2171 206 118 141 84 112 195 653 4565 311 7060 572
internal_value=-1.40582e-05 -8.03351e-05 -0.000358376 -0.000408877 -0.000641564 -0.000258332 0.00118799 0.00264678 1.98344e-05 -0.000141603 -0.000490169 -7.58016e-06 -0.000524977 9.66324e-05 -0.00146571 -0.00210232 0.000659704 4.59534e-05 0.000395924 0.000182303 0.000127971 0.000179449 -0.00253782 0.000552586 -0.000162306 0.000860406 0.000957452 0.00139879 2.86734e-05 0.000469235
internal_weight=527455 178466 22103 21404 13168 6930 699 369 348989 48600 13497 35103 5885 29218 1875 1342 342 300389 14134 11652 11446 11328 225 7625 2295 5330 5218 2482 286255 7632
internal_count=527455 178466 22103 21404 13168 6930 699 369 348989 48600 13497 35103 5885 29218 1875 1342 342 300389 14134 11652 11446 11328 225 7625 2295 5330 5218 2482 286255 7632
is_linear=0
shrinkage=0.03


Tree=220
num_leaves=31
num_cat=0
split_feature=10 10 1 11 9 3 4 3 5 1 0 1 9 1 2 9 3 2 3 3 2 6 5 6 5 1 3 11 3 9
split_gain=1.28627 1.74372 1.66403 1.81023 1.61537 1.89073 2.1262 3.49327 2.27645 1.82538 4.69087 1.86995 1.78989 1.69401 1.9045 1.5321 3.61666 2.87986 2.55394 2.88239 2.53133 2.39407 2.98672 2.15326 2.13989 1.96958 1.87184 2.00853 2.53189 1.80503
threshold=1.5000000000000002 7.5000000000000009 14.500000000000002 61.500000000000007 5.4500000000000011 1.5500000000000003 1.5000000000000002 3.1500000000000008 3.5000000000000004 10.500000000000002 7.5000000000000009 14.500000000000002 2.3500000000000001 5.5000000000000009 55.750000000000007 2.6500000000000008 3.1500000000000008 53.500000000000007 3.7500000000000004 4.4500000000000011 54.250000000000007 0.26975051975051983 3.5000000000000004 0.63818181818181829 12.500000000000002 15.500000000000002 24.550000000000004 29.500000000000004 7.0500000000000007 5.7500000000000009
decision_type=2 2 2 2 2 2 2 2 2 2 2 2 2 2 2 2 2 2 2 2 2 2 2 2 2 2 2 2 2 2
left_child=-1 2 3 -2 5 -3 9 8 -8 -7 -11 -12 13 -9 -15 17 21 -4 -18 20 25 -17 -23 -21 -24 -20 27 28 -25 -29
right_child=1 4 15 -5 -6 6 7 12 -10 10 11 -13 -14 14 -16 16 18 -19 19 23 -22 22 24 26 -26 -27 -28 29 -30 -31
leaf_value=-0.0001888744588669077 0.00015458309250151005 0.0015383160742828499 0.0032983003800239313 -4.8712455297027961e-05 -3.2357045952574091e-05 -0.0007192760358561397 0.0013543493209153769 0.0024414204844222295 0.0069585379470871499 -0.0045919619112241043 0.0028842417518192501 -0.0018296588400209491 -0.00047066691008363048 0.0011417901906783559 -0.0023560941615782742 -0.0028575514028940734 -0.0023757620342829931 -0.0018474315847743126 -0.0041941978832085924 -0.00036842270731308145 0.0032341879201893829 -0.0012529795246138688 0.0042967572970888934 0.0075946439140372798 -0.00081381944378583937 0.0019377689650564483 -0.0013707514145124228 0.002508214615213061 0.0014009386301040649 -0.0017465760179285732
leaf_weight=35184 128429 454 109 56879 277049 2129 292 381 84 405 140 165 9092 392 218 87 494 960 90 12434 398 155 455 108 88 99 188 206 132 159
leaf_count=35184 128429 454 109 56879 277049 2129 292 381 84 405 140 165 9092 392 218 87 494 960 90 12434 398 155 455 108 88 99 188 206 132 159
internal_value=-1.36383e-05 -1.11371e-06 6.67207e-05 9.21829e-05 -4.81101e-05 -0.000365472 -0.000430468 -0.000232831 0.00260635 -0.00115857 -0.00247584 0.000334099 -0.000338706 0.000871982 -0.000108273 -0.000225221 -0.000147486 -0.00132275 -0.000256262 -0.000180467 0.00187661 0.00183515 0.00242005 -0.000271758 0.00346852 -0.000982215 0.00124392 0.00205642 0.00418811 0.000654758
internal_weight=527455 492271 201470 185308 290801 13752 13298 10459 376 2839 710 305 10083 991 610 16162 15093 1069 14308 13814 587 785 698 13227 543 189 793 605 240 365
internal_count=527455 492271 201470 185308 290801 13752 13298 10459 376 2839 710 305 10083 991 610 16162 15093 1069 14308 13814 587 785 698 13227 543 189 793 605 240 365
is_linear=0
shrinkage=0.03


Tree=221
num_leaves=31
num_cat=0
split_feature=7 11 6 11 3 3 6 0 10 5 6 10 9 11 0 7 3 11 3 9 9 11 10 9 9 11 7 10 8 0
split_gain=1.23291 2.70703 2.7084 2.67585 2.66263 2.55009 2.35005 3.49625 2.70998 1.9043 1.92471 1.86857 1.98758 1.86403 1.83876 2.0473 1.81934 3.10123 1.83728 2.09178 1.79343 1.90294 2.00231 1.72265 1.72161 2.09623 1.83957 2.01824 1.99905 2.90521
threshold=2.5000000000000004 8.5000000000000018 0.31311274509803927 40.500000000000007 27.050000000000004 3.8500000000000001 0.48074074074074075 3.5000000000000004 11.500000000000002 6.5000000000000009 0.28416149068322988 3.5000000000000004 41.550000000000004 72.500000000000014 2.5000000000000004 8.5000000000000018 3.5500000000000003 41.500000000000007 1.9500000000000002 1.9500000000000002 1.7500000000000002 22.500000000000004 2.5000000000000004 4.5500000000000007 3.1500000000000008 211.50000000000003 5.5000000000000009 8.5000000000000018 1.5000000000000002 4.5000000000000009
decision_type=2 2 2 2 2 2 2 2 2 2 2 2 2 2 2 2 2 2 2 2 2 2 2 2 2 2 2 2 2 2
left_child=1 6 3 -3 11 14 7 -1 -8 -9 -11 13 -13 -5 15 16 18 -18 -2 -20 21 22 -4 -17 25 26 27 -7 -28 -30
right_child=5 2 20 4 -6 24 8 9 -10 10 -12 12 -14 -15 -16 23 17 -19 19 -21 -22 -23 -24 -25 -26 -27 28 -29 29 -31
leaf_value=-0.0026495868161278352 0.0016659033598220893 -0.00026273938265467922 -0.0019438052610728804 -0.0048871985469392826 -0.00012090684762621323 -0.00072725619215131311 0.0037920385783585214 -0.0015633570569843869 -0.0014212022367370339 0.0051865584431391842 0.00086654623575725762 -0.0010336961411454868 -0.0044427941066267733 -0.0014952973592872883 0.00042965851711304566 -0.0046113958845778215 0.0030432070630989714 -0.0010609980960461227 -0.0035967086863002919 -0.00023319180679408225 -0.00011346716939549916 0.00091337661496854162 0.0012983411119915963 -0.00088092543681590643 -3.773970751713018e-06 0.0018090929936790251 0.00020879018303570469 -0.0026850647396020537 0.0007342684383078806 -0.0045687690587130495
leaf_weight=264 426 7800 479 313 1238 3504 436 128 113 159 223 1627 170 273 19954 123 445 264 178 2555 57234 2936 267 1182 420856 352 3034 548 173 201
leaf_count=264 426 7800 479 313 1238 3504 436 128 113 159 223 1627 170 273 19954 123 445 264 178 2555 57234 2936 267 1182 420856 352 3034 548 173 201
internal_value=-1.32263e-05 -0.00012707 -0.000151665 -0.000575611 -0.00124957 5.25278e-06 0.00121771 0.000152845 0.002719 0.00160352 0.00266467 -0.00183592 -0.0013562 -0.00330701 0.00029899 -0.000205041 0.000141618 0.00151498 -0.000166617 -0.000452257 -7.21802e-05 0.000569595 -0.000783412 -0.00123253 -1.19651e-05 -0.000453244 -0.000559993 -0.000992034 -4.63101e-05 -0.00211576
internal_weight=527455 73660 72337 11421 3621 453795 1323 774 549 510 382 2383 1797 586 25127 5173 3868 709 3159 2733 60916 3682 746 1305 428668 7812 7460 4052 3408 374
internal_count=527455 73660 72337 11421 3621 453795 1323 774 549 510 382 2383 1797 586 25127 5173 3868 709 3159 2733 60916 3682 746 1305 428668 7812 7460 4052 3408 374
is_linear=0
shrinkage=0.03


Tree=222
num_leaves=31
num_cat=0
split_feature=1 10 4 11 10 2 5 7 9 11 8 9 1 7 6 4 6 5 5 4 1 11 7 5 9 9 11 9 8 7
split_gain=1.2448 1.43358 2.11659 1.24746 1.83835 1.86449 2.06865 2.28637 1.98879 1.57155 3.18769 3.10778 1.76456 2.60025 2.41616 2.27269 4.51098 2.22098 2.17546 2.96627 3.17595 3.01422 2.07877 1.9806 2.17175 1.97727 1.96849 1.75543 2.43056 1.74483
threshold=16.500000000000004 2.5000000000000004 2.5000000000000004 69.500000000000014 2.5000000000000004 59.250000000000007 5.5000000000000009 4.5000000000000009 2.5500000000000003 18.500000000000004 1.5000000000000002 2.7500000000000004 10.500000000000002 12.500000000000002 0.47434210526315795 3.5000000000000004 0.53452380952380962 3.5000000000000004 8.5000000000000018 1.5000000000000002 12.500000000000002 21.500000000000004 1.5000000000000002 4.5000000000000009 7.9500000000000011 1.9500000000000002 29.500000000000004 17.150000000000002 4.5000000000000009 5.5000000000000009
decision_type=2 2 2 2 2 2 2 2 2 2 2 2 2 2 2 2 2 2 2 2 2 2 2 2 2 2 2 2 2 2
left_child=3 2 -2 9 5 6 -5 -8 -9 10 -1 -12 13 -11 -15 16 -16 27 19 20 21 -19 -23 -24 26 -22 -25 -14 -29 -27
right_child=1 -3 -4 4 -6 -7 7 8 -10 12 11 -13 17 14 15 -17 -18 18 -20 -21 25 22 23 24 -26 29 -28 28 -30 -31
leaf_value=-0.00088384629018445023 -0.0044499485983017263 -0.00026205490536983591 -0.00077121975045252387 -5.0353514697977061e-06 -3.628429273168528e-05 0.0011953045894140158 -0.0010994793674886281 0.0019793195056368239 -0.0003902892932121381 0.00015342243958527593 0.0043278768937396878 -5.3125841793997535e-05 -0.00063856472347342081 -9.6187001415612384e-05 0.0010233941216122461 -0.00077873707525608451 -0.0067253498991445308 -0.0027740544727266293 -0.00012245348583095637 0.00015700186793642559 -0.00083861457342106205 -0.0033187613739365973 -0.0012074410450500059 -0.00066867697419813611 0.0071744443662464614 0.0031075918436629379 0.0040971747338503168 0.0049262545783570859 -0.00013200520229198108 -0.0011045778502911789
leaf_weight=4300 184 5396 599 8130 154221 698 5239 333 7460 162917 146 78484 8783 21335 111 1558 173 259 29607 20948 159 84 148 156 83 1011 156 86 14594 97
leaf_count=4300 184 5396 599 8130 154221 698 5239 333 7460 162917 146 78484 8783 21335 111 1558 173 259 29607 20948 159 84 148 156 83 1011 156 86 14594 97
internal_value=-1.28172e-05 -0.000436122 -0.0016357 -7.79952e-06 -7.27792e-05 -0.000330248 -0.000380567 -0.000614842 -0.000289034 2.5346e-05 -8.84866e-05 -4.49912e-05 6.13407e-05 0.000111126 -0.000186189 -0.00122864 -0.00369679 -6.02892e-05 4.77926e-05 0.000265986 0.00132636 -5.15043e-05 0.00107312 0.00175253 0.00286158 0.00228989 0.00171425 -0.000303087 -0.000102372 0.00273884
internal_weight=527455 6179 783 521276 176081 21860 21162 13032 7793 345195 82930 78630 262265 186094 23177 1842 284 76171 52708 23101 2153 886 627 543 395 1267 312 23463 14680 1108
internal_count=527455 6179 783 521276 176081 21860 21162 13032 7793 345195 82930 78630 262265 186094 23177 1842 284 76171 52708 23101 2153 886 627 543 395 1267 312 23463 14680 1108
is_linear=0
shrinkage=0.03


Tree=223
num_leaves=31
num_cat=0
split_feature=10 10 9 11 2 1 0 5 11 11 5 7 9 4 9 11 7 9 6 9 2 1 4 1 5 5 9 4 5 6
split_gain=1.19484 1.6808 1.7095 1.67133 1.58578 1.94518 2.29934 1.8305 1.63751 1.9071 2.61305 2.40302 1.86641 1.66436 1.56084 1.99208 1.541 2.13039 2.56107 2.10408 1.83893 2.80929 3.35673 1.82056 1.5523 2.07874 1.60744 2.13734 2.24314 3.01121
threshold=1.5000000000000002 11.500000000000002 37.050000000000004 272.50000000000006 55.750000000000007 4.5000000000000009 3.5000000000000004 8.5000000000000018 70.500000000000014 28.500000000000004 5.5000000000000009 6.5000000000000009 5.1500000000000012 5.5000000000000009 7.7500000000000009 19.500000000000004 11.500000000000002 8.5500000000000025 0.66333333333333344 3.6500000000000008 58.750000000000007 12.500000000000002 4.5000000000000009 13.500000000000002 50.500000000000007 37.500000000000007 3.9500000000000006 6.5000000000000009 9.5000000000000018 0.53033088235294124
decision_type=2 2 2 2 2 2 2 2 2 2 2 2 2 2 2 2 2 2 2 2 2 2 2 2 2 2 2 2 2 2
left_child=-1 3 4 16 5 6 -3 -6 9 12 13 -12 -7 -11 15 -9 20 18 19 -18 -2 24 23 -23 25 26 -22 28 -28 -30
right_child=1 2 -4 -5 7 8 -8 14 -10 10 11 -13 -14 -15 -16 -17 17 -19 -20 -21 21 22 -24 -25 -26 -27 27 -29 29 -31
leaf_value=-0.00018131153077036529 6.4777676865115043e-05 0.00011643005055499356 -1.4840945875373232e-05 -0.00057587391733490147 -0.0006376350536818502 -0.0012625806143498528 0.001669970084261442 -0.0020342624951754846 -0.00071676455903772274 0.0012133502329371253 -0.0021916545658998122 0.0001629340849794756 -0.0001811723811370605 0.00012553598624068826 -0.00021635179085711592 0.0016735663577611727 0.0011534031826689632 -4.0991463095096986e-05 -0.0033510680120570095 -0.00079498934394765699 -0.00032032017357119726 -0.0065479738281711058 0.00022710100605458249 -0.00097121870448422989 0.004824279007647419 -0.001199039510903614 0.0031567868818758501 0.00030851436499643799 0.00092547317526241711 0.006529728606699055
leaf_weight=35184 247421 8471 133815 3880 12965 1687 954 155 5025 2367 634 1014 9669 2721 5476 822 577 42143 311 3682 1066 136 393 86 80 525 568 2708 2831 89
leaf_count=35184 247421 8471 133815 3880 12965 1687 954 155 5025 2367 634 1014 9669 2721 5476 822 577 42143 311 3682 1066 136 393 86 80 525 568 2708 2831 89
internal_value=-1.24177e-05 -3.46372e-07 -7.1549e-05 4.28113e-05 -0.000217592 -8.95689e-05 0.00027368 -0.000432141 -0.000237668 -0.000104601 0.000295322 -0.000742897 -0.000341822 0.000631601 -1.9275e-05 0.00108532 5.07438e-05 -0.000107707 -0.000722936 -0.000531025 7.96678e-05 0.000514013 -0.0014387 -0.00438761 0.000666666 0.000623952 0.000755744 0.000940877 0.00143183 0.00109629
internal_weight=527455 492271 185775 306496 51960 32542 9425 19418 23117 18092 6736 1648 11356 5088 6453 977 302616 46713 4570 4259 255903 8482 615 222 7867 7787 7262 6196 3488 2920
internal_count=527455 492271 185775 306496 51960 32542 9425 19418 23117 18092 6736 1648 11356 5088 6453 977 302616 46713 4570 4259 255903 8482 615 222 7867 7787 7262 6196 3488 2920
is_linear=0
shrinkage=0.03


Tree=224
num_leaves=31
num_cat=0
split_feature=3 11 11 11 9 10 11 5 6 8 3 9 9 11 6 1 11 5 11 6 5 5 5 8 6 9 11 7 9 1
split_gain=1.19785 1.55557 1.56018 3.3256 3.20841 3.15518 4.69253 2.80073 2.79859 2.92119 2.82997 2.72308 5.06699 3.48954 2.74171 3.47799 2.54446 2.84787 2.48496 2.42548 2.31331 2.26654 2.41147 2.69947 2.44406 2.17487 2.14386 3.82427 3.27933 3.79257
threshold=6.2500000000000009 6.5000000000000009 28.500000000000004 64.500000000000014 25.650000000000002 11.500000000000002 42.500000000000007 32.500000000000007 0.56594202898550738 9.5000000000000018 5.5500000000000007 12.950000000000001 13.350000000000003 35.500000000000007 0.45889639639639646 6.5000000000000009 55.500000000000007 7.5000000000000009 54.500000000000007 0.76696832579185525 10.500000000000002 28.500000000000004 5.5000000000000009 13.500000000000002 0.8047619047619049 39.650000000000013 139.50000000000003 14.500000000000002 15.65 1.5000000000000002
decision_type=2 2 2 2 2 2 2 2 2 2 2 2 2 2 2 2 2 2 2 2 2 2 2 2 2 2 2 2 2 2
left_child=1 -1 19 4 11 8 -7 21 10 -10 16 -4 -13 14 -14 -16 -6 -18 -15 -3 -20 22 26 24 -24 -12 27 28 29 -5
right_child=-2 2 3 7 5 6 -8 -9 9 -11 25 12 13 18 15 -17 17 -19 20 -21 -22 -23 23 -25 -26 -27 -28 -29 -30 -31
leaf_value=0.0019398955693053505 -3.3720110420766432e-05 3.9858481526946697e-05 0.00046848442696224103 0.00290051975057926 0.001416082234689583 0.00086337951256143975 0.0068042063089527281 -0.0040500572588174572 0.0012696887121098274 -0.0054775989120421208 0.0017102463924607563 -0.0058449504311595644 0.002933993047525868 -0.0019365150305597578 -0.004285881540957181 0.002370685742863891 0.0086732420940986935 0.0017996184703885415 0.0015566458980670729 -0.00056369653361104134 -0.0022271651090412401 0.0041077570351772015 -0.00030565466315704516 0.0040226067800256541 -0.0019642534889081223 -0.0036800878035261274 -8.2110354007773574e-05 -0.0053560501874722151 0.0022017407920223845 0.0001817273135194732
leaf_weight=404 428654 37340 19620 500 584 246 233 155 116 115 129 154 454 1003 136 147 108 109 478 7138 209 120 9279 123 875 141 11707 97 1042 6039
leaf_count=404 428654 37340 19620 500 584 246 233 155 116 115 129 154 454 1003 136 147 108 109 478 7138 209 120 9279 123 875 141 11707 97 1042 6039
internal_value=-1.20153e-05 8.21523e-05 7.45248e-05 0.000183022 0.000446259 0.00167138 0.00375318 -2.78524e-05 0.000905492 -0.00208935 0.00155144 0.000347978 -0.000568076 -0.000233243 0.00148934 -0.00082823 0.00244677 0.00522059 -0.000984453 -5.70023e-05 0.00040553 -6.91887e-06 -2.35651e-05 -0.000395068 -0.000448581 -0.00110471 0.000173388 0.000562958 0.000638692 0.000389618
internal_weight=527455 98801 98397 53919 23982 1781 479 29937 1302 231 1071 22201 2581 2427 737 283 801 217 1690 44478 687 29782 29662 10277 10154 270 19385 7678 7581 6539
internal_count=527455 98801 98397 53919 23982 1781 479 29937 1302 231 1071 22201 2581 2427 737 283 801 217 1690 44478 687 29782 29662 10277 10154 270 19385 7678 7581 6539
is_linear=0
shrinkage=0.03


Tree=225
num_leaves=31
num_cat=0
split_feature=0 1 4 1 0 4 6 4 9 0 7 8 6 9 5 0 1 7 9 2 6 7 5 6 9 8 6 7 7 2
split_gain=1.18311 9.90707 5.72931 4.93834 6.52248 4.06296 3.39598 3.3761 2.9493 2.40585 1.82851 2.14558 2.09033 1.74394 3.03509 2.22003 1.69681 1.64328 2.34392 1.85603 2.56447 1.62881 2.66185 2.89987 1.901 1.62944 2.04621 1.78857 1.617 1.61577
threshold=4.5000000000000009 8.5000000000000018 6.5000000000000009 4.5000000000000009 3.5000000000000004 6.5000000000000009 0.090230664857530549 5.5000000000000009 3.0500000000000003 7.5000000000000009 14.500000000000002 11.500000000000002 0.44562647754137119 18.950000000000003 2.5000000000000004 5.5000000000000009 17.500000000000004 12.500000000000002 6.7500000000000009 58.750000000000007 0.53452380952380962 5.5000000000000009 27.500000000000004 0.10084745762711866 35.250000000000007 3.5000000000000004 0.60303030303030314 7.5000000000000009 12.500000000000002 55.250000000000007
decision_type=2 2 2 2 2 2 2 2 2 2 2 2 2 2 2 2 2 2 2 2 2 2 2 2 2 2 2 2 2 2
left_child=3 2 6 4 17 28 8 -6 -2 10 21 12 -12 14 16 -16 -3 19 -19 -1 -21 22 23 -8 -24 26 -23 29 -5 -27
right_child=1 13 -4 5 7 -7 9 -9 -10 -11 11 -13 -14 -15 15 -17 -18 18 -20 20 -22 25 24 -25 -26 27 -28 -29 -30 -31
leaf_value=1.658297854632939e-05 0.0059119200795198432 -0.00049135762163186446 5.0629637894549851e-05 -0.00041522633195169984 0.0011623054232691493 -7.8196636128415238e-05 -0.005068004900233799 0.00021416637628510771 0.0010939279468036396 0.0016899863633009409 -0.002247580754485997 -0.0050748310330452333 0.0032664733696164505 6.2998862542986155e-06 -0.00045990819981395306 -1.1685178850825169e-05 -0.0031198539363062341 -0.0018159737162094449 -0.00016393334658058127 0.00055508525018506622 0.0045322744440579529 -0.00030150207967114651 -0.0023828185121591732 0.00036243781328178183 0.0024335179114064504 0.00082238404167856913 0.0022812221613226951 0.00061568902176737089 -0.0010201764114855544 0.0024756804762955421
leaf_weight=101004 116 16697 28364 29263 6528 53947 89 7009 8031 1354 165 116 99 134346 11784 63733 224 792 32110 3149 153 1803 518 15799 86 957 326 3093 4602 1198
leaf_count=101004 116 16697 28364 29263 6528 53947 89 7009 8031 1354 165 116 99 134346 11784 63733 224 792 32110 3149 153 1803 518 15799 86 957 326 3093 4602 1198
internal_value=-1.15946e-05 2.92341e-05 0.00036492 -6.1039e-05 4.31379e-05 -0.000239877 0.000629054 0.000671391 0.00116253 0.0004593 0.000390582 -0.00167408 -0.00017981 -6.27071e-05 -0.000162999 -8.16278e-05 -0.000526154 -1.88459e-05 -0.0002037 3.94642e-05 0.000739371 0.000423452 0.000257706 0.000332018 -0.00169705 0.000793993 9.39738e-05 0.00107798 -0.000497435 0.00174148
internal_weight=527455 288898 62114 238557 150745 87812 33750 13537 8147 25603 24249 380 264 226784 92438 75517 16921 137208 32902 104306 3302 23869 16492 15888 604 7377 2129 5248 33865 2155
internal_count=527455 288898 62114 238557 150745 87812 33750 13537 8147 25603 24249 380 264 226784 92438 75517 16921 137208 32902 104306 3302 23869 16492 15888 604 7377 2129 5248 33865 2155
is_linear=0
shrinkage=0.03


Tree=226
num_leaves=31
num_cat=0
split_feature=7 11 6 1 6 0 10 11 10 6 1 0 5 11 11 1 1 0 4 0 1 0 1 2 1 0 1 1 6 4
split_gain=1.17967 2.5907 2.61021 3.0199 2.247 3.329 2.57271 2.07363 2.44494 2.0963 1.8921 3.44877 2.62565 1.82809 1.82493 2.33897 1.69491 1.73686 1.69425 3.10726 4.77516 2.9556 6.04935 3.73323 2.92962 3.83317 4.2598 2.90894 4.38404 4.49349
threshold=2.5000000000000004 8.5000000000000018 0.31311274509803927 2.5000000000000004 0.48074074074074075 3.5000000000000004 11.500000000000002 40.500000000000007 3.5000000000000004 0.10582306830907055 7.5000000000000009 5.5000000000000009 20.500000000000004 134.50000000000003 7.5000000000000009 7.5000000000000009 4.5000000000000009 3.5000000000000004 3.5000000000000004 3.5000000000000004 5.5000000000000009 5.5000000000000009 8.5000000000000018 50.250000000000007 2.5000000000000004 2.5000000000000004 4.5000000000000009 3.5000000000000004 0.37089947089947095 1.5000000000000002
decision_type=2 2 2 2 2 2 2 2 2 2 2 2 2 2 2 2 2 2 2 2 2 2 2 2 2 2 2 2 2 2
left_child=1 4 3 -3 5 -1 -6 9 -9 -5 11 16 -13 -12 15 -7 17 -4 19 24 -21 -22 -23 -24 -2 27 -27 28 29 -26
right_child=18 2 10 7 6 14 -8 8 -10 -11 13 12 -14 -15 -16 -17 -18 -19 -20 20 21 22 23 -25 25 26 -28 -29 -30 -31
leaf_value=-0.0025828174064570866 0.00021803669458876263 -0.0017516026529490569 6.7292384043879047e-05 -0.0029430721833539958 0.0037065277479929686 0.0068584524324307068 -0.0013729610905644641 -0.0026523078068151529 -0.00057373468562615438 3.5008026623349725e-05 -0.00017612513399646845 0.0012997617594958431 -0.0028577888999219187 -0.0010970545527067153 -0.0013075992698501145 0.0013123019379607918 -0.00030785853004555204 0.0010080788501255161 -1.8674681900507097e-05 0.0011071328489892262 -0.00020844452569450839 0.0011996200221040542 0.0055450174246767635 0.00010387200742037216 -0.0066994323228593477 0.00063393091748408512 -0.00070786721086457812 -0.00032669574055177187 -0.00057456310971650026 -0.0021987997509394083
leaf_weight=264 11060 1646 16084 220 436 91 113 641 2479 6435 27358 2701 144 2088 143 276 10557 1984 379932 5504 13075 5837 114 25224 251 4047 4494 2071 1210 976
leaf_count=264 11060 1646 16084 220 436 91 113 641 2479 6435 27358 2701 144 2088 143 276 10557 1984 379932 5504 13075 5837 114 25224 251 4047 4494 2071 1210 976
internal_value=-1.11916e-05 -0.00012255 -0.000146611 -0.000562801 0.00119302 0.000151762 0.00266102 -0.000362621 -0.00100077 -6.34409e-05 -6.85805e-05 9.315e-05 0.00108933 -0.000241428 0.00156731 0.00268751 -5.85863e-06 0.000170598 6.88411e-06 0.000138352 0.0002738 0.000170146 0.00032893 0.000128353 -0.000141173 -0.00044563 -7.20802e-05 -0.00115337 -0.00185589 -0.00311947
internal_weight=527455 73660 72337 11421 1323 774 549 9775 3120 6655 60916 31470 2845 29446 510 367 28625 18068 453795 73863 49754 44250 31175 25338 24109 13049 8541 4508 2437 1227
internal_count=527455 73660 72337 11421 1323 774 549 9775 3120 6655 60916 31470 2845 29446 510 367 28625 18068 453795 73863 49754 44250 31175 25338 24109 13049 8541 4508 2437 1227
is_linear=0
shrinkage=0.03


Tree=227
num_leaves=31
num_cat=0
split_feature=1 10 3 3 10 11 2 9 9 9 9 3 3 2 9 5 9 11 11 8 10 10 3 9 11 1 7 10 5 11
split_gain=1.15493 1.35565 1.91018 1.15546 1.23789 1.38882 2.91373 4.35947 1.73055 1.43506 2.32944 1.68731 1.37599 1.34913 2.28655 2.36114 3.47784 1.43924 2.0703 2.19063 2.5251 1.81551 1.66965 1.38593 1.27193 2.46712 1.89275 1.7369 1.25571 1.90253
threshold=16.500000000000004 2.5000000000000004 5.0500000000000007 291.85000000000008 1.5000000000000002 26.500000000000004 53.500000000000007 7.9500000000000011 2.1500000000000008 2.5500000000000003 3.1500000000000008 4.9500000000000011 3.0500000000000003 53.500000000000007 25.650000000000002 9.5000000000000018 3.3500000000000001 15.500000000000002 33.500000000000007 2.5000000000000004 5.5000000000000009 5.5000000000000009 1.9500000000000002 4.0500000000000007 63.500000000000007 9.5000000000000018 2.5000000000000004 3.5000000000000004 10.500000000000002 27.500000000000004
decision_type=2 2 2 2 2 2 2 2 2 2 2 2 2 2 2 2 2 2 2 2 2 2 2 2 2 2 2 2 2 2
left_child=3 2 -2 4 5 6 7 -1 -8 -10 11 -11 13 14 15 17 -17 21 19 -19 -21 23 -20 -6 26 27 -24 -26 -7 -30
right_child=1 -3 -4 -5 12 28 8 -9 9 10 -12 -13 -14 -15 -16 16 -18 18 22 20 -22 -23 24 -25 25 -27 -28 -29 29 -31
leaf_value=-0.0042539531372868542 -0.0043469875090356375 -0.00024928083691266265 -0.00079010950078363265 -0.00021628801769038534 -0.0019672744191385869 7.2514562514896104e-05 -0.0031792993965824054 -0.00053540113193431148 0.0030612262028735129 -0.0054419965321866387 -0.00013468683701118431 -0.0004269293275391257 3.8806723866285437e-06 0.00016802602632302413 0.0041762436888023767 0.0085455429706998969 0.00074412284666323101 0.00037831542250352885 0.0021911303873492194 0.0070676909742905985 0.00095656368616518794 -0.0047360872634130326 -0.0052656228314266786 0.0031476472769281826 -0.00068191406049547673 -0.0042286077466021045 0.00049946707707033099 0.0053322461328352807 0.0020233893891068166 -0.00045327147713630111
leaf_weight=440 175 5396 608 22497 118 18355 179 799 120 131 6033 112 438302 23922 184 80 144 316 158 128 116 108 134 80 94 82 83 80 289 8192
leaf_count=440 175 5396 608 22497 118 18355 179 799 120 131 6033 112 438302 23922 184 80 144 316 158 128 116 108 134 80 94 82 83 80 289 8192
internal_value=-1.08128e-05 -0.000418551 -0.00158507 -5.97961e-06 3.50617e-06 -0.000169466 -0.000521443 -0.00185595 -0.000269967 -0.000188545 -0.000250682 -0.00313053 1.64196e-05 0.000229213 0.00099757 0.000657723 0.00353034 0.000227885 0.000699386 0.0020271 0.0041624 -0.00160727 -0.000478931 9.93606e-05 -0.00137083 6.14607e-05 -0.00306054 0.00208322 -6.69785e-05 -0.000368876
internal_weight=527455 6179 783 521276 498779 34650 7814 1239 6575 6396 6276 243 464129 25827 1905 1721 224 1497 1191 560 244 306 631 198 473 256 217 174 26836 8481
internal_count=527455 6179 783 521276 498779 34650 7814 1239 6575 6396 6276 243 464129 25827 1905 1721 224 1497 1191 560 244 306 631 198 473 256 217 174 26836 8481
is_linear=0
shrinkage=0.03


Tree=228
num_leaves=31
num_cat=0
split_feature=7 3 6 1 0 1 6 2 6 1 1 6 3 3 6 10 2 0 6 6 3 10 1 6 0 3 3 6 3 6
split_gain=1.12791 2.2778 2.26581 3.55393 1.70365 2.22265 2.20551 2.14015 1.84539 2.02019 2.53328 5.87781 2.61766 2.11153 1.78626 1.97394 4.15033 2.6492 2.78287 1.73061 1.71256 2.61647 1.71198 2.59614 2.58621 2.50706 2.78628 2.73983 2.78127 3.0394
threshold=2.5000000000000004 3.8500000000000001 0.31311274509803927 2.5000000000000004 2.5000000000000004 4.5000000000000009 0.8047619047619049 58.750000000000007 0.78019323671497598 3.5000000000000004 2.5000000000000004 0.39791666666666675 2.9500000000000006 3.1500000000000008 0.70710784313725505 2.5000000000000004 52.500000000000007 7.5000000000000009 0.28416149068322988 0.66333333333333344 2.1500000000000008 10.500000000000002 10.500000000000002 0.38935969868173265 7.5000000000000009 3.5500000000000003 3.1500000000000008 0.38548951048951058 2.3500000000000001 0.50531914893617025
decision_type=2 2 2 2 2 2 2 2 2 2 2 2 2 2 2 2 2 2 2 2 2 2 2 2 2 2 2 2 2 2
left_child=2 4 3 -1 7 20 14 8 9 10 -2 12 -12 -11 15 22 17 18 -17 -13 -6 -22 25 24 -24 26 27 -7 -29 -30
right_child=1 -3 -4 -5 5 6 -8 -9 -10 13 11 19 -14 -15 -16 16 -18 -19 -20 -21 21 -23 23 -25 -26 -27 -28 28 29 -31
leaf_value=-0.0017681413795778498 -0.00044190618080870334 -9.0395776678291235e-06 -4.654967687146545e-05 -0.00028655776396633334 -0.00028936708974674124 0.001483303465994392 -0.00066590700629600048 0.0031099487339310782 0.0012177277108905208 -0.00039057358252082266 -0.0089058836694718806 0.0017537404439685309 -0.0030964329120132233 0.0034070782383282977 0.0015597771309472349 0.0063928076690062882 0.00041936181744629467 0.0084263472639334695 0.00025834044397120645 -0.003069960170127835 0.00095415217768986824 0.0033427832531500216 0.00072793154024405969 0.0012792865647061262 -0.0046450362875070797 -0.0028177939611322739 0.0015030005883248702 0.00018956988298801785 -0.0046384292136776185 -0.00082900156848832336
leaf_weight=1702 3244 428668 61830 10128 526 329 1934 170 621 318 127 216 155 225 1125 100 9977 81 199 97 1456 576 173 1100 151 425 569 479 377 377
leaf_count=1702 3244 428668 61830 10128 526 329 1934 170 621 318 127 216 155 225 1125 100 9977 81 199 97 1456 576 173 1100 151 425 569 479 377 377
internal_value=-1.04416e-05 7.23309e-06 -0.000119329 -0.000499715 0.000284846 0.000410622 0.000289208 -0.000200314 -0.000312796 -0.000529696 -0.00077195 -0.00257138 -0.00571275 0.00118304 0.000408675 0.00031835 0.000536564 0.00361375 0.00231 0.000258856 0.00123631 0.00163124 -0.000249502 0.000584092 -0.00177614 -0.000713915 -0.000294323 -0.000949046 -0.00159807 -0.00273372
internal_weight=527455 453795 73660 11830 25127 19954 17396 5173 5003 4382 3839 595 282 543 15462 14337 10357 380 299 313 2558 2032 3980 1424 324 2556 2131 1562 1233 754
internal_count=527455 453795 73660 11830 25127 19954 17396 5173 5003 4382 3839 595 282 543 15462 14337 10357 380 299 313 2558 2032 3980 1424 324 2556 2131 1562 1233 754
is_linear=0
shrinkage=0.03


Tree=229
num_leaves=31
num_cat=0
split_feature=0 1 3 1 0 4 6 8 3 0 6 11 6 11 3 11 11 5 6 5 11 2 5 11 11 3 3 6 5 2
split_gain=1.10076 9.2322 5.90014 4.64076 6.01268 3.8341 3.51543 4.07233 3.28906 2.85195 2.82485 5.26112 2.82668 3.45236 3.53414 2.52024 3.22795 2.5998 2.46996 2.3783 2.18912 2.1211 5.03866 1.89955 2.8662 2.15043 2.41715 1.88547 1.81989 1.79911
threshold=4.5000000000000009 8.5000000000000018 21.350000000000005 4.5000000000000009 3.5000000000000004 6.5000000000000009 0.12613636363636366 1.5000000000000002 7.2500000000000009 7.5000000000000009 0.38548951048951058 14.500000000000002 0.61651583710407254 42.500000000000007 5.9500000000000011 7.5000000000000009 16.500000000000004 7.5000000000000009 0.53033088235294124 14.500000000000002 56.500000000000007 53.500000000000007 10.500000000000002 84.500000000000014 65.500000000000014 3.0500000000000003 4.6500000000000012 0.46247654784240161 11.500000000000002 54.250000000000007
decision_type=2 2 2 2 2 2 2 2 2 2 2 2 2 2 2 2 2 2 2 2 2 2 2 2 2 2 2 2 2 2
left_child=3 2 6 4 -1 -5 7 -2 10 15 11 -6 13 14 27 17 21 -8 20 28 -15 22 -17 24 25 -14 -27 -12 29 -13
right_child=1 -3 -4 5 8 -7 9 -9 -10 -11 12 19 23 18 -16 16 -18 -19 -20 -21 -22 -23 -24 -25 -26 26 -28 -29 -30 -31
leaf_value=-1.6307315724756585e-05 0.0058312377182936125 -5.9464403076683954e-05 3.093159219416986e-05 -0.0004813487890298749 0.0066642161125077979 -7.4089881394685917e-05 -0.00036940761749926758 0.0010690892107312702 0.00033941916653189416 0.0018701921893087201 -0.00477346445309333 0.0033676315139412084 9.6059141617436754e-05 0.0070061828393760753 0.00297359675403655 -0.003992374862991757 0.00048623197687265926 0.0042855790627916871 -0.0017180333676105233 -0.00098476743304802637 0.0016060560979413011 -0.0001839005860835814 0.0027619175464887891 -0.00099885229980818126 0.0062547531137492375 0.0050934810472316426 0.00066859992111430449 -0.0013003910025930962 0.0058656206394412684 0.00082835630125059655
leaf_weight=137208 165 226784 28031 33865 218 53947 171 7876 9460 1212 217 418 423 90 127 385 20580 293 142 252 271 3267 134 190 140 244 204 400 112 629
leaf_count=137208 165 226784 28031 33865 218 53947 171 7876 9460 1212 217 418 423 90 127 385 20580 293 142 252 271 3267 134 190 140 244 204 400 112 629
internal_value=-1.0092e-05 2.929e-05 0.000353341 -5.77845e-05 4.32048e-05 -0.000231151 0.000618501 0.00116681 0.000646406 0.0004492 0.00135872 0.00232676 0.000714545 -0.000285898 -0.00158381 0.000379838 0.00033813 0.00257006 0.00163387 0.00165662 0.00295235 -0.000466923 -0.00224849 0.00175331 0.00227053 0.00163012 0.00307858 -0.00252188 0.00223094 0.00184213
internal_weight=527455 288898 62114 238557 150745 87812 34083 8041 13537 26042 4077 1629 2448 1247 744 24830 24366 464 503 1411 361 3786 519 1201 1011 871 448 617 1159 1047
internal_count=527455 288898 62114 238557 150745 87812 34083 8041 13537 26042 4077 1629 2448 1247 744 24830 24366 464 503 1411 361 3786 519 1201 1011 871 448 617 1159 1047
is_linear=0
shrinkage=0.03


Tree=230
num_leaves=31
num_cat=0
split_feature=11 10 2 5 3 11 9 9 8 3 5 6 9 11 11 8 9 3 11 2 11 5 9 8 9 5 3 10 1 10
split_gain=1.09932 1.86999 1.74143 1.77422 1.82831 2.25913 2.30855 3.40862 2.49091 1.75589 2.43704 1.75546 2.34098 1.5641 1.54796 2.98334 2.94361 2.40107 2.50669 2.74523 2.22896 4.02169 4.48544 2.91499 6.40773 2.8659 2.85539 3.41664 3.14324 2.2677
threshold=69.500000000000014 2.5000000000000004 59.250000000000007 5.5000000000000009 5.3500000000000005 224.50000000000003 19.550000000000004 14.750000000000002 5.5000000000000009 9.2500000000000018 14.500000000000002 0.37965517241379315 4.3500000000000005 183.50000000000003 18.500000000000004 1.5000000000000002 2.7500000000000004 8.4500000000000011 19.500000000000004 56.750000000000007 51.500000000000007 5.5000000000000009 17.750000000000004 10.500000000000002 35.850000000000001 12.500000000000002 6.0500000000000007 4.5000000000000009 7.5000000000000009 9.5000000000000018
decision_type=2 2 2 2 2 2 2 2 2 2 2 2 2 2 2 2 2 2 2 2 2 2 2 2 2 2 2 2 2 2
left_child=14 2 3 -2 5 6 7 8 11 10 -4 12 -5 -13 15 -1 -17 18 19 -16 29 22 -22 24 -23 -25 27 -24 -29 -20
right_child=1 -3 9 4 -6 -7 -8 -9 -10 -11 -12 13 -14 -15 17 16 -18 -19 20 -21 21 23 26 25 -26 -27 -28 28 -30 -31
leaf_value=-0.00085733885020243853 -3.1333070407008843e-05 -3.3778492679040489e-05 0.0068912423628623059 0.0030784825992843786 -0.00038237583500622748 0.0022167720402518432 0.0015792755543952808 -0.006712749666600887 0.0032492677253292928 -0.00044501887550789187 0.0011923347630654461 -0.001655711818778066 -0.0021226106859743594 -0.0054841444886522366 0.0012209316267762916 0.0041775497026439448 -5.728039668909741e-05 4.0441993783505077e-07 0.00020728574686015099 0.006869417529591579 0.00082760358791423585 8.9534769937705172e-05 0.0010753647351216997 0.0059360948731065595 -0.0060469608770825772 0.000108418887337813 0.0012747313310434152 0.0037626553564629652 0.010143269619285843 -0.00024178726156954197
leaf_weight=4338 8236 156363 89 162 9725 167 224 112 101 330 280 2427 150 100 384 148 79172 190959 49202 97 4503 6239 134 148 157 156 333 141 137 12741
leaf_count=4338 8236 156363 89 162 9725 167 224 112 101 330 280 2427 150 100 384 148 79172 190959 49202 97 4503 6239 134 148 157 156 333 141 137 12741
internal_value=-9.72465e-06 -7.02893e-05 -0.000328577 -0.000376699 -0.00059271 -0.00118681 -0.00136032 -0.00157607 -0.00138038 0.00114495 0.00256687 -0.00154509 0.000577957 -0.00180721 2.12469e-05 -9.12747e-05 -4.93788e-05 5.67246e-05 0.000201333 0.00236002 0.000187281 0.000562449 0.00118435 7.53269e-05 -6.10953e-05 0.00294558 0.0033406 0.00501034 0.00690706 0.000114916
internal_weight=527455 178466 22103 21404 13168 3443 3276 3052 2940 699 369 2839 312 2527 348989 83658 79320 265331 74372 481 73891 11948 5248 6700 6396 304 745 412 278 61943
internal_count=527455 178466 22103 21404 13168 3443 3276 3052 2940 699 369 2839 312 2527 348989 83658 79320 265331 74372 481 73891 11948 5248 6700 6396 304 745 412 278 61943
is_linear=0
shrinkage=0.03


Tree=231
num_leaves=31
num_cat=0
split_feature=7 11 6 11 3 3 2 3 6 0 9 0 8 11 6 6 11 5 6 9 11 11 0 11 5 11 9 9 5 8
split_gain=1.08464 2.50541 2.36146 2.40155 2.54088 2.15657 4.43363 2.58255 2.14374 3.14357 1.97382 1.9354 3.17435 2.57821 1.95132 1.89413 1.8208 1.80851 1.85182 1.71469 1.76148 1.6659 1.58054 1.54267 5.1941 1.77456 2.19665 1.94123 2.25548 2.136
threshold=2.5000000000000004 8.5000000000000018 0.31311274509803927 40.500000000000007 27.050000000000004 2.5500000000000003 54.250000000000007 1.9500000000000002 0.48074074074074075 3.5000000000000004 4.6500000000000012 4.5000000000000009 2.5000000000000004 103.50000000000001 0.7231800766283526 0.63818181818181829 83.500000000000014 6.5000000000000009 0.28416149068322988 1.7500000000000002 22.500000000000004 22.500000000000004 5.5000000000000009 21.500000000000004 5.5000000000000009 77.500000000000014 20.250000000000004 10.750000000000002 1.5000000000000002 1.5000000000000002
decision_type=2 2 2 2 2 2 2 2 2 2 2 2 2 2 2 2 2 2 2 2 2 2 2 2 2 2 2 2 2 2
left_child=1 8 3 -3 16 6 23 10 9 -1 -8 -9 13 15 22 -13 -5 -11 -19 20 -4 -12 -14 24 -2 26 27 28 -25 -30
right_child=5 2 19 4 -6 -7 7 11 -10 17 21 12 14 -15 -16 -17 -18 18 -20 -21 -22 -23 -24 25 -26 -27 -28 -29 29 -31
leaf_value=-0.0024968163710383864 -0.0041127702184532893 -0.00023929184352746235 -0.00073983043542643007 -0.0023993419683709201 -7.1619188126969494e-05 -8.283082801263997e-07 0.0011519731992579796 0.00070249885558763706 0.0026114407912929813 -0.0015501244391396085 -0.0034403223575758079 -0.00093806391178364473 0.00030153844484411615 0.0056012337306405565 0.0067659037869266594 0.0020404027449734624 -0.00069285989615301528 0.0050438696131953646 0.00080644932617287201 -0.0001059829001645432 0.000892673384680428 -0.00022543187041487982 0.0034748565449249937 0.004686417192966137 0.0020820703477534637 -0.00087853561400132402 0.0053856674734310342 -0.0036142140476407539 -0.0016970101444582853 0.001762652890159851
leaf_weight=264 346 7800 746 1472 1238 445780 898 1500 549 128 175 464 179 92 129 328 911 159 223 57234 2936 848 670 119 188 1247 87 97 294 354
leaf_count=264 346 7800 746 1472 1238 445780 898 1500 549 128 175 464 179 92 129 328 911 159 223 57234 2936 848 670 119 188 1247 87 97 294 354
internal_value=-9.39135e-06 -0.00011617 -0.000139832 -0.000535695 -0.00117418 7.94099e-06 0.000495674 0.00100307 0.00117757 0.000160514 0.000125585 0.00150446 0.0021505 0.000847629 0.00332815 0.000295442 -0.00174697 0.00153607 0.00257019 -6.56125e-05 0.000561916 -0.000775389 0.00280581 -0.000485508 -0.00193182 -0.00013413 0.000841973 0.000384448 0.000890146 0.000192991
internal_weight=527455 73660 72337 11421 3621 453795 8015 5283 1323 774 1921 3362 1862 884 978 792 2383 510 382 60916 3682 1023 849 2732 534 2198 951 864 767 648
internal_count=527455 73660 72337 11421 3621 453795 8015 5283 1323 774 1921 3362 1862 884 978 792 2383 510 382 60916 3682 1023 849 2732 534 2198 951 864 767 648
is_linear=0
shrinkage=0.03


Tree=232
num_leaves=31
num_cat=0
split_feature=1 0 1 4 1 0 4 1 4 9 7 2 7 6 9 7 9 2 6 5 8 6 1 5 10 5 2 4 5 8
split_gain=1.0891 1.32476 7.84721 4.48983 2.98315 5.84991 2.71589 2.81524 2.70799 2.49402 2.00029 2.43768 1.97128 4.3928 2.78489 1.82008 2.62682 2.03292 2.87076 2.09147 2.46295 3.09509 1.76175 2.20127 2.03826 3.09214 3.81424 2.47316 3.72018 4.27432
threshold=16.500000000000004 5.5000000000000009 8.5000000000000018 6.5000000000000009 6.5000000000000009 3.5000000000000004 5.5000000000000009 4.5000000000000009 7.5000000000000009 136.55000000000004 12.500000000000002 53.500000000000007 3.5000000000000004 0.35653753026634388 68.15000000000002 12.500000000000002 8.5500000000000025 58.750000000000007 0.53452380952380962 7.5000000000000009 1.5000000000000002 0.87867647058823539 9.5000000000000018 17.500000000000004 2.5000000000000004 16.500000000000004 56.750000000000007 3.5000000000000004 8.5000000000000018 1.5000000000000002
decision_type=2 2 2 2 2 2 2 2 2 2 2 2 2 2 2 2 2 2 2 2 2 2 2 2 2 2 2 2 2 2
left_child=1 4 3 12 5 15 7 -7 10 -9 11 -6 13 14 -3 17 -17 19 -19 -1 21 -21 23 -13 25 26 -24 28 29 -26
right_child=-2 2 -4 -5 8 6 -8 9 -10 -11 -12 22 -14 -15 -16 16 -18 18 -20 20 -22 -23 24 -25 27 -27 -28 -29 -30 -31
leaf_value=7.9148633478101513e-05 -0.00040509097101669976 -0.0014464681700473174 -2.1778441765054354e-05 6.4073094718600565e-05 -0.00099793608641860734 0.0010947063505328961 0.00011457614003048278 0.00028525110534525838 -4.1970331797254046e-05 0.0040656641406832993 -0.00089652793141212239 -0.00020469975680415342 0.0010397612724900348 0.0007826445603619633 0.0039517592995063121 -0.0014644216277294216 -0.0001891397415656247 0.00052700775725793498 0.0046705266514710519 -0.00099402664597596701 -0.00010790274887832559 0.0038345152823532724 -0.0023424756542507344 -0.0011168768514358315 -0.0012859051504648302 0.0033593286814207171 0.0018766782794280251 1.6507419623608971e-06 -0.00068339860647434166 0.003292543801783082
leaf_weight=72122 6179 1321 183967 12818 3864 6528 25083 12867 48428 159 5703 21862 11344 5434 92 1507 41062 3165 158 4171 51548 123 811 2672 227 143 253 2392 494 958
leaf_count=72122 6179 1321 183967 12818 3864 6528 25083 12867 48428 159 5703 21862 11344 5434 92 1507 41062 3165 158 4171 51548 123 811 2672 227 143 253 2392 494 958
internal_value=-9.14404e-06 -4.45065e-06 5.26361e-05 0.000494115 -4.45168e-05 1.48346e-05 0.000321189 0.000586223 -0.000192203 0.000331396 -0.000376958 -0.000288969 0.000797137 0.000395161 -0.00109499 -6.3821e-05 -0.000234286 -8.54868e-06 0.000724021 -2.75722e-05 -0.000165406 -0.000855715 -0.000197078 -0.000304045 0.000300141 -0.000782572 -0.00133924 0.000621151 0.00150373 0.00241549
internal_weight=527455 521276 214976 31009 306300 218493 44637 19554 87807 13026 39379 33676 18191 6847 1413 173856 42569 131287 3323 127964 55842 4294 29812 24534 5278 1207 1064 4071 1679 1185
internal_count=527455 521276 214976 31009 306300 218493 44637 19554 87807 13026 39379 33676 18191 6847 1413 173856 42569 131287 3323 127964 55842 4294 29812 24534 5278 1207 1064 4071 1679 1185
is_linear=0
shrinkage=0.03


Tree=233
num_leaves=31
num_cat=0
split_feature=10 10 3 9 2 11 10 9 9 6 2 3 6 10 9 9 6 6 0 6 2 11 6 11 1 9 2 1 0 11
split_gain=1.09352 1.57388 1.78301 3.88272 3.13688 3.01701 2.98334 2.78361 1.96307 3.0116 2.51691 5.19515 2.1238 1.87832 1.65821 1.64689 1.88314 1.95535 2.35966 2.10804 1.63929 1.58679 2.23339 1.56394 1.79034 2.6439 1.49211 1.77876 1.98909 1.53575
threshold=1.5000000000000002 11.500000000000002 3.0500000000000003 9.1500000000000004 57.250000000000007 41.500000000000007 8.5000000000000018 11.950000000000001 4.4500000000000011 0.75500000000000012 53.500000000000007 2.7500000000000004 0.8047619047619049 5.5000000000000009 37.050000000000004 10.750000000000002 0.73030303030303034 0.61651583710407254 5.5000000000000009 0.39791666666666675 54.250000000000007 14.500000000000002 0.4156504065040651 28.500000000000004 8.5000000000000018 10.15 55.750000000000007 4.5000000000000009 3.5000000000000004 70.500000000000014
decision_type=2 2 2 2 2 2 2 2 2 2 2 2 2 2 2 2 2 2 2 2 2 2 2 2 2 2 2 2 2 2
left_child=-1 2 3 8 5 21 15 -6 -2 10 11 13 -11 -10 26 -7 17 18 19 -17 -14 22 -5 24 25 -23 27 28 -3 -29
right_child=1 14 -4 4 7 6 -8 -9 9 12 -12 -13 20 -15 -16 16 -18 -19 -20 -21 -22 23 -24 -25 -26 -27 -28 29 -30 -31
leaf_value=-0.00017034758786649358 0.00037885260501955193 0.00011532896985680938 2.6039230723316106e-05 0.0058685782314713136 0.0091721824281848965 0.0022071166629120047 0.0047792270843838823 0.002469115755362588 0.0064168976991322265 -0.0057182025948987521 -0.0002925843210416977 -0.0026191100131042976 -0.0038898304162472983 0.00090624491546165056 -1.0275137290025349e-05 -0.0067101896159975595 0.0023006709082586565 -0.0061645277348340152 0.0012515641155763793 -0.00097059735416698807 -1.8868539684816545e-06 -0.0050361596115155493 0.00066044511107727884 0.0037189602358445812 0.0023708577170143308 0.0006287842422216779 -0.00041807775481639953 -9.85328392757032e-05 0.0015602603238647065 -0.00069137050862973139
leaf_weight=35184 11067 8471 287694 182 80 113 87 184 178 133 4166 132 151 81 133815 101 88 102 164 134 276 86 125 208 426 538 19418 18092 954 5025
leaf_count=35184 11067 8471 287694 182 80 113 87 184 178 133 4166 132 151 81 133815 101 88 102 164 134 276 86 125 208 426 538 19418 18092 954 5025
internal_value=-8.77348e-06 2.77468e-06 4.45371e-05 0.000327578 0.00139946 0.00105169 -0.000460911 0.00450035 0.000154186 -0.000331722 -7.65888e-05 0.00222479 -0.00240787 0.00469349 -6.6126e-05 -0.00111033 -0.00174678 -0.00245771 -0.00151011 -0.0034374 -0.00137678 0.00181428 0.003748 0.00134237 0.000871582 -0.000151961 -0.000209961 -8.57769e-05 0.000261585 -0.000227399
internal_weight=527455 492271 306496 18802 2618 2354 789 264 16184 5117 4557 391 560 259 185775 702 589 501 399 235 427 1565 307 1258 1050 624 51960 32542 9425 23117
internal_count=527455 492271 306496 18802 2618 2354 789 264 16184 5117 4557 391 560 259 185775 702 589 501 399 235 427 1565 307 1258 1050 624 51960 32542 9425 23117
is_linear=0
shrinkage=0.03


Tree=234
num_leaves=31
num_cat=0
split_feature=7 5 3 5 5 3 2 9 2 7 4 0 1 9 2 1 1 3 9 5 3 5 9 5 2 5 8 9 10 1
split_gain=1.05757 2.12813 2.02695 1.9893 2.30301 4.19637 1.99239 1.96207 1.64828 2.24658 1.6744 1.57623 2.06843 2.10811 1.98871 1.71727 3.13625 4.02208 3.21056 1.92359 1.88695 1.67759 3.04481 1.94709 3.42263 3.26135 2.4359 3.78085 3.00643 2.44855
threshold=2.5000000000000004 19.500000000000004 3.8500000000000001 42.500000000000007 37.500000000000007 5.7500000000000009 58.750000000000007 1.7500000000000002 57.750000000000007 9.5000000000000018 1.5000000000000002 2.5000000000000004 4.5000000000000009 1.9500000000000002 58.750000000000007 3.5000000000000004 2.5000000000000004 3.5500000000000003 10.350000000000003 6.5000000000000009 3.1500000000000008 21.500000000000004 12.750000000000002 7.5000000000000009 55.250000000000007 3.5000000000000004 1.5000000000000002 3.9500000000000006 3.5000000000000004 10.500000000000002
decision_type=2 2 2 2 2 2 2 2 2 2 2 2 2 2 2 2 2 2 2 2 2 2 2 2 2 2 2 2 2 2
left_child=1 7 11 4 -3 -6 -5 -1 10 -10 -4 14 13 -13 15 16 -2 18 19 -18 -17 23 -23 25 -25 26 29 -28 -29 -14
right_child=2 3 8 6 5 -7 -8 -9 9 -11 -12 12 21 -15 -16 20 17 -19 -20 -21 -22 22 -24 24 -26 -27 27 28 -30 -31
leaf_value=0.00061100634830946947 -0.00016975446115266769 -0.00061496757249496713 -0.00086610731522091422 -0.00071037928056385776 -0.0090184735759560545 -0.0006334722203971356 0.0059232786706671483 -0.0001036249268969258 0.00040552435223884328 -0.00013464923875019426 -1.8360986894819318e-05 0.0050363726272690491 -8.7214767488396968e-05 0.00099526833053791529 0.0029948223648962619 -0.00019636688557116228 -0.00011951662837466422 0.0025978752151131629 -0.006624238259695151 -0.0045675337718944003 0.0031731962909301117 0.0033720219995825194 -0.0022881230682833121 -0.0013597995187737979 0.00032376721515429085 0.0010531651190230904 0.0029864141656687731 -0.0015930274395717647 0.00035037788110685802 -0.0028385312172848681
leaf_weight=3656 3703 5847 2108 81 84 149 82 63761 18965 10919 396676 122 726 2436 170 368 228 120 190 142 252 362 112 1720 2952 4617 432 832 5157 486
leaf_count=3656 3703 5847 2108 81 84 149 82 63761 18965 10919 396676 122 726 2436 170 368 228 120 190 142 252 362 112 1720 2952 4617 432 832 5157 486
internal_value=-8.50269e-06 -0.000113941 8.61201e-06 -0.000643839 -0.000731522 -0.00365639 0.0026268 -6.48707e-05 -6.73851e-06 0.000208156 -2.28422e-05 0.000270493 0.000391474 0.001188 -0.000196172 -0.000304601 -0.000513644 -0.00238632 -0.00345437 -0.00182659 0.0011732 0.000274348 0.0020346 0.000225042 -0.000296039 0.000423776 4.30744e-05 0.000275912 8.03974e-05 -0.00119047
internal_weight=527455 73660 453795 6243 6080 233 163 67417 428668 29884 398784 25127 19954 2558 5173 5003 4383 680 560 370 620 17396 474 16922 4672 12250 7633 6421 5989 1212
internal_count=527455 73660 453795 6243 6080 233 163 67417 428668 29884 398784 25127 19954 2558 5173 5003 4383 680 560 370 620 17396 474 16922 4672 12250 7633 6421 5989 1212
is_linear=0
shrinkage=0.03


Tree=235
num_leaves=31
num_cat=0
split_feature=3 7 11 6 1 6 0 10 11 10 6 3 11 3 3 11 6 10 10 5 8 1 1 5 10 0 11 1 9 0
split_gain=1.04806 1.21168 2.40348 2.20737 2.71894 2.05077 2.989 2.47928 1.86916 2.28901 1.98917 1.91961 2.95779 1.8427 2.30057 1.96427 3.55978 5.19047 3.45831 2.96378 2.91832 3.88768 2.55335 2.12289 1.76211 3.25761 2.25639 2.15542 3.18345 2.11098
threshold=291.85000000000008 2.5000000000000004 8.5000000000000018 0.31311274509803927 2.5000000000000004 0.48074074074074075 3.5000000000000004 11.500000000000002 40.500000000000007 3.5000000000000004 0.10582306830907055 12.950000000000001 91.500000000000014 2.5500000000000003 2.1500000000000008 21.500000000000004 0.76696832579185525 2.5000000000000004 9.5000000000000018 3.5000000000000004 2.5000000000000004 8.5000000000000018 8.5000000000000018 4.5000000000000009 3.5000000000000004 3.5000000000000004 51.500000000000007 6.5000000000000009 10.350000000000003 2.5000000000000004
decision_type=2 2 2 2 2 2 2 2 2 2 2 2 2 2 2 2 2 2 2 2 2 2 2 2 2 2 2 2 2 2
left_child=1 2 5 4 -4 6 -1 -7 10 11 -6 12 -10 14 -3 18 24 19 20 -18 23 -22 -19 -16 25 26 -17 28 -26 -30
right_child=-2 13 3 -5 8 7 -8 -9 9 -11 -12 -13 -14 -15 15 16 17 22 -20 -21 21 -23 -24 -25 27 -27 -28 -29 29 -31
leaf_value=-0.0024284533209125085 -0.00020615326002755205 9.2742683711466536e-06 -0.0016466781224068262 -6.3125848682576326e-05 -0.0028489967925389385 0.0035930617837329746 0.0015040346212027702 -0.001395714372000863 -0.0056790320160128322 -0.00052083366135447927 5.2047879919657541e-05 -0.00075450023713324757 0.00069341488929983988 1.149683530448967e-05 -0.0037773321994713374 -0.0048168759861946459 -0.0035438568293050463 0.0045622922186941226 -0.0039671679024584593 0.0037427060533314943 0.00047114429932686017 0.0076222042194102925 0.011618016120298844 0.00066126289580164372 0.0061199624865548681 0.0012250928215774813 0.0001794438468865477 0.00058786875866113149 -0.0010654924862285161 0.0033268013900250464
leaf_weight=264 23023 4394 1644 60855 220 434 510 113 257 2465 6427 294 88 422846 147 170 84 104 175 125 193 106 83 285 200 676 156 712 169 236
leaf_count=264 23023 4394 1644 60855 220 434 510 113 257 2465 6427 294 88 422846 147 170 84 104 175 125 193 106 83 285 200 676 156 712 169 236
internal_value=-8.20915e-06 8.25308e-07 -0.000111695 -0.00013488 -0.000518085 0.00115641 0.000162721 0.00256247 -0.000327806 -0.000935621 -4.39698e-05 -0.0025357 -0.0040536 2.00385e-05 0.000470668 0.00103056 0.00143419 0.00406295 -0.000179004 0.000814135 0.000727875 0.0030063 0.00769398 -0.000849092 0.000985295 3.72126e-05 -0.002426 0.00170661 0.00302322 0.00149397
internal_weight=527455 504432 73571 72250 11395 1321 774 547 9751 3104 6647 639 345 430861 8015 3621 2715 396 906 209 731 299 187 432 2319 1002 326 1317 605 405
internal_count=527455 504432 73571 72250 11395 1321 774 547 9751 3104 6647 639 345 430861 8015 3621 2715 396 906 209 731 299 187 432 2319 1002 326 1317 605 405
is_linear=0
shrinkage=0.03


Tree=236
num_leaves=31
num_cat=0
split_feature=10 10 9 3 4 3 5 9 3 3 11 11 2 7 9 5 11 3 2 0 3 2 11 3 7 2 11 2 4 7
split_gain=1.04194 1.51137 1.51468 1.73146 2.13765 3.2636 2.20193 1.69541 1.63314 4.41043 1.68828 1.52422 1.80228 2.02671 1.46439 3.13755 1.68017 2.42044 1.51309 1.44717 1.67193 3.19549 2.48429 1.7789 1.628 1.77078 1.60685 3.44556 1.97725 2.58772
threshold=1.5000000000000002 7.5000000000000009 5.4500000000000011 1.5500000000000003 1.5000000000000002 3.1500000000000008 3.5000000000000004 2.3500000000000001 5.2500000000000009 6.6500000000000012 25.500000000000004 168.50000000000003 53.500000000000007 5.5000000000000009 5.6500000000000012 11.500000000000002 61.500000000000007 5.5500000000000007 54.250000000000007 4.5000000000000009 4.4500000000000011 59.250000000000007 8.5000000000000018 4.6500000000000012 2.5000000000000004 52.500000000000007 20.500000000000004 53.500000000000007 1.5000000000000002 2.5000000000000004
decision_type=2 2 2 2 2 2 2 2 2 2 2 2 2 2 2 2 2 2 2 2 2 2 2 2 2 2 2 2 2 2
left_child=-1 -2 3 -3 11 6 -6 8 -7 -10 -11 12 -5 -14 15 16 17 -4 -19 24 21 22 -21 -22 25 -16 28 -28 29 -24
right_child=1 2 14 4 5 7 -8 -9 9 10 -12 -13 13 -15 19 -17 -18 18 -20 20 23 -23 26 -25 -26 -27 27 -29 -30 -31
leaf_value=-0.00016566750362328561 6.6476176821221434e-05 0.001474097085058164 0.0043301185573430051 0.0018870462804722291 0.001301154212919319 -0.00087918489162738507 0.0068128523065076607 -0.00044253906606326324 0.0059689809083938597 0.0033668443324362356 -0.00067950600344273782 -0.0050039647750849464 -0.0014367154123136549 0.0020298336278992118 -0.0021928484539219407 0.0053581885309161043 -0.0018605536841314989 0.0024936661946653267 -0.0016434818920089116 0.0058040649312789796 -0.0015211385940592488 -0.0029820417375781409 -0.00015821373242038968 1.8062036091919805e-05 -7.8116569987733169e-05 -0.00041119227956776065 0.0035191356595719188 0.0005290834828966882 0.00076712018537219778 -0.0043620886015317715
leaf_weight=35184 201470 454 165 180 292 325 84 9092 165 123 378 89 2408 162 545 138 207 127 213 81 679 234 338 142362 118694 6373 369 5779 529 216
leaf_count=35184 201470 454 165 180 292 325 84 9092 165 123 378 89 2408 162 545 138 207 127 213 81 679 234 338 142362 118694 6373 369 5779 529 216
internal_value=-7.94981e-06 3.32272e-06 -4.04307e-05 -0.000347743 -0.000409941 -0.000211773 0.00253249 -0.000314108 0.000864193 0.00171494 0.000313909 -0.00114 -0.00101495 -0.0012182 -2.51765e-05 0.00121812 0.000415687 0.00134872 -9.81354e-05 -2.90027e-05 3.37153e-05 0.000468935 0.000579374 1.07556e-05 -0.000104191 -0.000551551 0.000520848 0.000708545 -0.000544673 -0.00179727
internal_weight=527455 492271 290801 13752 13298 10459 376 10083 991 666 501 2839 2750 2570 277049 850 712 505 340 276199 150587 7546 7312 143041 125612 6918 7231 6148 1083 554
internal_count=527455 492271 290801 13752 13298 10459 376 10083 991 666 501 2839 2750 2570 277049 850 712 505 340 276199 150587 7546 7312 143041 125612 6918 7231 6148 1083 554
is_linear=0
shrinkage=0.03


Tree=237
num_leaves=31
num_cat=0
split_feature=1 10 4 0 1 4 1 0 4 4 1 9 5 6 7 2 6 9 5 7 5 7 6 9 1 6 8 7 9 2
split_gain=1.03063 1.28117 1.94593 1.2178 7.45916 4.27039 2.85668 5.47211 2.60063 2.55431 2.64501 2.39635 1.91885 2.1372 1.91489 2.3255 1.74099 2.34531 2.0997 3.69171 3.5152 2.61024 2.30601 1.9607 1.97743 1.73751 2.13239 1.71125 2.49692 1.89604
threshold=16.500000000000004 2.5000000000000004 2.5000000000000004 5.5000000000000009 8.5000000000000018 6.5000000000000009 6.5000000000000009 3.5000000000000004 7.5000000000000009 5.5000000000000009 4.5000000000000009 136.55000000000004 25.500000000000004 0.19292803970223329 12.500000000000002 53.500000000000007 0.18808962264150947 118.25000000000001 21.500000000000004 5.5000000000000009 20.500000000000004 4.5000000000000009 0.40824915824915831 64.65000000000002 6.5000000000000009 0.75500000000000012 12.500000000000002 12.500000000000002 8.5500000000000025 58.750000000000007
decision_type=2 2 2 2 2 2 2 2 2 2 2 2 2 2 2 2 2 2 2 2 2 2 2 2 2 2 2 2 2 2
left_child=3 2 -2 6 5 12 7 27 14 10 -9 25 16 -14 15 -8 17 -5 20 22 23 -22 -20 -18 -25 26 -12 29 -29 -1
right_child=1 -3 -4 4 -6 -7 8 9 -10 -11 11 -13 13 -15 -16 -17 18 -19 19 -21 21 -23 -24 24 -26 -27 -28 28 -30 -31
leaf_value=-2.4304078406592674e-05 -0.0042252873044218058 -0.00022830106895240927 -0.0006979793988493581 0.0011451202969377391 -2.0935751077788592e-05 6.2639526007973623e-05 -0.00097348295087110463 0.0010627428455056947 -3.8830088661128887e-05 0.00011247122234787607 0.00045485806625202523 0.0039832870338885294 -0.0042067491903799237 1.7882074339348068e-05 -0.00087546783396408052 -0.00019126817464223568 0.00071185412931555614 0.0039694856724110982 -0.001541650936835342 0.0057822926841753046 -0.0068178798079490659 0.00014515194962633419 0.0039217170622538435 0.0015846185592182031 -0.0025681167583844048 -0.00066331539627338741 -0.0031225613934772185 -0.0014241514833096794 -0.000180800217171302 0.00070154574351890273
leaf_weight=127964 184 5396 599 5129 183967 12818 3864 6528 48428 25083 11162 159 128 682 5703 29812 10809 279 189 194 100 94 110 151 326 1553 152 1507 41062 3323
leaf_count=127964 184 5396 599 5129 183967 12818 3864 6528 48428 25083 11162 159 128 682 5703 29812 10809 279 189 194 100 94 110 151 326 1553 152 1507 41062 3323
internal_value=-7.68377e-06 -0.000392856 -0.00152687 -3.1181e-06 5.16156e-05 0.000482041 -4.15328e-05 1.65469e-05 -0.000186054 0.000312844 0.000569873 0.00032287 0.000777565 -0.000649714 -0.00036711 -0.00028102 0.00084408 0.00129083 0.00064229 0.00255939 0.000559962 -0.00344404 0.000468284 0.000628788 -0.00125352 0.000277638 0.000406797 -5.95264e-05 -0.000224817 -5.93212e-06
internal_weight=527455 6179 783 521276 214976 31009 306300 218493 87807 44637 19554 13026 18191 810 39379 33676 17381 5408 11973 493 11480 194 299 11286 477 12867 11314 173856 42569 131287
internal_count=527455 6179 783 521276 214976 31009 306300 218493 87807 44637 19554 13026 18191 810 39379 33676 17381 5408 11973 493 11480 194 299 11286 477 12867 11314 173856 42569 131287
is_linear=0
shrinkage=0.03


Tree=238
num_leaves=31
num_cat=0
split_feature=11 10 2 7 3 5 3 5 3 3 2 9 5 6 11 8 9 3 11 2 11 5 9 8 9 3 10 5 0 10
split_gain=0.993577 1.77356 1.61453 1.70547 3.75767 1.94709 1.67038 2.61505 1.62959 1.58063 1.50593 2.09845 1.85016 2.91865 1.5008 2.85968 2.80383 2.17335 2.40016 2.62196 2.13887 3.7825 4.31806 2.77732 6.0706 2.74676 3.29346 2.73887 2.33819 2.13619
threshold=69.500000000000014 2.5000000000000004 59.250000000000007 5.5000000000000009 2.7500000000000004 5.5000000000000009 7.0500000000000007 18.500000000000004 8.6500000000000004 7.4500000000000011 54.250000000000007 15.050000000000002 4.5000000000000009 0.7947368421052633 18.500000000000004 1.5000000000000002 2.7500000000000004 8.4500000000000011 19.500000000000004 56.750000000000007 51.500000000000007 5.5000000000000009 17.750000000000004 10.500000000000002 35.850000000000001 6.0500000000000007 4.5000000000000009 12.500000000000002 5.5000000000000009 9.5000000000000018
decision_type=2 2 2 2 2 2 2 2 2 2 2 2 2 2 2 2 2 2 2 2 2 2 2 2 2 2 2 2 2 2
left_child=14 2 3 5 -5 10 7 -4 9 -7 11 12 -2 -14 15 -1 -17 18 19 -16 29 22 -22 24 -23 26 -24 -25 -28 -20
right_child=1 -3 6 4 -6 8 -8 -9 -10 -11 -12 -13 13 -15 17 16 -18 -19 20 -21 21 23 25 27 -26 -27 28 -29 -30 -31
leaf_value=-0.00083872734138549154 9.7831087992204088e-06 -2.9378045071717475e-05 0.0060337638336204688 0.003307039502791488 -0.00018992266254087357 -0.0011754474486174911 -0.00019548098132585141 0.00041813000287423585 -0.00036868676891838173 -0.0033694971262855054 0.00028920423836927434 -0.0042461802740115673 -0.00020448083571137539 -0.0062513511488214131 0.0011936969811733888 0.0040776638560802549 -5.5400171277172686e-05 3.4373793755039094e-06 0.0001996145340245641 0.0067139066070241414 0.00080145561522323723 8.9396934984072542e-05 0.0010413952166937403 0.0058010891252323182 -0.0058834833296751423 0.001240927273625726 0.0040937630996316461 0.00010402954828280668 0.0095986503043936355 -0.00023624264249319467
leaf_weight=4338 1184 156363 128 284 10547 3473 392 179 2442 323 2702 150 179 120 384 148 79172 190959 49202 97 4503 6239 134 148 157 333 143 156 135 12741
leaf_count=4338 1184 156363 128 284 10547 3473 392 179 2442 323 2702 150 179 120 384 148 79172 190959 49202 97 4503 6239 134 148 157 333 143 156 135 12741
internal_value=-7.35697e-06 -6.49351e-05 -0.000316476 -0.000362811 -9.82287e-05 -0.000633849 0.00110234 0.0027595 -0.00097323 -0.00136214 -0.000145485 -0.000864732 -0.000522711 -0.00263132 2.20873e-05 -8.8707e-05 -4.76885e-05 5.70204e-05 0.000194601 0.00230692 0.000180851 0.000548358 0.00115148 7.59448e-05 -5.72169e-05 0.00326712 0.00490479 0.0028776 0.006767 0.000109963
internal_weight=527455 178466 22103 21404 10831 10573 699 307 6238 3796 4335 1633 1483 299 348989 83658 79320 265331 74372 481 73891 11948 5248 6700 6396 745 412 304 278 61943
internal_count=527455 178466 22103 21404 10831 10573 699 307 6238 3796 4335 1633 1483 299 348989 83658 79320 265331 74372 481 73891 11948 5248 6700 6396 745 412 304 278 61943
is_linear=0
shrinkage=0.03


Tree=239
num_leaves=31
num_cat=0
split_feature=10 10 3 9 2 11 10 9 9 6 2 3 3 9 10 9 6 6 0 6 9 11 11 6 1 9 9 1 2 1
split_gain=0.978078 1.40644 1.60503 3.70753 3.01943 2.92147 2.85502 2.66349 1.89362 2.89211 2.4045 4.98297 2.0948 1.95295 1.80889 1.59185 1.79332 1.87814 2.25425 2.01956 1.58119 1.64917 2.10338 2.04745 1.76669 1.96829 1.565 1.46658 1.41827 1.71027
threshold=1.5000000000000002 11.500000000000002 3.0500000000000003 9.1500000000000004 57.250000000000007 41.500000000000007 8.5000000000000018 11.950000000000001 4.4500000000000011 0.75500000000000012 53.500000000000007 2.7500000000000004 2.5500000000000003 6.7500000000000009 5.5000000000000009 10.750000000000002 0.73030303030303034 0.61651583710407254 5.5000000000000009 0.39791666666666675 37.050000000000004 28.500000000000004 14.500000000000002 0.4156504065040651 7.5000000000000009 11.350000000000003 37.050000000000004 5.5000000000000009 55.750000000000007 4.5000000000000009
decision_type=2 2 2 2 2 2 2 2 2 2 2 2 2 2 2 2 2 2 2 2 2 2 2 2 2 2 2 2 2 2
left_child=-1 2 3 8 5 20 15 -6 -2 10 11 14 13 -11 -10 -7 17 18 19 -17 21 22 23 -5 25 -24 28 -9 29 -3
right_child=1 26 -4 4 7 6 -8 27 9 12 -12 -13 -14 -15 -16 16 -18 -19 -20 -21 -22 -23 24 -25 -26 -27 -28 -29 -30 -31
leaf_value=-0.00015988920325688897 0.00036308338721926278 0.00026065514673520899 2.5768027138660613e-05 0.0059770668802158426 0.0089714889287715767 0.0021558622425768229 0.0046558369344485732 0.0051518530407144375 0.0062736273160874005 0.00010047847956941048 -0.0002959038623368692 -0.0025793445144187319 -0.00501363862843181 -0.0049819253277023105 0.00086577900185215244 -0.0065835793413343436 0.0022183594081831288 -0.0060580675091649241 0.0012028194126238614 -0.0009657298611428039 -0.0013350402792501781 0.0046962421177886423 -0.0031387261436172393 0.0007986987865450302 0.0023206491475239403 0.00098905547596544671 -7.0342491712199229e-06 -0.00020608738594827183 -0.00040392924938751246 -0.00021882354646607957
leaf_weight=35184 11067 9425 287694 173 80 113 87 90 178 289 4166 132 182 89 81 101 88 102 164 134 135 186 149 114 464 344 133815 94 19418 23117
leaf_count=35184 11067 9425 287694 173 80 113 87 90 178 289 4166 132 182 89 81 101 88 102 164 134 135 186 149 114 464 344 133815 94 19418 23117
internal_value=-7.08168e-06 3.83991e-06 4.33184e-05 0.000311862 0.00135928 0.00101809 -0.000470373 0.00440157 0.000142427 -0.000334808 -8.47872e-05 0.0021646 -0.00236935 -0.00109617 0.00458237 -0.00110567 -0.0017314 -0.00242517 -0.00149646 -0.00338021 0.0017685 0.00206149 0.00166755 0.00392015 0.000992002 -0.000258489 -6.12927e-05 0.00241464 -0.000201027 -7.99542e-05
internal_weight=527455 492271 306496 18802 2618 2354 789 264 16184 5117 4557 391 560 378 259 702 589 501 399 235 1565 1430 1244 287 957 493 185775 184 51960 32542
internal_count=527455 492271 306496 18802 2618 2354 789 264 16184 5117 4557 391 560 378 259 702 589 501 399 235 1565 1430 1244 287 957 493 185775 184 51960 32542
is_linear=0
shrinkage=0.03


Tree=240
num_leaves=31
num_cat=0
split_feature=1 10 11 0 1 1 0 9 1 11 5 10 1 8 7 5 11 9 11 11 11 8 7 9 11 11 1 2 7 7
split_gain=0.97525 1.21394 1.29224 1.16366 7.1109 2.70449 5.21143 1.94863 1.88587 1.8699 2.4288 2.49298 1.68403 2.19756 1.64607 2.49513 1.64178 1.59114 2.35108 2.25701 2.25125 1.92144 1.8675 1.57916 1.57799 1.53149 1.71144 1.85677 1.69687 1.67001
threshold=16.500000000000004 2.5000000000000004 20.500000000000004 5.5000000000000009 8.5000000000000018 6.5000000000000009 3.5000000000000004 50.95000000000001 4.5000000000000009 19.500000000000004 7.5000000000000009 6.5000000000000009 4.5000000000000009 5.5000000000000009 9.5000000000000018 3.5000000000000004 99.500000000000014 11.15 132.50000000000003 98.500000000000014 110.50000000000001 5.5000000000000009 8.5000000000000018 41.550000000000004 104.50000000000001 64.500000000000014 9.5000000000000018 53.500000000000007 1.5000000000000002 10.500000000000002
decision_type=2 2 2 2 2 2 2 2 2 2 2 2 2 2 2 2 2 2 2 2 2 2 2 2 2 2 2 2 2 2
left_child=3 2 -2 5 9 6 12 25 23 -5 11 17 -1 -14 15 -6 -17 19 21 22 -21 -19 -11 -8 -23 26 29 -28 -29 -7
right_child=1 -3 -4 4 14 7 8 -9 -10 10 -12 -13 13 -15 -16 16 -18 18 -20 20 -22 24 -24 -25 -26 -27 27 28 -30 -31
leaf_value=-9.4471022671629501e-06 0.0019178686498957319 -0.00022136571112804608 -0.0019218520798027796 2.010941825257627e-05 -0.00032091749868667528 -0.0001538663737334679 0.00086302308242195216 4.3580345655315757e-05 0.00017704074109911111 0.0008620050407869283 0.00024515083538008929 0.00055173315775625489 -0.00057379438224274459 -7.7472935941284591e-05 9.0164872680605635e-05 4.3141850810381158e-05 -0.00040092340477770471 0.0045640059162952032 -0.0016376475121905195 0.0070575587175065475 0.0018644679437839257 0.0016649451994480095 -0.0021449201401416906 0.00020017652012074342 0.005792460640515671 -0.00045324125887885233 -0.001042804895534313 0.0021272917812607149 0.00031051108198008409 -0.0007758172744014518
leaf_weight=137208 89 5396 694 6526 31068 26640 8191 24973 31100 2473 10443 9034 11880 24768 73574 70947 8378 302 141 93 391 1316 201 5346 89 24778 840 505 5522 4549
leaf_count=137208 89 5396 694 6526 31068 26640 8191 24973 31100 2473 10443 9034 11880 24768 73574 70947 8378 302 141 93 391 1316 201 5346 89 24778 840 505 5522 4549
internal_value=-6.86394e-06 -0.000381545 -0.00148541 -2.42262e-06 5.10804e-05 -3.99736e-05 1.65378e-05 -0.000180593 0.000305691 0.000471337 0.000591613 0.000849312 -5.77015e-05 -0.000238363 -1.97569e-05 -9.30169e-05 -3.75861e-06 0.00138633 0.00208551 0.000977191 0.00286231 0.00239304 0.00063598 0.000601253 0.0019264 -0.000269689 -0.000150179 0.000278574 0.000462738 -0.00024458
internal_weight=527455 6179 783 521276 214976 306300 218493 87807 44637 31009 24483 14040 173856 36648 183967 110393 79325 5006 1848 3158 484 1707 2674 13537 1405 62834 38056 6867 6027 31189
internal_count=527455 6179 783 521276 214976 306300 218493 87807 44637 31009 24483 14040 173856 36648 183967 110393 79325 5006 1848 3158 484 1707 2674 13537 1405 62834 38056 6867 6027 31189
is_linear=0
shrinkage=0.03


Tree=241
num_leaves=31
num_cat=0
split_feature=3 11 0 1 3 0 5 9 1 0 3 3 8 9 9 8 3 2 9 8 5 11 1 2 9 5 3 1 5 11
split_gain=0.977149 1.01391 1.5189 2.96228 2.34317 2.96551 2.48809 2.6003 2.24855 4.36907 3.36084 2.66957 1.89215 2.08812 1.88128 2.79168 1.79864 1.7005 1.99381 2.87959 2.34581 2.20514 2.23057 1.83882 2.56154 1.89601 1.51002 1.38264 1.37465 1.26671
threshold=291.85000000000008 69.500000000000014 5.5000000000000009 9.5000000000000018 18.250000000000004 6.5000000000000009 8.5000000000000018 4.0500000000000007 6.5000000000000009 3.5000000000000004 24.550000000000004 23.750000000000004 10.500000000000002 133.65000000000001 5.3500000000000005 3.5000000000000004 1.9500000000000002 52.500000000000007 19.850000000000005 5.5000000000000009 2.5000000000000004 89.500000000000014 6.5000000000000009 54.250000000000007 3.8500000000000001 3.5000000000000004 1.9500000000000002 14.500000000000002 3.5000000000000004 18.500000000000004
decision_type=2 2 2 2 2 2 2 2 2 2 2 2 2 2 2 2 2 2 2 2 2 2 2 2 2 2 2 2 2 2
left_child=1 27 8 4 5 6 16 -8 9 -3 12 -10 26 -14 -9 -16 -4 -18 19 21 -20 22 -19 -23 25 -25 -11 29 -26 -1
right_child=-2 2 3 -5 -6 -7 7 14 11 10 -12 -13 13 -15 15 -17 17 18 20 -21 -22 23 -24 24 28 -27 -28 -29 -30 -31
leaf_value=-5.8533769747702756e-05 -0.00019774976297836998 -0.00015606446630165601 -0.0021180616671229221 -4.8418855321209044e-05 2.5115452557318063e-05 0.0013999454044167617 -0.0038436724178149899 0.0033655654619225359 -0.00068442839677323672 -0.00088498889860357086 -0.00010734103399528254 -0.00010609611216330257 -0.0022530953626794456 0.0024058748590640531 -0.0049213701713739363 1.3475075480528175e-05 -0.0020496840709820392 0.0029991881867968721 0.00087194116708202898 0.0065565821299186115 -0.0026263993687927721 -7.6521290956359152e-05 -0.0021918643345233309 0.0030168897065450439 0.0043973084363374817 0.0092270834686827251 0.0010616133975536858 -0.00017955771216056791 -0.0005144736383202648 8.4284754197099611e-05
leaf_weight=73410 23023 57097 191 56893 6704 3721 228 113 12547 378 5768 16804 333 117 123 640 165 114 1255 117 200 152 215 80 89 99 7006 25528 121 234224
leaf_count=73410 23023 57097 191 56893 6704 3721 228 113 12547 378 5768 16804 333 117 123 640 165 114 1255 117 200 152 215 80 89 99 7006 25528 121 234224
internal_value=-6.61952e-06 2.10394e-06 -5.72167e-05 4.86727e-05 0.000434227 0.000794017 0.000216195 -0.000989812 -0.000132593 -4.09569e-05 0.000442229 -0.000353322 0.000846865 -0.00104176 -0.000247027 -0.00078205 0.000692046 0.000897927 0.00109709 0.00213788 0.00039107 0.00154364 -0.000393141 0.00272146 0.00381476 0.00645158 0.000961963 3.25992e-05 0.00156719 5.02043e-05
internal_weight=527455 504432 171270 71220 14327 7623 3902 1104 100050 70699 13602 29351 7834 450 876 763 2798 2607 2442 987 1455 870 329 541 389 179 7384 333162 210 307634
internal_count=527455 504432 171270 71220 14327 7623 3902 1104 100050 70699 13602 29351 7834 450 876 763 2798 2607 2442 987 1455 870 329 541 389 179 7384 333162 210 307634
is_linear=0
shrinkage=0.03


Tree=242
num_leaves=31
num_cat=0
split_feature=7 11 6 11 3 6 0 10 3 5 6 11 10 9 2 9 5 9 5 11 10 2 2 5 3 6 0 9 3 0
split_gain=0.990265 2.29474 2.10489 2.14496 2.38704 1.95134 2.81922 2.3476 1.7739 1.73096 1.77762 1.70136 1.78779 2.7215 1.66893 1.64116 1.56492 1.65877 1.78408 1.75506 1.90326 1.62985 1.8002 2.01777 2.63011 1.62581 2.20007 2.54629 3.53164 1.81049
threshold=2.5000000000000004 8.5000000000000018 0.31311274509803927 40.500000000000007 27.050000000000004 0.48074074074074075 3.5000000000000004 11.500000000000002 5.0500000000000007 6.5000000000000009 0.28416149068322988 83.500000000000014 3.5000000000000004 10.950000000000001 57.750000000000007 1.7500000000000002 19.500000000000004 1.7500000000000002 12.500000000000002 22.500000000000004 2.5000000000000004 56.250000000000007 54.250000000000007 2.5000000000000004 8.0500000000000025 0.4156504065040651 1.5000000000000002 4.6500000000000012 8.2500000000000018 3.5000000000000004
decision_type=2 2 2 2 2 2 2 2 2 2 2 2 2 2 2 2 2 2 2 2 2 2 2 2 2 2 2 2 2 2
left_child=1 5 3 -3 11 6 -1 -7 -2 -8 -11 12 14 -14 -5 -10 17 18 19 20 -4 22 23 -21 -25 26 -18 28 -28 -29
right_child=8 2 16 4 -6 7 9 -9 15 10 -12 -13 13 -15 -16 -17 25 -19 -20 21 -22 -23 -24 24 -26 -27 27 29 -30 -31
leaf_value=-0.0023570431555642491 0.00019200323499605598 -0.00022460732247787886 -0.0020913675527854943 -0.0056068271667331073 -3.947995601450706e-05 0.0034965396989338521 -0.0015571784294206735 -0.0013556400545567801 -0.0022234984552889961 0.004897438905570867 0.00074578566725194586 -0.00064437174282734957 -0.00015699243277255722 -0.0031372462612458728 -0.0013873881962548457 -7.4850342077834102e-06 0.001901671185501312 -6.2051561745275573e-05 0.003357723639195319 -0.0020578252066213061 0.0012021634435968292 -0.00086420610938638652 0.0017701038320775805 0.0022954326015123825 -0.0023570887091094567 -0.00012024616583412737 -0.005988090521609985 -0.0030838269787073769 4.9403165330124246e-05 -0.00032946555684351984
leaf_weight=264 43675 7800 441 237 1238 436 128 113 301 159 223 911 536 568 131 409819 171 53205 200 281 246 449 1411 411 149 2399 243 283 136 891
leaf_count=264 43675 7800 441 237 1238 436 128 113 301 159 223 911 536 568 131 409819 171 53205 200 281 246 449 1411 411 149 2399 243 283 136 891
internal_value=-6.31652e-06 -0.000108344 -0.000130989 -0.000504729 -0.00110814 0.0011298 0.000159464 0.00249782 1.02446e-05 0.00146213 0.00247383 -0.00166332 -0.00229393 -0.00169031 -0.0041048 -9.11144e-06 -6.09177e-05 -1.99481e-05 0.000604387 0.000441852 -0.000912025 0.000786211 0.00111527 1.66084e-05 0.00105753 -0.00062526 -0.001328 -0.00168362 -0.0038216 -0.000993422
internal_weight=527455 73660 72337 11421 3621 1323 774 549 453795 510 382 2383 1472 1104 368 410120 60916 56793 3588 3388 687 2701 2252 841 560 4123 1724 1553 379 1174
internal_count=527455 73660 72337 11421 3621 1323 774 549 453795 510 382 2383 1472 1104 368 410120 60916 56793 3588 3388 687 2701 2252 841 560 4123 1724 1553 379 1174
is_linear=0
shrinkage=0.03


Tree=243
num_leaves=31
num_cat=0
split_feature=10 7 6 11 11 2 0 2 11 8 9 2 0 9 9 0 9 2 8 0 0 5 4 2 6 6 0 7 0 9
split_gain=0.946928 1.4289 1.85144 1.92397 1.67609 2.99551 1.44428 1.42487 1.64824 2.82675 1.99177 1.85799 1.79247 1.69689 2.16976 2.77868 1.77416 2.69744 2.31996 1.59585 2.26672 1.39985 2.035 2.25622 2.61138 2.1598 1.91449 1.49348 1.35309 1.59497
threshold=1.5000000000000002 1.5000000000000002 0.8377192982456142 32.500000000000007 90.500000000000014 56.750000000000007 5.5000000000000009 55.750000000000007 15.500000000000002 2.5000000000000004 1.7500000000000002 54.250000000000007 3.5000000000000004 3.4500000000000006 2.6500000000000008 7.5000000000000009 6.1500000000000012 51.750000000000007 3.5000000000000004 5.5000000000000009 2.5000000000000004 5.5000000000000009 5.5000000000000009 52.500000000000007 0.59175084175084181 0.5270467836257311 3.5000000000000004 2.5000000000000004 5.5000000000000009 8.9500000000000011
decision_type=2 2 2 2 2 2 2 2 2 2 2 2 2 2 2 2 2 2 2 2 2 2 2 2 2 2 2 2 2 2
left_child=1 2 -1 6 5 -5 -4 8 9 12 -10 -11 -3 14 19 -16 17 -15 -19 20 -12 -18 23 26 25 28 -23 -26 29 -25
right_child=-2 7 3 4 -6 -7 -8 -9 10 11 13 -13 -14 16 15 -17 21 18 -20 -21 -22 22 -24 24 27 -27 -28 -29 -30 -31
leaf_value=-0.0011596194642628122 4.6649255869883056e-06 -0.00015167929163133656 -0.00045149570799850184 0.0026773876179700434 -0.00081624889652998328 -0.0021004879051844116 -0.0053766175284433891 0.00012734776677251298 0.0035452944021380972 -0.0014183121502837101 0.0019198262037300482 0.00095475228521778874 -0.0054377301477952231 -0.0045710462334983305 -0.0015883302024987367 -0.0068477760219023721 0.00011635671347783391 0.00054258957915124108 0.0041623763971810421 0.0021852211556738109 -0.0033406815268023386 -0.0022975384685046531 -0.00016813240973139417 -0.0053619569793343543 0.0033659586364638457 -0.004797565543205126 0.0026931214398422908 -0.00062815524526061101 -0.00058325521723542472 -0.0018793433245251523
leaf_weight=2605 492271 81 145 542 393 151 85 14621 128 873 123 450 201 87 530 109 4723 2167 172 205 184 102 4253 150 103 257 215 463 505 561
leaf_count=2605 492271 81 145 542 393 151 85 14621 128 873 123 450 201 87 530 109 4723 2167 172 205 184 102 4253 150 103 257 215 463 505 561
internal_value=-6.08134e-06 -0.000156436 -0.000696277 0.000220901 0.000748789 0.00163632 -0.00227165 -8.8729e-05 -0.000278566 -0.00119241 -0.000181025 -0.000611147 -0.0039194 -0.000213017 -0.00131955 -0.00248548 -0.000120444 0.000615845 0.000808773 0.000135593 -0.00123305 -0.000278072 -0.000559943 -0.00126723 -0.00163328 -0.00229879 0.00108729 9.86888e-05 -0.00177068 -0.00261407
internal_weight=527455 35184 3921 1316 1086 693 230 31263 16642 1605 15037 1323 282 14909 1151 639 13758 2426 2339 512 307 11332 6609 2356 2039 1473 317 566 1216 711
internal_count=527455 35184 3921 1316 1086 693 230 31263 16642 1605 15037 1323 282 14909 1151 639 13758 2426 2339 512 307 11332 6609 2356 2039 1473 317 566 1216 711
is_linear=0
shrinkage=0.03


Tree=244
num_leaves=31
num_cat=0
split_feature=7 11 5 5 5 3 0 2 5 3 9 11 10 9 11 7 8 0 10 3 7 10 3 0 11 3 2 5 0 10
split_gain=0.925685 2.20065 1.96192 2.13963 1.96504 3.90015 1.82371 1.81615 1.84249 1.71881 1.66364 1.63667 1.628 1.58456 2.03206 1.75676 1.90493 2.74579 1.90488 1.79535 2.89316 3.44792 2.67254 1.90894 2.52103 1.75998 1.66717 1.98112 1.76569 1.63743
threshold=2.5000000000000004 8.5000000000000018 19.500000000000004 42.500000000000007 37.500000000000007 5.7500000000000009 4.5000000000000009 53.500000000000007 15.500000000000002 3.8500000000000001 1.7500000000000002 22.500000000000004 2.5000000000000004 3.1500000000000008 211.50000000000003 5.5000000000000009 1.5000000000000002 4.5000000000000009 8.5000000000000018 7.6500000000000012 7.5000000000000009 1.5000000000000002 6.8500000000000005 6.5000000000000009 48.500000000000007 4.6500000000000012 55.750000000000007 9.5000000000000018 4.5000000000000009 1.5000000000000002
decision_type=2 2 2 2 2 2 2 2 2 2 2 2 2 2 2 2 2 2 2 2 2 2 2 2 2 2 2 2 2 2
left_child=1 6 10 4 -4 -6 -1 -8 -9 -2 11 12 -3 14 15 18 19 -18 29 20 26 -22 23 -23 -25 -20 -17 28 -28 -11
right_child=9 2 3 -5 5 -7 7 8 -10 13 -12 -13 -14 -15 -16 16 17 -19 25 -21 21 22 -24 24 -26 -27 27 -29 -30 -31
leaf_value=-0.00019016811920499261 0.0002512680792452902 -0.0017628342276224621 -0.00062245864561537463 0.0027944995044677885 -0.0086498544706278529 -0.00052532808332880201 -0.0012584914928001742 0.0019856449143203386 0.0063007839462745968 -0.0023331123397797109 -0.00011535153004359947 0.00086844811688078735 0.0011828410400844507 3.8359292778952793e-06 0.0018000693530253061 0.0037276098689412681 0.00072009601118850567 -0.0044353892751135375 -0.0055442077726343252 -0.0005312355060596019 -0.0049591445750441429 -0.001396337058127782 0.0047280512358012956 0.0060944172527108873 -0.0010221608448773621 -0.0016178984261274228 0.0054922304678671425 -0.0021187884100647859 0.00016813451335543679 -0.00044031979175360777
leaf_weight=561 25127 475 5740 159 83 148 124 531 107 476 62586 2884 262 420856 352 369 173 201 137 1476 121 418 114 84 96 411 101 129 126 3028
leaf_count=561 25127 475 5740 159 83 148 124 531 107 476 62586 2884 262 420856 352 369 173 201 137 1476 121 418 114 84 96 411 101 129 126 3028
internal_value=-5.89876e-06 -0.000104544 -0.000126719 -0.000640175 -0.000731636 -0.00344453 0.00110795 0.00206366 0.00270934 1.01133e-05 -7.91794e-05 0.000546027 -0.000715661 -4.02238e-06 -0.000427373 -0.000532475 -3.0487e-05 -0.00205063 -0.00095468 0.000218536 0.000928845 -0.00027722 0.000518445 -0.000284056 0.00229891 -0.00259948 0.00231457 0.000849934 0.00253701 -0.000697446
internal_weight=527455 73660 72337 6130 5971 231 1323 762 638 453795 66207 3621 737 428668 7812 7460 3408 374 4052 3034 1558 833 712 598 180 548 725 356 227 3504
internal_count=527455 73660 72337 6130 5971 231 1323 762 638 453795 66207 3621 737 428668 7812 7460 3408 374 4052 3034 1558 833 712 598 180 548 725 356 227 3504
is_linear=0
shrinkage=0.03


Tree=245
num_leaves=31
num_cat=0
split_feature=3 7 11 6 1 6 0 11 1 1 1 0 11 11 6 9 9 0 1 3 3 11 6 8 3 9 3 8 9 9
split_gain=0.927067 1.0612 2.1137 1.98354 2.57957 1.887 2.61635 1.72218 2.26933 1.69349 1.68104 2.94528 1.65509 1.65169 1.88383 1.6331 1.82763 2.72343 1.62175 1.58729 2.15038 1.90888 3.55475 2.52861 2.90637 2.00094 2.85623 2.14538 1.90804 1.8771
threshold=291.85000000000008 2.5000000000000004 8.5000000000000018 0.31311274509803927 2.5000000000000004 0.48074074074074075 3.5000000000000004 7.5000000000000009 7.5000000000000009 11.500000000000002 7.5000000000000009 5.5000000000000009 134.50000000000003 40.500000000000007 0.10582306830907055 1.7500000000000002 1.9500000000000002 1.5000000000000002 4.5000000000000009 3.9500000000000006 4.1500000000000012 54.500000000000007 0.87083333333333346 3.5000000000000004 3.4500000000000006 11.350000000000003 2.1500000000000008 4.5000000000000009 2.9500000000000006 5.0500000000000007
decision_type=2 2 2 2 2 2 2 2 2 2 2 2 2 2 2 2 2 2 2 2 2 2 2 2 2 2 2 2 2 2
left_child=1 2 5 4 -4 6 -1 8 -8 -10 11 15 -12 14 -6 -5 17 -17 -18 21 -21 25 23 24 -23 26 28 -28 -20 -30
right_child=-2 -3 3 10 13 -7 7 -9 9 -11 12 -13 -14 -15 -16 16 18 -19 19 20 -22 22 -24 -25 -26 -27 27 -29 29 -31
leaf_value=-0.0022907430603465234 -0.00019185051581086182 2.0794786455682764e-05 -0.0015867754578842183 0.00088545428663588509 -0.0027650789852381088 0.002435472793242906 0.0065850330414352837 -0.0014043556167125388 -0.0011115453078628292 0.0035944099365982389 -0.00015709554115767434 0.001016818966488812 -0.0010339931569274903 -0.0008735135434381053 5.8105409675799361e-05 -0.0045454572108683915 0.00017578043555800313 -0.00054240748589108991 0.0025924008238149897 0.0029055348595726158 -0.00015243950623692478 -0.00094495605384881521 0.0030550312607262571 0.0028006152011072023 -0.0072519306438725171 0.00090809339252996026 -0.0021312000669090692 -0.0067020204554311931 -0.0027216254820745336 0.0013763670507653946
leaf_weight=264 23023 430861 1644 1777 220 547 91 143 145 131 27321 2845 2085 3104 6427 191 16316 768 181 214 6293 332 286 117 82 308 1219 100 253 167
leaf_count=264 23023 430861 1644 1777 220 547 91 143 145 131 27321 2845 2085 3104 6427 191 16316 768 181 214 6293 332 286 117 82 308 1219 100 253 167
internal_value=-5.68276e-06 2.81421e-06 -0.000102487 -0.00012423 -0.000487487 0.00108672 0.000133531 0.00138845 0.00247665 0.00112208 -5.62111e-05 9.62561e-05 -0.000219271 -0.00030215 -3.53353e-05 4.69546e-06 -5.36453e-05 -0.00133968 -5.96846e-06 -0.000316418 -5.18699e-05 -0.000881743 0.000358662 -0.00109362 -0.00219416 -0.0013366 -0.00169668 -0.00247774 1.74819e-05 -0.00109219
internal_weight=527455 504432 73571 72250 11395 1321 774 510 367 276 60855 31449 29406 9751 6647 28604 26827 959 25868 9552 6507 3045 817 531 414 2228 1920 1319 601 420
internal_count=527455 504432 73571 72250 11395 1321 774 510 367 276 60855 31449 29406 9751 6647 28604 26827 959 25868 9552 6507 3045 817 531 414 2228 1920 1319 601 420
is_linear=0
shrinkage=0.03


Tree=246
num_leaves=31
num_cat=0
split_feature=0 1 3 1 0 4 6 8 3 6 11 2 0 6 3 11 11 11 5 6 2 5 6 11 3 11 3 3 3 3
split_gain=0.91028 7.67154 5.21203 4.03271 4.77222 3.58424 3.21071 3.92389 2.79504 2.86315 4.74274 3.03577 2.60369 2.49108 3.77356 3.65122 2.34802 2.92057 2.49509 2.15758 1.98855 4.79673 1.95724 1.95111 2.60365 3.18975 1.86943 1.73634 1.85709 2.90957
threshold=4.5000000000000009 8.5000000000000018 21.350000000000005 4.5000000000000009 3.5000000000000004 6.5000000000000009 0.12613636363636366 1.5000000000000002 7.0500000000000007 0.38548951048951058 14.500000000000002 54.250000000000007 7.5000000000000009 0.61651583710407254 6.0500000000000007 42.500000000000007 7.5000000000000009 16.500000000000004 7.5000000000000009 0.53033088235294124 53.500000000000007 10.500000000000002 0.42365967365967372 84.500000000000014 3.0500000000000003 56.500000000000007 4.6500000000000012 2.1500000000000008 3.2500000000000004 3.5500000000000003
decision_type=2 2 2 2 2 2 2 2 2 2 2 2 2 2 2 2 2 2 2 2 2 2 2 2 2 2 2 2 2 2
left_child=3 2 6 4 -1 -5 7 -2 9 10 -6 -12 16 14 15 22 18 20 -8 -17 21 -18 -11 24 -15 26 -26 -9 -29 -30
right_child=1 -3 -4 5 8 -7 12 27 -10 13 11 -13 -14 23 -16 19 17 -19 -20 -21 -22 -23 -24 -25 25 -27 -28 28 29 -31
leaf_value=-7.7404769304231165e-06 0.0056775683665817433 -5.0584949475502787e-05 2.26888814186437e-05 -0.00045238090465846208 0.0064312016637664803 -5.8615398838889236e-05 -0.00041873672212731385 -0.0011757089163189978 0.00030443227337312708 -0.005823221184934179 0.0036409842722092611 0.00061588949992627659 0.0017708741389255334 0.00062250255164554157 0.0036618283043305076 0.0025381511811694646 -0.003885664144119659 0.00044747862201183609 0.0041415407052168259 -0.0022377448049373922 -0.00018512352255214558 0.0027044803179355698 -0.0016428664592069166 -0.0012139345154846234 0.0043883168601220653 0.0087860917324821142 0.00022742677818645129 0.0027877043000229394 -0.0032419655867691696 0.0010522578364676571
leaf_weight=137208 165 226784 28031 33865 211 53947 171 316 9556 126 442 920 1212 513 180 293 385 20580 293 120 3267 134 504 189 217 90 176 541 145 6874
leaf_count=137208 165 226784 28031 33865 211 53947 171 316 9556 126 442 920 1212 513 180 293 385 20580 293 120 3267 134 504 189 217 90 176 541 145 6874
internal_value=-5.49222e-06 3.03207e-05 0.000325715 -4.88625e-05 4.52785e-05 -0.000210472 0.000574933 0.00109894 0.000582667 0.00125054 0.00224597 0.0015976 0.000413136 0.00060029 -0.000349511 -0.00104178 0.000346863 0.000306605 0.00246092 0.00115048 -0.00045916 -0.00218416 -0.00247894 0.00158055 0.00211083 0.00369159 0.00252492 0.00100302 0.00109409 0.000963547
internal_weight=527455 288898 62114 238557 150745 87812 34083 8041 13537 3981 1573 1362 26042 2408 1223 1043 24830 24366 464 413 3786 519 630 1185 996 483 393 7876 7560 7019
internal_count=527455 288898 62114 238557 150745 87812 34083 8041 13537 3981 1573 1362 26042 2408 1223 1043 24830 24366 464 413 3786 519 630 1185 996 483 393 7876 7560 7019
is_linear=0
shrinkage=0.03


Tree=247
num_leaves=31
num_cat=0
split_feature=10 11 7 11 4 9 9 4 9 11 4 2 7 5 4 1 2 5 8 1 9 11 11 4 2 11 1 8 2 7
split_gain=0.906525 1.65629 2.37903 1.88589 3.34306 1.98258 2.09829 1.79988 2.5648 1.63972 1.96405 1.58734 1.56278 1.49286 2.1118 1.53262 1.85155 1.65178 1.56729 1.55849 1.48343 1.37311 1.5335 1.73656 1.42465 1.51808 1.41865 1.83544 1.36767 1.66653
threshold=11.500000000000002 140.50000000000003 3.5000000000000004 497.50000000000006 4.5000000000000009 3.9500000000000006 1.9500000000000002 2.5000000000000004 2.6500000000000008 146.50000000000003 3.5000000000000004 55.250000000000007 13.500000000000002 21.500000000000004 3.5000000000000004 6.5000000000000009 52.500000000000007 2.5000000000000004 1.5000000000000002 9.5000000000000018 37.050000000000004 174.50000000000003 188.50000000000003 7.5000000000000009 55.250000000000007 36.500000000000007 4.5000000000000009 6.5000000000000009 54.250000000000007 1.5000000000000002
decision_type=2 2 2 2 2 2 2 2 2 2 2 2 2 2 2 2 2 2 2 2 2 2 2 2 2 2 2 2 2 2
left_child=1 12 9 5 -5 6 -4 8 -8 10 -3 -7 -1 15 -15 -11 -17 19 -19 -18 21 24 23 -23 26 -26 27 28 29 -2
right_child=20 2 3 4 -6 11 7 -9 -10 13 -12 -13 -14 14 -16 16 17 18 -20 -21 -22 22 -24 -25 25 -27 -28 -29 -30 -31
leaf_value=5.9205053355570362e-05 -0.0013367961275503317 -0.0063551957511062762 -0.0025645298780012532 -0.0073467663070186972 -0.00083578924168690083 -0.0004355270945764895 0.0075987112283592622 0.00086509743074224483 0.0016234785638210411 0.00010496796332120561 -0.00088065736694261428 0.00019740927645348305 -0.00019752083756037738 -0.0068634985727258025 -0.0012845599901358878 -0.004812589401907816 -0.0060965569893416671 0.0005998817583164561 -0.0011383143651433048 -0.0013653126511115076 -5.7524332681619054e-06 -0.0053940342774065272 -0.00063237705309157426 -0.00061690874276165339 -0.00060883150867262323 -5.6755423770847441e-05 -0.00016971007599848767 -0.00032820411072243081 0.0011419823292590236 0.00047446910901797004
leaf_weight=297407 532 103 119 80 629 6422 98 747 190 1904 138 8019 22990 80 258 111 97 697 1414 177 133815 139 1813 135 10513 7815 22369 3049 2344 3251
leaf_count=297407 532 103 119 80 629 6422 98 747 190 1904 138 8019 22990 80 258 111 97 697 1414 177 133815 139 1813 135 10513 7815 22369 3049 2344 3251
internal_value=-5.24017e-06 2.37601e-05 -0.000232516 -5.72375e-05 -0.00157046 1.15584e-05 0.00120813 0.0016419 0.00365672 -0.000806474 -0.0032204 -8.40614e-05 4.07838e-05 -0.000683689 -0.00260502 -0.000536096 -0.00102511 -0.000848841 -0.000564405 -0.00304024 -5.85779e-05 -0.000194622 -0.000948516 -0.00304034 -0.000163074 -0.000373428 -4.08562e-05 0.00027326 0.000572569 0.000219752
internal_weight=527455 341680 21283 16304 709 15595 1154 1035 288 4979 241 14441 320397 4738 338 4400 2496 2385 2111 274 185775 51960 2087 274 49873 18328 31545 9176 6127 3783
internal_count=527455 341680 21283 16304 709 15595 1154 1035 288 4979 241 14441 320397 4738 338 4400 2496 2385 2111 274 185775 51960 2087 274 49873 18328 31545 9176 6127 3783
is_linear=0
shrinkage=0.03


Tree=248
num_leaves=31
num_cat=0
split_feature=10 7 3 6 11 8 2 11 11 2 9 9 3 3 11 2 6 11 9 10 9 3 4 3 9 3 6 3 3 11
split_gain=0.892383 1.34324 2.01322 1.75354 1.66972 1.71726 2.16246 2.11515 1.96191 1.50167 1.90463 3.07248 1.93755 2.53884 2.43599 1.55493 2.0433 1.52707 1.49544 1.31134 1.42254 1.606 2.07704 3.09659 1.61645 1.58042 1.6167 1.55938 4.19703 1.61957
threshold=1.5000000000000002 1.5000000000000002 1.7500000000000002 0.82085561497326209 32.500000000000007 1.5000000000000002 55.750000000000007 48.500000000000007 90.500000000000014 55.750000000000007 3.4500000000000006 2.5500000000000003 2.5500000000000003 4.6500000000000012 56.500000000000007 54.250000000000007 0.56594202898550738 83.500000000000014 2.7500000000000004 7.5000000000000009 5.4500000000000011 1.5500000000000003 1.5000000000000002 3.1500000000000008 2.3500000000000001 2.8500000000000001 0.90454545454545465 5.2500000000000009 6.6500000000000012 25.500000000000004
decision_type=2 2 2 2 2 2 2 2 2 2 2 2 2 2 2 2 2 2 2 2 2 2 2 2 2 2 2 2 2 2
left_child=1 3 -3 -1 -5 7 8 -6 -7 10 11 15 -13 14 -14 -4 -17 -15 -9 -2 21 -21 -23 25 27 -24 -27 -25 -29 -30
right_child=19 2 9 4 5 6 -8 18 -10 -11 -12 12 13 17 -16 16 -18 -19 -20 20 -22 22 23 24 -26 26 -28 28 29 -31
leaf_value=-0.0011527127307720947 6.4223114092666221e-05 0.0019319194390657005 -0.0012074320416050313 -0.0020214522057774584 0.0050454558008141926 0.0029687854015613877 -0.0025946135412596048 6.0883543474163018e-05 -0.0025780021093494022 0.00010945897153473846 -0.00021543129955909823 -0.0068295547599496126 -0.0022779100290397656 -0.0047113864984497274 0.0038284974888835141 -0.0019189590169116854 0.0037859417911682088 -0.00070325273050626444 0.0043840713220937499 0.001421417368633369 -2.0575202892415043e-05 -0.0011127149174447585 0.00060152994765331428 -0.00085044158330330481 -0.00042282740849242621 0.0075073369349188662 0.0018262744555249809 0.0058342753919688132 0.003307876125341508 -0.00065528007752690758
leaf_weight=2500 201470 439 299 257 134 186 256 418 83 14406 15117 89 137 292 103 83 177 121 87 454 277049 2839 195 325 9092 85 96 165 123 378
leaf_count=2500 201470 439 299 257 134 186 256 418 83 14406 15117 89 137 292 103 83 177 121 87 454 277049 2839 195 325 9092 85 96 165 123 378
internal_value=-5.03505e-06 -0.000150995 -8.53491e-05 -0.000674405 0.000167094 0.000650304 -0.000620955 0.00169476 0.00125732 -0.000114079 -0.000310223 -0.00141166 -0.00267707 -0.00211111 0.000342757 0.000268007 0.00196476 -0.00353709 0.00080567 5.39713e-06 -3.53581e-05 -0.000333176 -0.000393079 -0.00019774 -0.000297423 0.00247538 0.00449418 0.000853113 0.00168443 0.00031771
internal_weight=527455 35184 31263 3921 1421 1164 525 639 269 30824 16418 1301 742 653 240 559 260 413 505 492271 290801 13752 13298 10459 10083 376 181 991 666 501
internal_count=527455 35184 31263 3921 1421 1164 525 639 269 30824 16418 1301 742 653 240 559 260 413 505 492271 290801 13752 13298 10459 10083 376 181 991 666 501
is_linear=0
shrinkage=0.03


Tree=249
num_leaves=31
num_cat=0
split_feature=1 10 4 0 1 4 1 0 4 11 5 9 4 11 0 2 5 9 11 2 8 10 4 7 0 11 11 7 9 8
split_gain=0.892247 1.13948 1.87454 1.07651 6.92469 4.40561 3.81146 4.54628 3.42042 2.52248 3.47521 2.56878 2.51592 2.17502 1.94816 1.65296 5.50552 3.60041 3.01945 2.46741 2.61993 2.52195 4.71406 1.91377 2.50612 2.90743 2.14821 2.18013 2.09695 2.16616
threshold=16.500000000000004 2.5000000000000004 2.5000000000000004 4.5000000000000009 8.5000000000000018 6.5000000000000009 4.5000000000000009 3.5000000000000004 6.5000000000000009 26.500000000000004 19.500000000000004 4.6500000000000012 5.5000000000000009 21.500000000000004 6.5000000000000009 53.500000000000007 6.5000000000000009 6.2500000000000009 15.500000000000002 52.500000000000007 6.5000000000000009 3.5000000000000004 4.5000000000000009 5.5000000000000009 7.5000000000000009 15.500000000000002 7.5000000000000009 2.5000000000000004 17.150000000000002 4.5000000000000009
decision_type=2 2 2 2 2 2 2 2 2 2 2 2 2 2 2 2 2 2 2 2 2 2 2 2 2 2 2 2 2 2
left_child=3 2 -2 6 5 9 7 -1 -8 10 15 -12 -9 -13 -11 16 17 -5 -19 21 -21 -18 -23 26 25 28 27 -17 29 -25
right_child=1 -3 -4 4 -6 -7 8 12 -10 14 11 13 -14 -15 -16 23 19 18 -20 20 -22 22 -24 24 -26 -27 -28 -29 -30 -31
leaf_value=-7.7792671850825604e-06 -0.0040811745702471263 -0.00020806111119252898 -0.00061917593293321573 -0.005740637379462149 -3.980071298005052e-05 4.3185659282942666e-05 -0.00044098261085706082 0.00099226803716293216 -5.6320939974462872e-05 0.00058779027789286967 -0.0049509566635242662 -0.00025129014406860382 0.00017377973329871127 -0.0041302262256477052 0.0012611655260060656 0.0069697647412599846 -0.00025497098521488464 -0.0031508121046943953 0.0012291391555012928 0.0015670834306165688 -0.0044579985593952752 0.0093228482231497763 0.00059493235001961394 0.0005512567338820431 -0.0022492969903301018 0.0023146584114959955 0.00012639662803355997 0.0010083523176930096 0.0015799117245469721 -0.0029142291045413829
leaf_weight=137208 184 5396 599 201 220605 28364 33865 6528 53947 16472 152 940 7009 151 5053 82 123 298 270 182 101 115 108 419 183 1434 6373 169 659 265
leaf_count=137208 184 5396 599 201 220605 28364 33865 6528 53947 16472 152 940 7009 151 5053 82 123 298 270 182 101 115 108 419 183 1434 6373 169 659 265
internal_value=-4.86792e-06 -0.00036325 -0.00143272 -6.19805e-07 3.8982e-05 0.000318788 -4.75528e-05 4.39694e-05 -0.000204667 0.000550408 0.00020626 -0.0012972 0.000568483 -0.000788155 0.000745865 0.00037643 -0.000587248 -0.00228991 -0.00106879 0.00149439 -0.000583211 0.0031937 0.00509588 0.000517 0.00115117 0.00137526 0.000233614 0.00295591 0.000372202 -0.000791366
internal_weight=527455 6179 783 521276 282719 62114 238557 150745 87812 33750 12225 1243 13537 1091 21525 10982 1398 769 568 629 283 346 223 9584 2960 2777 6624 251 1343 684
internal_count=527455 6179 783 521276 282719 62114 238557 150745 87812 33750 12225 1243 13537 1091 21525 10982 1398 769 568 629 283 346 223 9584 2960 2777 6624 251 1343 684
is_linear=0
shrinkage=0.03


Tree=250
num_leaves=31
num_cat=0
split_feature=2 5 1 3 7 3 10 6 9 3 1 3 7 9 6 3 6 6 9 5 1 9 6 8 10 3 7 3 6 1
split_gain=0.876974 2.0857 1.68314 2.74979 1.38596 1.52655 1.68457 1.95033 3.21438 2.19761 2.8262 3.39089 3.38484 3.34434 2.17022 2.16223 1.67556 1.63603 1.56406 2.48472 1.54244 1.54173 1.81252 1.92847 2.13398 1.78492 1.58649 1.80646 2.02061 1.51902
threshold=58.250000000000007 51.500000000000007 12.500000000000002 7.2500000000000009 11.500000000000002 24.150000000000002 16.500000000000004 0.28416149068322988 91.450000000000017 14.350000000000003 3.5000000000000004 3.1500000000000008 1.5000000000000002 3.9500000000000006 0.60303030303030314 7.6500000000000012 0.40161290322580651 0.53950103950103967 2.3500000000000001 21.500000000000004 11.500000000000002 3.1500000000000008 0.13680926916221037 10.500000000000002 5.5000000000000009 5.9500000000000011 3.5000000000000004 11.350000000000003 0.072299651567944254 10.500000000000002
decision_type=2 2 2 2 2 2 2 2 2 2 2 2 2 2 2 2 2 2 2 2 2 2 2 2 2 2 2 2 2 2
left_child=-1 2 4 -4 5 6 7 21 9 10 11 13 -13 -9 17 16 -14 18 19 -12 -20 -2 23 24 25 -23 -26 28 -28 -24
right_child=1 -3 3 -5 -6 -7 -8 8 -10 -11 14 12 15 -15 -16 -17 -18 -19 20 -21 -22 22 29 -25 26 -27 27 -29 -30 -31
leaf_value=-1.0865645859018717e-05 -0.0012563998412483805 0.0047124785196877286 -0.0037132812785116141 -8.728770490720267e-05 -0.00044687420647123279 -6.4823859514359181e-05 -0.0028506892346540245 0.00130266276292137 -0.0053048586894522652 0.0021836734723977066 0.0054068159582583526 0.0049705764832703968 -0.0041007326110448243 0.0088708415686039981 0.002989698669430441 0.0022083116757373013 0.00050407779923940103 -0.0048752719326054343 -0.001209129204187448 -0.0011116755697718364 0.0025256599923682826 0.0054841196461674875 0.0016875077983367743 0.003769473908402079 -0.0044327021187397639 0.00060056549170817706 -0.00072063436861648114 -0.0020346026803924246 0.0052159625638362964 0.0042786880386588358
leaf_weight=514112 202 93 248 781 1881 3558 118 112 91 528 95 115 179 99 146 144 118 85 1424 118 107 89 1775 139 107 277 129 269 86 230
leaf_count=514112 202 93 248 781 1881 3558 118 112 91 528 95 115 179 99 146 144 118 85 1424 118 107 89 1775 139 107 277 129 269 86 230
internal_value=-4.63376e-06 0.000235484 0.00020406 -0.000961191 0.000302174 0.000438437 0.000702459 0.000765375 0.000256598 0.000411366 7.00905e-05 0.00161561 0.000386804 0.00485361 -0.00053012 -0.00080851 -0.00227121 -0.000811089 -0.000613007 0.00179563 -0.000948109 0.00128309 0.00144851 0.000467522 -1.20721e-05 0.0017881 -0.0011269 -0.000396069 0.001654 0.00198475
internal_weight=527455 13343 13250 1029 12221 10340 6782 6664 3361 3270 2742 767 556 211 1975 441 297 1829 1744 213 1531 3303 3101 1096 957 366 591 484 215 2005
internal_count=527455 13343 13250 1029 12221 10340 6782 6664 3361 3270 2742 767 556 211 1975 441 297 1829 1744 213 1531 3303 3101 1096 957 366 591 484 215 2005
is_linear=0
shrinkage=0.03


Tree=251
num_leaves=31
num_cat=0
split_feature=11 10 2 3 5 7 3 5 1 9 9 4 9 9 3 3 3 9 2 11 11 8 9 3 11 4 1 11 5 9
split_gain=0.853947 1.62695 1.50538 1.60948 2.45216 1.59609 3.50437 1.79782 1.93913 2.87654 2.48837 2.00564 1.723 1.66752 2.33838 1.64661 1.61045 1.51518 1.43772 1.41476 1.35858 2.72371 2.68973 1.99534 2.29904 2.54055 2.102 2.02166 3.5583 4.17134
threshold=69.500000000000014 2.5000000000000004 59.250000000000007 7.0500000000000007 18.500000000000004 5.5000000000000009 2.7500000000000004 5.5000000000000009 4.5000000000000009 2.1500000000000008 2.5500000000000003 1.5000000000000002 3.3500000000000001 4.9500000000000011 2.3500000000000001 2.3500000000000001 10.250000000000002 1.7500000000000002 54.250000000000007 97.500000000000014 18.500000000000004 1.5000000000000002 2.7500000000000004 8.4500000000000011 19.500000000000004 1.5000000000000002 5.5000000000000009 51.500000000000007 5.5000000000000009 17.750000000000004
decision_type=2 2 2 2 2 2 2 2 2 2 2 2 2 2 2 2 2 2 2 2 2 2 2 2 2 2 2 2 2 2
left_child=20 2 5 4 -4 7 -7 8 9 17 -10 13 18 15 -15 -12 -9 -2 -11 -20 21 -1 -23 24 25 -22 -27 -26 29 -29
right_child=1 -3 3 -5 -6 6 -8 16 10 12 11 -13 -14 14 -16 -17 -18 -19 19 -21 23 22 -24 -25 27 26 -28 28 -30 -31
leaf_value=-0.00081453567595611901 0.00043130989644051974 -2.376979731959539e-05 0.0058685963780044405 -0.00020266774125641914 0.00043066452236523509 0.0032009665012190732 -0.00017607888582242101 -0.001279018942404122 0.0006297748981445553 0.00056435817240535751 -0.0037386252040596444 -0.00062959526811047625 0.00082056741601496978 -0.0010023863953704546 -0.0074746625961363312 0.00081948307305574415 -0.00026262324074764417 -0.0035566633788266162 0.0074855244817102658 0.0024249020063308708 -0.0013273106115834358 0.0039980044208366315 -5.0084819006174041e-05 4.7457862089822968e-06 0.0001055380013399453 0.0067037794669345015 0.0018555673185439237 0.00077269995245571581 7.3552392019130946e-05 0.0031961109832854277
leaf_weight=4338 173 156363 128 392 179 284 10547 4107 1040 97 136 1475 686 84 125 150 2131 170 102 97 130 148 79172 190959 61943 125 226 4503 6700 745
leaf_count=4338 173 156363 128 392 179 284 10547 4107 1040 97 136 1475 686 84 125 150 2131 170 102 97 130 148 79172 190959 61943 125 226 4503 6700 745
internal_value=-4.44626e-06 -5.78255e-05 -0.000298745 0.00107128 0.00269795 -0.000343487 -8.75293e-05 -0.00060569 -0.000136419 0.000819906 -0.000557392 -0.00118412 0.00164602 -0.00283649 -0.00487336 -0.00134801 -0.000931802 -0.00154524 0.00355906 0.00501879 2.28508e-05 -8.25631e-05 -4.25317e-05 5.60875e-05 0.000187913 0.00225526 0.00358214 0.000174456 0.000531752 0.00111672
internal_weight=527455 178466 22103 699 307 21404 10831 10573 4335 1325 3010 1970 982 495 209 286 6238 343 296 199 348989 83658 79320 265331 74372 481 351 73891 11948 5248
internal_count=527455 178466 22103 699 307 21404 10831 10573 4335 1325 3010 1970 982 495 209 286 6238 343 296 199 348989 83658 79320 265331 74372 481 351 73891 11948 5248
is_linear=0
shrinkage=0.03


Tree=252
num_leaves=31
num_cat=0
split_feature=1 10 4 8 6 6 9 11 7 9 4 5 6 10 11 11 5 11 9 2 9 2 1 9 9 11 6 2 6 10
split_gain=0.845023 1.07875 1.78477 1.03678 1.01822 2.80165 1.02656 0.927022 1.47298 2.93942 3.16891 2.33984 2.14415 2.13165 1.57265 1.99279 1.4859 2.5921 1.89773 1.3857 1.84115 1.30428 1.55783 2.84979 2.08375 1.94889 1.26854 1.30572 1.20893 1.9256
threshold=16.500000000000004 2.5000000000000004 2.5000000000000004 1.5000000000000002 0.84807692307692317 0.60303030303030314 5.2500000000000009 103.50000000000001 3.5000000000000004 3.2500000000000004 2.5000000000000004 7.5000000000000009 0.50531914893617025 1.5000000000000002 125.50000000000001 181.50000000000003 6.5000000000000009 132.50000000000003 2.3500000000000001 56.750000000000007 6.2500000000000009 58.250000000000007 12.500000000000002 7.7500000000000009 13.350000000000003 49.500000000000007 0.39314988290398128 55.750000000000007 0.70185185185185195 3.5000000000000004
decision_type=2 2 2 2 2 2 2 2 2 2 2 2 2 2 2 2 2 2 2 2 2 2 2 2 2 2 2 2 2 2
left_child=7 2 3 -2 5 -3 -7 21 16 10 13 -12 -13 -10 -15 -16 17 19 26 -9 -21 -1 -23 25 -25 -24 -18 -28 -20 -30
right_child=1 4 -4 -5 -6 6 -8 8 9 -11 11 12 -14 14 15 -17 18 -19 28 20 -22 22 23 24 -26 -27 27 -29 29 -31
leaf_value=1.23524661433036e-05 -0.0016764585711061953 -0.00027864786773130877 -0.00059980003345190319 -0.0061813901371738696 -0.0027178851012734971 0.001246824560555346 0.0053703928943633012 0.00049476439373211274 0.0063105751364491876 -6.0450485101521553e-05 -0.0010088538878586194 0.0036457858877906274 -0.00059975105047714507 -0.00031558473704552112 0.0054061327598893131 0.00019492893660854962 0.0012252053655459579 -0.00057907377782146169 -0.00073421603277871669 0.0052303411060182206 -0.00049338423398539153 0.0004531941625173619 -0.0057967695054862442 0.0042500434728572145 -0.00059937822312164076 -7.5554976106754373e-05 -0.0046790250804384847 -0.0017169789360979429 -0.00024906817186833512 0.0037334760061094128
leaf_weight=395582 90 5037 599 94 141 115 103 1961 135 102539 586 258 183 165 170 108 83 3429 4064 132 82 9809 148 96 471 84 204 390 453 144
leaf_count=395582 90 5037 599 94 141 115 103 1961 135 102539 586 258 183 165 170 108 83 3429 4064 132 82 9809 148 96 471 84 204 390 453 144
internal_value=-4.27356e-06 -0.000353042 -0.00139363 -0.00397789 -0.000202045 -0.000134541 0.00319512 -1.39396e-07 -7.52992e-05 -4.05104e-05 0.00123341 0.000233369 0.00188403 0.0030103 0.00200457 0.00338164 -0.000406413 -6.52148e-05 -0.000764614 0.000744911 0.00303714 2.11557e-05 0.000349435 -0.00092437 0.000221688 -0.0037253 -0.00224882 -0.00273425 -0.000549037 0.000711545
internal_weight=527455 6179 783 184 5396 5255 218 521276 115086 104144 1605 1027 441 578 443 278 10942 5604 5338 2175 214 406190 10608 799 567 232 677 594 4661 597
internal_count=527455 6179 783 184 5396 5255 218 521276 115086 104144 1605 1027 441 578 443 278 10942 5604 5338 2175 214 406190 10608 799 567 232 677 594 4661 597
is_linear=0
shrinkage=0.03


Tree=253
num_leaves=31
num_cat=0
split_feature=0 1 4 1 0 4 6 9 4 0 8 7 8 6 11 5 6 2 5 9 2 9 11 7 7 4 5 6 9 9
split_gain=0.856306 6.93345 4.19038 3.60319 4.32501 3.27754 2.8665 2.53546 2.39159 2.24568 1.85439 1.7215 1.87466 2.13349 1.85103 4.32342 3.6929 2.658 2.71244 1.8609 3.09719 2.4848 2.93819 2.16263 1.87367 1.67545 1.61739 1.60865 1.60732 2.02893
threshold=4.5000000000000009 8.5000000000000018 6.5000000000000009 4.5000000000000009 3.5000000000000004 6.5000000000000009 0.16172624237140368 4.2500000000000009 5.5000000000000009 7.5000000000000009 4.5000000000000009 14.500000000000002 11.500000000000002 0.44562647754137119 26.500000000000004 19.500000000000004 0.77097902097902116 57.750000000000007 20.500000000000004 5.3500000000000005 53.500000000000007 6.3500000000000005 14.500000000000002 3.5000000000000004 4.5000000000000009 2.5000000000000004 17.500000000000004 0.37089947089947095 7.7500000000000009 45.95000000000001
decision_type=2 2 2 2 2 2 2 2 2 2 2 2 2 2 2 2 2 2 2 2 2 2 2 2 2 2 2 2 2 2
left_child=3 2 6 4 -1 -5 7 25 -6 11 -9 14 13 -13 15 16 19 18 -17 20 23 22 27 -8 -24 -2 -12 -21 -23 -30
right_child=1 -3 -4 5 8 -7 9 10 -10 -11 26 12 -14 -15 -16 17 -18 -19 -20 21 -22 28 24 -25 -26 -27 -28 -29 29 -31
leaf_value=-7.6559520761811586e-06 0.0065603530651528021 -4.6284224642597587e-05 4.266986507233244e-05 -0.00043025711140570782 0.00096758928727267086 -5.371545773023411e-05 -0.0010792290386946303 -0.00018817553461083009 0.00016958010997498302 0.001587284725418963 0.00097793561633569654 -0.0024951850786615326 -0.0049738924833945932 0.0031284723092209208 0.0005447384520944977 -0.0052720293604458365 -0.001355635660882652 -0.004226112157734491 -0.00013563193302982177 0.0026497400259332996 0.00017535780674084406 -0.0009342082715801007 -0.00049514118425378741 -0.0069247188081139142 0.0044405530725080185 0.0020242544664245731 0.0032690394693054257 0.0081964640238835849 0.0011133549241045008 -0.00098770336366583262
leaf_weight=137208 112 226784 28364 33865 6528 53947 138 1236 7009 1285 7472 157 112 99 14055 108 1121 296 646 84 1755 538 220 97 101 212 288 107 3032 479
leaf_count=137208 112 226784 28364 33865 6528 53947 138 1236 7009 1285 7472 157 112 99 14055 108 1121 296 646 84 1755 538 220 97 101 212 288 107 3032 479
internal_value=-4.10398e-06 3.0631e-05 0.000311456 -4.61688e-05 4.28177e-05 -0.00019893 0.000537347 0.000984972 0.000554407 0.000366579 0.000891066 0.000298806 -0.00173669 -0.000320411 0.000331693 -1.16177e-05 0.000235479 -0.00181707 -0.000871349 0.000507749 -0.000257728 0.000841733 0.00281087 -0.00349205 0.00105783 0.00359229 0.00106297 0.00575707 0.000592734 0.000826711
internal_weight=527455 288898 62114 238557 150745 87812 33750 9320 13537 24430 8996 23145 368 256 22777 8722 7672 1050 754 6551 1990 4561 512 235 321 324 7760 191 4049 3511
internal_count=527455 288898 62114 238557 150745 87812 33750 9320 13537 24430 8996 23145 368 256 22777 8722 7672 1050 754 6551 1990 4561 512 235 321 324 7760 191 4049 3511
is_linear=0
shrinkage=0.03


Tree=254
num_leaves=31
num_cat=0
split_feature=3 7 11 6 11 3 6 10 11 10 9 2 11 3 2 3 9 11 9 3 5 5 9 9 11 5 11 9 9 10
split_gain=0.840181 0.978626 2.00514 1.91229 1.94315 2.28208 1.80859 2.26455 1.64741 1.67665 2.5849 1.55318 1.51182 1.48832 4.18701 2.40431 1.82144 1.59653 1.48135 3.17885 2.11965 1.46503 1.45068 1.94057 1.43973 4.93821 1.61849 2.04317 1.8582 2.41278
threshold=291.85000000000008 2.5000000000000004 8.5000000000000018 0.31311274509803927 40.500000000000007 27.050000000000004 0.48074074074074075 11.500000000000002 83.500000000000014 3.5000000000000004 10.950000000000001 57.750000000000007 1.0000000180025095e-35 2.5500000000000003 54.250000000000007 1.9500000000000002 4.6500000000000012 22.500000000000004 4.2500000000000009 9.0500000000000025 14.500000000000002 5.5000000000000009 7.3500000000000005 4.5500000000000007 21.500000000000004 5.5000000000000009 77.500000000000014 20.250000000000004 10.750000000000002 13.500000000000002
decision_type=2 2 2 2 2 2 2 2 2 2 2 2 2 2 2 2 2 2 2 2 2 2 2 2 2 2 2 2 2 2
left_child=1 2 6 4 -4 8 21 -8 9 11 22 -6 -3 14 24 16 -16 -18 -10 20 -20 -1 23 -11 25 -14 27 28 29 -26
right_child=-2 12 3 -5 5 -7 7 -9 18 10 -12 -13 13 -15 15 -17 17 -19 19 -21 -22 -23 -24 -25 26 -27 -28 -29 -30 -31
leaf_value=-0.0026135382515384748 -0.00018111979769931487 -0.0030734937756755312 -0.00020827060824156105 -5.1314123223129336e-05 -0.0054143858611395085 3.3932973950773203e-06 0.0033667202181802969 -0.0014011159554882123 -0.0029608712333224789 0.0013608059597095387 -0.003037299931633063 -0.0013439025001898974 -0.0040704472564583698 1.4808058074634543e-05 0.0010597608159638461 0.0014042272576974123 -0.0034005638834621226 -0.00025332268830751206 0.00083327723719741936 -0.0016231181977368959 0.0064886055159640603 0.00074950329929504621 0.0020529386765472794 -0.0031336159335937602 6.9518426528761672e-05 0.0019791640465468556 -0.00089888989254712762 0.0051262954725273726 -0.0036092420803987874 0.0046855473217760277
leaf_weight=143 23023 142 7790 60855 237 1222 434 113 188 149 568 131 343 422707 898 3362 175 848 212 428 83 631 181 206 646 188 1247 87 97 121
leaf_count=143 23023 142 7790 60855 237 1222 434 113 188 149 568 131 343 422707 898 3362 175 848 212 428 83 631 181 206 646 188 1247 87 97 121
internal_value=-3.89057e-06 4.19842e-06 -9.69231e-05 -0.000118101 -0.000474773 -0.00105066 0.00106134 0.00238177 -0.00159117 -0.00221171 -0.00162715 -0.00396538 2.14653e-05 2.24856e-05 0.000427548 0.000920454 7.37891e-05 -0.000791707 -0.000588506 2.83741e-05 0.00242444 0.000128166 -0.000132804 -0.00124722 -0.000526656 -0.00192859 -0.000187973 0.000744218 0.000302967 0.000797732
internal_weight=527455 504432 73571 72250 11395 3605 1321 547 2383 1472 1104 368 430861 430719 8012 5283 1921 1023 911 723 295 774 536 355 2729 531 2198 951 864 767
internal_count=527455 504432 73571 72250 11395 3605 1321 547 2383 1472 1104 368 430861 430719 8012 5283 1921 1023 911 723 295 774 536 355 2729 531 2198 951 864 767
is_linear=0
shrinkage=0.03


Tree=255
num_leaves=31
num_cat=0
split_feature=10 7 11 9 1 1 2 4 5 9 5 7 4 10 11 9 11 4 9 4 2 11 1 8 7 2 7 0 9 10
split_gain=0.844904 1.24177 1.25955 2.54447 2.06719 2.88922 1.94122 1.93713 1.24503 1.77481 1.45395 1.30829 1.30505 1.23536 1.42658 1.42071 1.27407 1.4639 1.82809 1.54083 1.35033 1.4361 1.3238 1.73867 1.3228 1.2961 1.58622 1.79686 2.21554 2.5684
threshold=1.5000000000000002 1.5000000000000002 15.500000000000002 5.8500000000000005 3.5000000000000004 9.5000000000000018 54.250000000000007 3.5000000000000004 10.500000000000002 22.450000000000003 5.5000000000000009 7.5000000000000009 6.5000000000000009 11.500000000000002 272.50000000000006 37.050000000000004 174.50000000000003 2.5000000000000004 4.3500000000000005 6.5000000000000009 55.250000000000007 36.500000000000007 4.5000000000000009 6.5000000000000009 2.5000000000000004 54.250000000000007 1.5000000000000002 2.5000000000000004 6.9500000000000011 12.500000000000002
decision_type=2 2 2 2 2 2 2 2 2 2 2 2 2 2 2 2 2 2 2 2 2 2 2 2 2 2 2 2 2 2
left_child=1 -1 3 4 -3 7 -5 -6 10 -10 11 -8 -12 14 -2 16 20 24 -19 -20 22 -22 23 25 -18 26 -15 28 -28 -30
right_child=13 2 -4 6 5 -7 8 -9 9 -11 12 -13 -14 15 -16 -17 17 18 19 -21 21 -23 -24 -25 -26 -27 27 -29 29 -31
leaf_value=-0.00064901655108634776 5.0738488054413345e-05 0.00076840324108970568 -2.3415720740124665e-05 -0.001343624700789865 -0.0070724845414714878 -0.0004840953637288941 0.0025271792746632965 -0.0019657170284273369 0.003216268862308613 -0.00037106697474690025 -0.0032236049507758506 -0.00082582076974671537 0.00029850013092784245 -0.0013056877873053676 -0.0005281840702562327 -2.9357675562421849e-06 -0.0010583636436728746 0.0020123297873545776 -0.0023716256358638044 -0.00036552170477200139 -0.00059113326832324262 -5.4171726206821301e-05 -0.0001628653024423465 -0.0003203534705260226 -0.0055635157265965266 0.0011106671641320813 -0.0012589571804431429 0.0016048304370545451 -0.0029278521656216877 0.0010960246049279403
leaf_weight=3921 302616 145 28505 821 184 194 229 105 290 217 201 193 179 532 3880 133815 127 209 492 1150 10513 7815 22369 3049 109 2344 798 896 159 1398
leaf_count=3921 302616 145 28505 821 184 194 229 105 290 217 201 193 179 532 3880 133815 127 209 492 1150 10513 7815 22369 3049 109 2344 798 896 159 1398
internal_value=-3.74063e-06 -0.000145765 -8.26469e-05 -0.000694824 -0.00237298 -0.00331605 -0.000200043 -0.00521708 0.000517207 0.00168086 -0.000218419 0.000993698 -0.00156451 6.41023e-06 4.34098e-05 -5.46325e-05 -0.00018777 -0.000913967 -0.000630261 -0.00096662 -0.000157381 -0.000362175 -3.83934e-05 0.000265041 -0.00313913 0.000556353 0.000212891 0.000461395 2.6355e-05 0.000685108
internal_weight=527455 35184 31263 2758 628 483 2130 289 1309 507 802 422 380 492271 306496 185775 51960 2087 1851 1642 49873 18328 31545 9176 236 6127 3783 3251 2355 1557
internal_count=527455 35184 31263 2758 628 483 2130 289 1309 507 802 422 380 492271 306496 185775 51960 2087 1851 1642 49873 18328 31545 9176 236 6127 3783 3251 2355 1557
is_linear=0
shrinkage=0.03


Tree=256
num_leaves=31
num_cat=0
split_feature=0 1 3 1 0 4 6 8 3 6 11 5 6 3 11 7 0 11 11 5 5 7 9 6 11 3 11 1 3 9
split_gain=0.82716 6.61878 4.67033 3.4075 4.1125 3.11942 2.95349 3.64739 2.50197 2.73091 4.53474 2.53951 2.37305 3.57074 3.48451 2.50621 2.35699 2.2094 2.59619 2.38721 2.17284 2.02515 2.01775 1.87143 1.86269 2.50735 3.07843 1.79503 1.78744 1.74494
threshold=4.5000000000000009 8.5000000000000018 21.350000000000005 4.5000000000000009 3.5000000000000004 6.5000000000000009 0.12613636363636366 1.5000000000000002 7.0500000000000007 0.38548951048951058 14.500000000000002 14.500000000000002 0.61651583710407254 6.0500000000000007 42.500000000000007 5.5000000000000009 7.5000000000000009 7.5000000000000009 16.500000000000004 7.5000000000000009 11.500000000000002 14.500000000000002 25.250000000000004 0.42365967365967372 84.500000000000014 3.0500000000000003 56.500000000000007 6.5000000000000009 4.6500000000000012 60.250000000000007
decision_type=2 2 2 2 2 2 2 2 2 2 2 2 2 2 2 2 2 2 2 2 2 2 2 2 2 2 2 2 2 2
left_child=3 2 6 4 -1 -5 7 -2 9 10 -6 20 13 14 23 -16 17 19 29 -8 -12 -20 27 -11 25 -14 28 -23 -27 -19
right_child=1 -3 -4 5 8 -7 16 -9 -10 12 11 -13 24 -15 15 -17 -18 18 21 -21 -22 22 -24 -25 -26 26 -28 -29 -30 -31
leaf_value=-7.6395023962931472e-06 0.0054577554245056068 -4.4625833365421952e-05 1.8054932699245925e-05 -0.00041919084987771996 0.0062369297872963952 -5.1844406828244792e-05 -0.00044343817431741114 0.00095091139436743197 0.00027719724525372208 -0.0057372806527252705 0.0016821015049919028 -0.0012833313503171242 0.00055161089615280909 0.0035122993737459183 -0.00064966323929367936 0.004238811088598346 0.0016774471590006123 -0.00059414329651392593 0.00045699916309025173 0.0040171702452315447 0.006177076854716951 -0.0028984056798850785 -0.0040219342186436306 -0.0016495870082733398 -0.0012364040540590409 0.0042393506393866602 0.0085682174563407893 0.0029177411532866843 0.00017072946171868929 0.0022259897221788834
leaf_weight=137208 165 226784 28031 33865 211 53947 171 7876 9556 126 1014 241 513 180 267 146 1212 3577 20203 293 107 85 183 504 189 217 90 109 176 209
leaf_count=137208 165 226784 28031 33865 211 53947 171 7876 9556 126 1014 241 513 180 267 146 1212 3577 20203 293 107 85 183 504 189 217 90 109 176 209
internal_value=-3.615e-06 3.05237e-05 0.000304902 -4.49578e-05 4.15785e-05 -0.000193513 0.000540814 0.00104339 0.000540442 0.00117233 0.00214451 0.00151051 0.000537273 -0.000389754 -0.00106317 0.00107847 0.000385633 0.000322577 0.000283526 0.00237328 0.00211115 0.000416346 -0.00176219 -0.00246713 0.00149403 0.00201215 0.00356341 0.000369429 0.00241727 -0.000438462
internal_weight=527455 288898 62114 238557 150745 87812 34083 8041 13537 3981 1573 1362 2408 1223 1043 413 26042 24830 24366 464 1121 20580 377 630 1185 996 483 194 393 3786
internal_count=527455 288898 62114 238557 150745 87812 34083 8041 13537 3981 1573 1362 2408 1223 1043 413 26042 24830 24366 464 1121 20580 377 630 1185 996 483 194 393 3786
is_linear=0
shrinkage=0.03


Tree=257
num_leaves=31
num_cat=0
split_feature=2 9 3 8 10 4 9 9 6 11 11 8 10 9 9 3 3 11 5 9 9 6 3 4 10 11 6 9 3 5
split_gain=0.830071 3.42867 1.4478 3.41724 1.39532 1.09928 1.0389 2.42029 1.72947 2.40288 1.46397 1.36102 1.05218 3.78857 2.02229 4.61994 3.42418 2.10476 1.98434 1.78367 1.78547 1.82512 1.63795 1.51364 1.05848 0.900173 3.96583 1.33164 3.20666 3.64628
threshold=51.750000000000007 2.3500000000000001 3.1500000000000008 3.5000000000000004 2.5000000000000004 2.5000000000000004 10.550000000000002 13.350000000000003 0.17445652173913045 42.500000000000007 140.50000000000003 5.5000000000000009 1.5000000000000002 6.5500000000000007 6.1500000000000012 5.2500000000000009 5.0500000000000007 42.500000000000007 10.500000000000002 9.9500000000000011 7.1500000000000012 0.23845060412224592 14.950000000000001 4.5000000000000009 3.5000000000000004 6.5000000000000009 0.70710784313725505 7.9500000000000011 15.850000000000003 9.5000000000000018
decision_type=2 2 2 2 2 2 2 2 2 2 2 2 2 2 2 2 2 2 2 2 2 2 2 2 2 2 2 2 2 2
left_child=1 5 3 4 -3 -1 10 8 -8 11 12 -10 13 -4 16 -16 17 24 -18 20 23 -22 -23 -17 -14 26 27 -2 29 -29
right_child=25 2 6 -5 -6 -7 7 -9 9 -11 -12 -13 14 -15 15 19 18 -19 -20 -21 21 22 -24 -25 -26 -27 -28 28 -30 -31
leaf_value=-0.0063022035138129966 -0.0010812590362928433 0.002208835238032043 -0.0055826471677884971 0.0051876286832023633 -0.0023722170285205512 -0.0017362376780841837 -0.00023644327898912222 -0.00018307667861149033 -0.0012740478340698325 0.005825864816721104 -0.0045251091333727038 0.003498733906573293 -0.00042463366985321039 0.002030287113492236 -0.0064019328007038599 -0.0053261287609736117 -0.0010335798496839551 0.0074434267275217099 0.0034412674666108455 -0.0045080122815054505 -0.00094422893349581166 0.0044014362937637736 -0.00014422730062036744 -0.00051957228743846999 0.0041144614822642743 4.397965661205736e-07 0.0068808549251818257 0.00059238382531526745 0.00012991269712844252 0.0058499187603592868
leaf_weight=103 518 100 145 151 149 88 243 15039 115 158 90 101 100 99 141 90 710 82 102 93 272 168 124 171 86 505163 85 284 2481 204
leaf_count=103 518 100 145 151 149 88 243 15039 115 158 90 101 100 99 141 90 710 82 102 93 272 168 124 171 86 505163 85 284 2481 204
internal_value=-3.42381e-06 -0.000199615 -0.000158393 0.00162689 -0.000532437 -0.00419851 -0.000197784 -0.000107524 0.00173402 0.00301429 -0.000769198 0.00095767 -0.000627346 -0.00249379 -0.000414437 -0.00134598 0.00049899 0.00343933 -0.000471468 -0.000569408 -0.00012542 0.000823984 0.00247109 -0.00217701 0.00167409 3.79546e-06 0.000478363 0.000322295 0.000567172 0.00279021
internal_weight=527455 18720 18529 400 249 191 18129 15656 617 374 2473 216 2383 244 2139 1059 1080 268 812 918 825 564 292 261 186 508735 3572 3487 2969 488
internal_count=527455 18720 18529 400 249 191 18129 15656 617 374 2473 216 2383 244 2139 1059 1080 268 812 918 825 564 292 261 186 508735 3572 3487 2969 488
is_linear=0
shrinkage=0.03


Tree=258
num_leaves=31
num_cat=0
split_feature=3 7 11 6 11 3 9 6 6 0 9 11 5 6 3 3 8 0 6 3 7 6 9 4 6 11 0 3 6 8
split_gain=0.80731 0.989873 1.90568 1.80314 1.79965 2.21091 1.89296 3.32585 1.79353 2.40184 1.61197 1.74097 1.55139 1.7081 1.56246 1.40083 1.75438 1.91182 2.43952 3.47493 2.10466 2.02112 1.99822 2.16481 1.75339 2.95114 2.40083 3.61644 2.97623 2.95096
threshold=1.5500000000000003 2.5000000000000004 8.5000000000000018 0.133974358974359 14.500000000000002 14.950000000000001 23.650000000000002 0.11200716845878138 0.48074074074074075 3.5000000000000004 1.7500000000000002 22.500000000000004 6.5000000000000009 0.33072916666666669 9.0500000000000025 5.0500000000000007 1.5000000000000002 4.5000000000000009 0.6198686371100165 6.8500000000000005 4.5000000000000009 0.73508771929824568 4.3500000000000005 4.5000000000000009 0.43534002229654406 6.5000000000000009 5.5000000000000009 4.8500000000000005 0.3465463108320252 2.5000000000000004
decision_type=2 2 2 2 2 2 2 2 2 2 2 2 2 2 2 2 2 2 2 2 2 2 2 2 2 2 2 2 2 2
left_child=-1 2 8 4 -4 6 7 -6 9 -2 11 -5 -11 14 -14 24 17 -17 20 21 -19 -20 -22 -24 25 -3 -27 28 29 -28
right_child=1 15 3 10 5 -7 -8 -9 -10 12 -12 -13 13 -15 -16 16 -18 18 19 -21 22 -23 23 -25 -26 26 27 -29 -30 -31
leaf_value=0.00052386421821209712 -0.0022217401415074224 0.0058340257270769642 0.0012050015932839849 -0.00086867284560900959 0.0016571050869711374 -0.00031170744810004913 -0.0062240701555818703 -0.0052993119521639659 0.0023720033197786729 -0.0015420620241275173 -0.00014527080467460857 0.00086694999817926971 0.0064616799849112295 -4.9437422443319246e-05 0.001353166414406693 -0.00091203073327268669 2.617189487377729e-06 -0.0015428320898471638 0.0059204009437299034 -6.7308486365762199e-05 0.00029069045261832078 0.0013210385013943068 -0.0064001245554103411 -0.0003013757607506922 -3.4020056073434222e-05 6.428584216706811e-05 -0.00093828576846583509 0.0026256085069753781 0.0016874322507112751 0.00055727994842754357
leaf_weight=2602 263 88 184 645 118 335 154 130 530 128 66250 2687 113 162 103 3982 401377 992 182 570 2634 163 86 134 19762 13169 1478 793 1602 6039
leaf_count=2602 263 88 184 645 118 335 154 130 530 128 66250 2687 113 162 103 3982 401377 992 182 570 2634 163 86 134 19762 13169 1478 793 1602 6039
internal_value=-3.26125e-06 -5.87452e-06 -0.000109364 -0.000130343 -0.00144906 -0.00211167 -0.00361164 -0.0019894 0.00102925 0.000103817 -0.000112888 0.000530973 0.00131256 0.0022792 0.00402568 1.05271e-05 -6.54042e-06 -0.000426951 -2.12412e-05 0.00137101 -0.000352472 0.00374737 6.12767e-05 -0.00268543 0.000173573 0.00035064 0.000329734 0.000682405 0.000513422 0.00026322
internal_weight=527455 524853 71802 70503 921 737 402 248 1299 769 69582 3332 506 378 216 453051 410120 8743 4761 915 3846 345 2854 220 42931 23169 23081 9912 9119 7517
internal_count=527455 524853 71802 70503 921 737 402 248 1299 769 69582 3332 506 378 216 453051 410120 8743 4761 915 3846 345 2854 220 42931 23169 23081 9912 9119 7517
is_linear=0
shrinkage=0.03


Tree=259
num_leaves=31
num_cat=0
split_feature=10 7 3 5 11 5 3 3 3 1 5 9 7 2 6 11 7 3 9 5 11 9 11 2 2 5 3 1 3 1
split_gain=0.799219 1.44804 2.19163 2.44054 1.6756 1.8321 1.50223 1.9343 1.50109 1.80839 2.26532 2.20465 1.99757 3.12096 1.97188 1.43557 2.20104 1.72073 2.45923 2.76803 2.81042 1.57563 1.55787 1.9398 1.55248 1.4228 2.52935 1.44327 2.05986 1.9334
threshold=11.500000000000002 13.500000000000002 25.350000000000005 20.500000000000004 42.500000000000007 2.5000000000000004 7.8500000000000005 12.350000000000003 10.050000000000002 1.5000000000000002 8.5000000000000018 29.050000000000004 14.500000000000002 56.750000000000007 0.38548951048951058 140.50000000000003 3.5000000000000004 3.7500000000000004 3.2500000000000004 3.5000000000000004 174.50000000000003 1.9500000000000002 146.50000000000003 56.750000000000007 55.250000000000007 21.500000000000004 13.15 6.5000000000000009 3.8500000000000001 11.500000000000002
decision_type=2 2 2 2 2 2 2 2 2 2 2 2 2 2 2 2 2 2 2 2 2 2 2 2 2 2 2 2 2 2
left_child=1 15 3 4 -3 -6 -5 -8 9 -7 11 -11 13 -12 -14 -1 22 18 -18 -20 -21 -19 23 -17 -23 27 -27 -24 29 -29
right_child=-2 2 -4 6 5 8 7 -9 -10 10 12 -13 14 -15 -16 16 17 21 19 20 -22 24 25 -25 -26 26 -28 28 -30 -31
leaf_value=5.7700666844889779e-05 -5.3213115945100546e-05 -0.0015651738471416006 -3.3082482579039195e-05 -0.0022212164495782607 -0.0024473666134037712 0.0042569260856258539 0.0059207275317561241 0.00098953172348894875 -0.00076064895287176722 0.00017618300300091503 0.0025573483180285485 -0.0034691496838305915 0.0062784878391835648 -0.0048677854104475539 0.0013555811260648342 -0.0050034686157722835 0.0051033485820516939 -0.0042028757185865948 -0.0041494859497373301 -0.0015615057428206862 0.0046659028104462678 -0.00043068278920689699 0.00013254640222603025 0.00071197915138327512 0.00022389844352588712 -0.0059847384826703497 -0.00057144570249011574 -0.0044354959896256057 -0.00057812451836028976 -0.00019120690721473164
leaf_weight=297407 185775 1951 19059 87 387 107 93 311 2169 505 121 212 118 88 193 161 139 83 90 116 149 5706 1904 80 7610 121 217 265 2079 152
leaf_count=297407 185775 1951 19059 87 387 107 93 311 2169 505 121 212 118 88 193 161 139 83 90 116 149 5706 1904 80 7610 121 217 265 2079 152
internal_value=-3.13159e-06 2.40983e-05 -0.000193829 -0.000676906 -0.000847388 -0.000488311 0.00135464 0.00212468 -0.000272497 0.000515302 0.000191654 -0.000901656 0.00169916 -0.000569024 0.00322344 4.16005e-05 -0.000212125 -1.81711e-05 0.00172064 0.000396144 0.00193994 -8.22783e-05 -0.00075332 -0.00310622 -5.65942e-05 -0.000633639 -0.00250934 -0.000489551 -0.000964099 -0.00288842
internal_weight=527455 341680 25401 6342 5851 3900 491 404 3513 1344 1237 717 520 209 311 316279 18872 13893 494 355 265 13399 4979 241 13316 4738 338 4400 2496 417
internal_count=527455 341680 25401 6342 5851 3900 491 404 3513 1344 1237 717 520 209 311 316279 18872 13893 494 355 265 13399 4979 241 13316 4738 338 4400 2496 417
is_linear=0
shrinkage=0.03


Tree=260
num_leaves=31
num_cat=0
split_feature=10 10 9 3 11 3 9 5 3 9 9 11 10 11 9 9 9 5 1 11 3 11 0 7 2 1 9 5 11 3
split_gain=0.80148 1.17772 1.36075 1.47083 1.42018 1.77459 2.07062 1.44334 3.02505 3.0443 2.32593 2.02716 1.96223 2.61949 2.04802 1.74976 2.03296 3.61051 1.55106 1.70419 1.53922 1.64737 2.83885 2.7026 1.89274 1.50407 1.41169 2.9924 1.58904 2.30847
threshold=1.5000000000000002 7.5000000000000009 5.4500000000000011 1.5500000000000003 21.500000000000004 2.8500000000000001 2.1500000000000008 6.5000000000000009 2.3500000000000001 2.7500000000000004 4.6500000000000012 49.500000000000007 10.500000000000002 132.50000000000003 2.9500000000000006 3.6500000000000008 5.0500000000000007 9.5000000000000018 9.5000000000000018 55.500000000000007 13.15 42.500000000000007 6.5000000000000009 4.5000000000000009 56.750000000000007 4.5000000000000009 5.6500000000000012 11.500000000000002 61.500000000000007 5.5500000000000007
decision_type=2 2 2 2 2 2 2 2 2 2 2 2 2 2 2 2 2 2 2 2 2 2 2 2 2 2 2 2 2 2
left_child=-1 -2 3 -3 5 -5 -7 10 -9 11 12 -10 13 14 -6 -11 20 -18 19 -19 21 22 -17 24 -23 -16 27 28 29 -4
right_child=1 2 26 4 7 6 -8 8 9 15 -12 -13 -14 -15 25 16 17 18 -20 -21 -22 23 -24 -25 -26 -27 -28 -29 -30 -31
leaf_value=-0.00014130799577079071 6.265326516847634e-05 0.0013561365746847858 0.0042388095151982266 -0.0022357492737591321 -0.0054069132650112536 0.0026003724950450385 -0.00074600052911096546 -0.0042408216632488262 0.0014363880177790467 -0.0012188724134283603 -0.0014229297907294 0.0074533212659580088 0.00012110717760663363 0.0034199338376389018 0.0015064986412391416 -0.00094977110863758501 0.0030925909646612126 0.0016096663745966823 -0.0059902215524576599 -0.0044402383348206053 -1.7821157454498097e-05 -0.0012612544309611865 0.0048050456569282279 0.0058607777554384411 0.0043716749741185097 -0.0022773279147474345 -2.1016894337155406e-05 0.0052466269740429903 -0.0017938484565989262 -8.5810284900670757e-05
leaf_weight=35184 201470 454 165 694 141 176 3056 118 110 493 1555 93 4642 84 127 264 128 88 100 80 437 127 109 213 93 370 276199 138 207 340
leaf_count=35184 201470 454 165 694 141 176 3056 118 110 493 1555 93 4642 84 127 264 128 88 100 80 437 127 109 213 93 370 276199 138 207 340
internal_value=-2.98183e-06 6.90474e-06 -3.17184e-05 -0.000322996 -0.000380322 -0.000859328 -0.000563772 -0.000179664 0.0004456 0.00068243 -0.000401339 0.00419291 -0.000105184 -0.00156009 -0.00221577 0.000348176 0.000819534 -0.00105237 -0.00303205 -0.00127124 0.00141589 0.00219323 0.000731931 0.00345204 0.00111994 -0.00131043 -1.72602e-05 0.00120345 0.000419805 0.00132718
internal_weight=527455 492271 290801 13752 13298 3926 3232 9372 2453 2335 6919 203 5364 722 638 2132 1639 396 268 168 1243 806 373 433 220 497 277049 850 712 505
internal_count=527455 492271 290801 13752 13298 3926 3232 9372 2453 2335 6919 203 5364 722 638 2132 1639 396 268 168 1243 806 373 433 220 497 277049 850 712 505
is_linear=0
shrinkage=0.03


Tree=261
num_leaves=31
num_cat=0
split_feature=0 1 3 7 6 8 1 0 3 4 11 11 6 3 11 1 7 11 2 11 3 2 7 10 3 6 8 4 10 3
split_gain=0.787031 5.8367 4.01185 2.56987 4.41382 2.28237 2.25688 4.18497 3.81862 2.34417 2.19119 2.01712 2.10669 4.37472 1.88743 1.77358 1.73113 2.42929 2.1351 2.03107 1.68671 1.68916 1.65775 2.28804 1.91899 2.38978 1.92613 1.7136 1.63289 1.67395
threshold=5.5000000000000009 8.5000000000000018 19.150000000000002 3.5000000000000004 0.35653753026634388 1.5000000000000002 6.5000000000000009 3.5000000000000004 48.550000000000004 7.5000000000000009 8.5000000000000018 7.5000000000000009 0.31866537717601556 10.250000000000002 56.500000000000007 4.5000000000000009 12.500000000000002 209.50000000000003 53.500000000000007 42.500000000000007 4.1500000000000012 55.750000000000007 9.5000000000000018 16.500000000000004 23.350000000000005 0.1226279985678482 11.500000000000002 5.5000000000000009 4.5000000000000009 137.05000000000004
decision_type=2 2 2 2 2 2 2 2 2 2 2 2 2 2 2 2 2 2 2 2 2 2 2 2 2 2 2 2 2 2
left_child=6 2 3 4 5 -2 7 -1 11 16 -6 12 13 -9 -7 -13 17 18 -8 -18 -19 -22 23 -3 25 26 -25 -28 -24 -30
right_child=1 22 -4 -5 10 14 9 8 -10 -11 -12 15 -14 -15 -16 -17 19 20 -20 -21 21 -23 28 24 -26 -27 27 -29 29 -31
leaf_value=-4.8900325055323339e-05 -0.0054376108179774096 -4.8351560636908342e-05 4.5792543448811293e-05 0.0010325570314478796 0.0053354355946622703 -0.0013686103454430497 -0.00088621221919877669 0.0082507349222393361 -0.00016380904491466192 -2.2675871441861843e-05 0.00058901665793462371 0.00074993778946617407 -0.00026218804885787814 0.0014664515043186603 0.0018164899842601947 0.00026392227381014864 -0.0024086774113862637 -0.0055529711783846025 -0.00013049040403088132 -0.00061623450037128207 -0.0035724133470250133 -5.4547599751815612e-05 -0.0002905542344510231 -0.0011484344200593877 -4.5473186388117034e-05 -0.00021682282351883793 -0.005977730702302635 -0.0010322959318354323 0.00024696472674536193 -6.7420647888831453e-05
leaf_weight=173856 107 101914 14000 10206 89 1085 3802 118 12678 48428 5324 9868 223 311 198 21439 641 106 29248 5062 199 321 9112 3407 5097 3217 146 111 43749 23393
leaf_count=173856 107 101914 14000 10206 89 1085 3802 118 12678 48428 5324 9868 223 311 198 21439 641 106 29248 5062 199 321 9112 3407 5097 3217 146 111 43749 23393
internal_value=-2.8577e-06 4.02693e-05 0.000421911 0.000731492 0.000279829 -0.00122813 -3.39963e-05 1.76272e-05 0.000276744 -0.000162453 0.000667057 0.00045151 0.00210304 0.00333252 -0.000877067 0.000417115 -0.000334349 -0.000252494 -0.000217427 -0.0008177 -0.00210389 -0.00140081 -2.19688e-05 -9.44495e-05 -0.000486671 -0.000813482 -0.00133735 -0.00384176 8.62874e-05 0.000137429
internal_weight=527455 221155 31009 17009 6803 1390 306300 218493 44637 87807 5413 31959 652 429 1283 31307 39379 33676 33050 5703 626 520 190146 113892 11978 6881 3664 257 76254 67142
internal_count=527455 221155 31009 17009 6803 1390 306300 218493 44637 87807 5413 31959 652 429 1283 31307 39379 33676 33050 5703 626 520 190146 113892 11978 6881 3664 257 76254 67142
is_linear=0
shrinkage=0.03


Tree=262
num_leaves=31
num_cat=0
split_feature=1 10 4 8 0 1 3 7 6 8 1 0 3 4 11 11 6 3 11 1 7 11 10 2 1 11 4 3 4 11
split_gain=0.784062 1.02232 1.70457 0.980624 0.973628 5.2762 3.83402 2.45221 4.2005 2.16354 2.15104 3.99221 3.62979 2.233 2.09715 1.92836 2.01202 4.18391 1.8005 1.69154 1.67168 3.80884 3.21121 2.1501 2.3427 2.40649 2.78086 2.13597 1.90032 1.73731
threshold=16.500000000000004 2.5000000000000004 2.5000000000000004 1.5000000000000002 5.5000000000000009 8.5000000000000018 19.150000000000002 3.5000000000000004 0.35653753026634388 1.5000000000000002 6.5000000000000009 3.5000000000000004 48.550000000000004 7.5000000000000009 8.5000000000000018 7.5000000000000009 0.31866537717601556 10.250000000000002 56.500000000000007 4.5000000000000009 4.5000000000000009 82.500000000000014 2.5000000000000004 53.500000000000007 9.5000000000000018 32.500000000000007 3.5000000000000004 4.5500000000000007 1.5000000000000002 50.500000000000007
decision_type=2 2 2 2 2 2 2 2 2 2 2 2 2 2 2 2 2 2 2 2 2 2 2 2 2 2 2 2 2 2
left_child=4 2 3 -2 10 6 7 8 9 -6 11 -1 15 20 -10 16 17 -13 -11 -17 21 23 28 -12 -25 -26 27 29 -23 -27
right_child=1 -3 -4 -5 5 -7 -8 -9 14 18 13 12 -14 -15 -16 19 -18 -19 -20 -21 -22 22 -24 24 25 26 -28 -29 -30 -31
leaf_value=-4.7631324020745529e-05 -0.0016389356156190236 -0.00019164506024823099 -0.00057585505042366753 -0.0060201687053678199 -0.0052958263903007648 -1.0782815623218473e-05 4.4550744861592516e-05 0.0010089729063426096 0.0052185356534305916 -0.0013356784788745751 -0.00094435571062848002 0.008066894335009284 -0.00015909672451870776 -2.2038762305790752e-05 0.0005750867025714608 0.00073221938351538795 -0.00025587438568138755 0.0014322185770300039 0.0017752061163429807 0.00025757767734313377 -0.00051082385620546502 -0.0045235447550506947 -0.00038286104517614588 -5.6812080323261528e-06 0.00042609305481340739 0.0049254207807431991 4.85539859668775e-05 0.0067778011252803182 -0.0016481970984577423 0.00025167917871787658
leaf_weight=173856 90 5396 599 94 107 183967 14000 10206 89 1085 1738 118 12678 48428 5324 9868 223 311 198 21439 20815 308 1605 11739 1837 133 264 155 630 155
leaf_count=173856 90 5396 599 94 107 183967 14000 10206 89 1085 1738 118 12678 48428 5324 9868 223 311 198 21439 20815 308 1605 11739 1837 133 264 155 630 155
internal_value=-2.6865e-06 -0.00033864 -0.00135164 -0.00387717 1.29575e-06 5.02356e-05 0.000412239 0.000714881 0.000273679 -0.00119739 -3.30526e-05 1.7346e-05 0.000270425 -0.000158461 0.000651434 0.000440815 0.0020556 0.00325714 -0.000855589 0.000407185 -0.000326232 -0.000119257 -0.00119784 5.19456e-05 0.000173179 0.000998507 0.00248581 0.00393826 -0.00259234 0.00241004
internal_weight=527455 6179 783 184 521276 214976 31009 17009 6803 1390 306300 218493 44637 87807 5413 31959 652 429 1283 31307 39379 18564 2543 16021 14283 2544 707 443 938 288
internal_count=527455 6179 783 184 521276 214976 31009 17009 6803 1390 306300 218493 44637 87807 5413 31959 652 429 1283 31307 39379 18564 2543 16021 14283 2544 707 443 938 288
is_linear=0
shrinkage=0.03


Tree=263
num_leaves=31
num_cat=0
split_feature=3 7 11 5 5 5 3 9 1 3 8 9 6 3 3 5 11 1 11 0 9 3 5 3 6 0 11 11 6 6
split_gain=0.758889 0.873802 1.83376 2.23791 2.35844 1.92944 4.08344 1.88973 1.74961 2.22416 2.71233 2.3765 1.62272 1.89146 1.61256 1.5889 1.91695 1.88933 2.90979 2.26034 1.46972 1.59515 1.48817 2.05154 2.52254 1.82059 1.43844 1.43525 1.36377 1.73335
threshold=291.85000000000008 2.5000000000000004 13.500000000000002 19.500000000000004 42.500000000000007 37.500000000000007 5.7500000000000009 1.7500000000000002 5.5000000000000009 5.0500000000000007 1.5000000000000002 12.750000000000002 0.38935969868173265 18.550000000000004 2.5500000000000003 12.500000000000002 56.500000000000007 8.5000000000000018 32.500000000000007 7.5000000000000009 3.8500000000000001 2.9500000000000006 22.500000000000004 4.5500000000000007 0.36451048951048953 3.5000000000000004 1.0000000180025095e-35 85.500000000000014 0.14142857142857146 0.19821428571428576
decision_type=2 2 2 2 2 2 2 2 2 2 2 2 2 2 2 2 2 2 2 2 2 2 2 2 2 2 2 2 2 2
left_child=1 2 -1 7 5 8 -7 15 20 10 14 -12 13 -11 -10 17 -17 -4 19 -19 21 -5 25 24 -24 -22 -3 -20 -9 -30
right_child=-2 26 3 4 -6 6 -8 28 9 12 11 -13 -14 -15 -16 16 -18 18 27 -21 22 -23 23 -25 -26 -27 -28 -29 29 -31
leaf_value=0.00054760853237024033 -0.00017094480755661337 -0.0029974183806506785 0.00099436287650012697 -0.0011979259820576727 0.0029534150917942706 -0.0088446917943656445 -0.00043641109672099557 -0.0013901178891096459 -0.0020210908948747296 -0.0024097337178722185 -0.00035118457830267212 -0.0048332285345531996 0.00014911508036832117 -0.00019567249369010166 -0.0071646046340205034 0.0055122652201117167 -0.00035732868630605351 -0.0041906117460483866 0.001453889263320489 0.00038583392478233456 -0.0022935786443450045 0.0029807436448535912 -0.00059785426644307072 -0.00029157755405471455 0.006447817761535672 0.0020303190527659544 2.2491256874146813e-05 -0.0011262727091875951 0.00093936277162510562 -0.00012296526882171004
leaf_weight=3843 23023 142 2087 119 156 82 142 744 89 728 466 138 1208 664 143 124 84 266 546 153 506 266 85 876 99 106 430719 301 1416 58134
leaf_count=3843 23023 142 2087 119 156 82 142 744 89 728 466 138 1208 664 143 124 84 266 546 153 506 266 85 876 99 106 430719 301 1416 58134
internal_value=-2.50764e-06 5.18008e-06 -9.03723e-05 -0.000125534 -0.000685945 -0.000785252 -0.00351444 -7.39909e-05 -0.000673958 -0.00108822 -0.00243427 -0.00137523 -0.000655416 -0.0013536 -0.00519145 0.000597553 0.00314185 0.00043972 -0.000474609 -0.0025195 1.80272e-05 0.00168915 -0.000366772 0.000313297 0.00319302 -0.00154467 2.1496e-05 0.000536972 -0.000113653 -9.77049e-05
internal_weight=527455 504432 73571 69728 5873 5717 224 63855 5493 3436 836 604 2600 1392 232 3561 208 3353 1266 419 2057 385 1672 1060 184 612 430861 847 60294 59550
internal_count=527455 504432 73571 69728 5873 5717 224 63855 5493 3436 836 604 2600 1392 232 3561 208 3353 1266 419 2057 385 1672 1060 184 612 430861 847 60294 59550
is_linear=0
shrinkage=0.03


Tree=264
num_leaves=31
num_cat=0
split_feature=2 5 1 4 1 10 8 4 5 4 1 11 7 9 9 11 5 5 9 9 11 7 1 10 5 10 11 8 7 8
split_gain=0.768167 1.99322 1.50138 2.64545 1.61139 1.45291 1.33743 1.69218 1.26564 1.51676 2.30745 1.6142 2.4541 1.48232 2.2785 1.83792 1.87022 2.55956 1.70449 2.95782 2.31505 4.4447 1.81257 2.78485 1.44614 4.00871 1.44031 1.35547 1.61332 1.32335
threshold=58.250000000000007 51.500000000000007 12.500000000000002 4.5000000000000009 13.500000000000002 5.5000000000000009 14.500000000000002 6.5000000000000009 37.500000000000007 6.5000000000000009 2.5000000000000004 83.500000000000014 5.5000000000000009 3.9500000000000006 1.9500000000000002 91.500000000000014 29.500000000000004 14.500000000000002 43.750000000000007 27.250000000000004 33.500000000000007 6.5000000000000009 9.5000000000000018 9.5000000000000018 17.500000000000004 4.5000000000000009 61.500000000000007 10.500000000000002 9.5000000000000018 9.5000000000000018
decision_type=2 2 2 2 2 2 2 2 2 2 2 2 2 2 2 2 2 2 2 2 2 2 2 2 2 2 2 2 2 2
left_child=-1 2 6 4 5 -4 8 -8 9 10 11 12 24 14 -12 18 17 29 19 22 -21 -22 -15 -24 25 -2 27 -20 -29 -17
right_child=1 -3 3 -5 -6 -7 7 -9 -10 -11 13 -13 -14 15 -16 16 -18 -19 26 20 21 -23 23 -25 -26 -27 -28 28 -30 -31
leaf_value=-8.2288736014593811e-06 -0.0027435176857813662 0.0045989479637524528 -0.0026250414943163321 0.00012692168070201114 -0.00075666579626292192 -0.0080067961580223505 -0.0041294110009653705 -0.00012062780857789066 -0.00088288505214127884 3.1526632969029861e-05 0.002128371302878971 0.0040307344546591907 -0.00088402530328439378 0.00048805072348941835 -0.0013443097349570734 -0.000827462145492833 0.0034918436308701835 -0.0029225445782130634 -0.0015110365105504842 0.00117553237813537 0.010596257040695268 0.0015139836771413684 0.0034781559465861902 -0.0019257553318023399 0.0039157135199726035 0.0041777758086328767 -0.003477273966217863 0.0041770718967722312 -0.0010662148228805998 0.0029137891569795708
leaf_weight=514112 140 93 102 703 143 81 135 318 709 4911 218 259 298 1774 773 208 90 349 194 154 98 96 451 106 301 163 116 124 92 144
leaf_count=514112 140 93 102 703 143 81 135 318 709 4911 218 259 298 1774 773 208 90 349 194 154 98 96 451 106 301 163 116 124 92 144
internal_value=-2.39638e-06 0.000222332 0.000191613 -0.000908923 -0.00314266 -0.00500713 0.000284278 -0.0013153 0.000345852 0.000424628 0.000738635 0.00194318 0.00134376 0.00045821 -0.00058039 0.000715781 -0.000579303 -0.00110199 0.00103541 0.00134197 0.00392186 0.00610194 0.000956808 0.00244976 0.00244291 0.000979818 -0.000525931 0.000309083 0.00194382 0.00070305
internal_weight=527455 13343 13250 1029 326 183 12221 453 11768 11059 6148 1161 902 4987 991 3996 791 701 3205 2679 348 194 2331 557 604 303 526 410 216 352
internal_count=527455 13343 13250 1029 326 183 12221 453 11768 11059 6148 1161 902 4987 991 3996 791 701 3205 2679 348 194 2331 557 604 303 526 410 216 352
is_linear=0
shrinkage=0.03


Tree=265
num_leaves=31
num_cat=0
split_feature=11 0 1 4 7 11 8 2 6 8 11 8 9 1 0 4 11 5 5 4 1 11 6 5 11 11 9 7 5 9
split_gain=0.755941 1.36798 3.63438 2.77594 1.81505 4.22035 2.03707 1.73954 1.41213 1.33337 1.31567 2.55795 2.57648 1.55861 3.94531 4.58621 3.67171 2.29447 2.28858 2.33892 2.72378 2.84204 2.16659 2.36069 2.39033 2.53833 1.99534 1.90894 1.89902 2.07895
threshold=69.500000000000014 6.5000000000000009 9.5000000000000018 5.5000000000000009 1.5000000000000002 103.50000000000001 1.5000000000000002 59.250000000000007 0.66333333333333344 11.500000000000002 18.500000000000004 1.5000000000000002 2.7500000000000004 10.500000000000002 5.5000000000000009 6.5000000000000009 63.500000000000007 3.5000000000000004 8.5000000000000018 1.5000000000000002 12.500000000000002 21.500000000000004 0.82085561497326209 29.500000000000004 26.500000000000004 34.500000000000007 1.5500000000000003 1.5000000000000002 4.5000000000000009 5.7500000000000009
decision_type=2 2 2 2 2 2 2 2 2 2 2 2 2 2 2 2 2 2 2 2 2 2 2 2 2 2 2 2 2 2
left_child=10 -2 3 4 5 8 -7 9 -3 -6 11 -1 -13 14 -12 16 22 -15 19 20 21 -19 23 26 -25 -26 -16 -23 -29 -30
right_child=1 2 -4 -5 7 6 -8 -9 -10 -11 13 12 -14 17 15 -17 -18 18 -20 -21 -22 27 -24 24 25 -27 -28 28 29 -31
leaf_value=-0.00078967275421851972 -0.00010491627188965686 -0.00065813945310416624 -1.9326684829148235e-05 9.6898203031987266e-05 0.0016729085008960012 -0.00027569294689697621 -0.0059292603725194931 -0.0014169095047049641 0.0036674345974179526 0.0054678848869340532 4.0982419511227238e-05 0.0039130281831918131 -4.8922466077618371e-05 -0.0002966728787099911 0.0049275531941796388 -1.0866474861946027e-05 0.0028786410541373339 -0.0027363589343895349 -0.00011977008429918832 0.00017687068969383726 0.00205148844718008 -0.0032093416321523753 -0.00026878754825427465 -0.0041973793905919895 0.0033163148245986792 -0.001989417785405167 0.00079684191623442943 -0.0012479829274879364 0.001114779139298755 0.0056574974839075252
leaf_weight=4338 127626 107 44186 3204 2679 106 125 161 186 86 154401 148 79172 24491 106 13486 682 259 30579 21942 1339 84 2101 167 138 197 14816 148 254 141
leaf_count=4338 127626 107 44186 3204 2679 106 125 161 186 86 154401 148 79172 24491 106 13486 682 259 30579 21942 1339 84 2101 167 138 197 14816 148 254 141
internal_value=-2.2711e-06 -5.24939e-05 7.91045e-05 0.000732738 0.00132324 -0.000302785 -0.00333498 0.00161444 0.00208779 0.00179094 2.34118e-05 -8.03242e-05 -4.153e-05 5.61194e-05 0.000103565 0.000408452 0.000719043 -5.53096e-05 5.26659e-05 0.000270853 0.00119766 -9.27112e-05 0.000635 0.000758111 -0.00126539 0.000196227 0.000826185 0.000999322 0.00165039 0.00273636
internal_weight=527455 178466 50840 6654 3450 524 231 2926 293 2765 348989 83658 79320 265331 186094 31693 18207 79237 54746 24167 2225 886 17525 15424 502 335 14922 627 543 395
internal_count=527455 178466 50840 6654 3450 524 231 2926 293 2765 348989 83658 79320 265331 186094 31693 18207 79237 54746 24167 2225 886 17525 15424 502 335 14922 627 543 395
is_linear=0
shrinkage=0.03


Tree=266
num_leaves=31
num_cat=0
split_feature=10 11 2 9 9 10 9 9 3 3 10 11 7 4 3 1 7 2 1 3 3 3 11 7 1 3 10 7 6 11
split_gain=0.773173 1.16804 2.32543 3.93042 1.58037 1.08667 1.35288 1.38257 3.7617 2.47754 2.1226 2.27061 2.44712 2.4372 2.1991 1.94331 1.76853 2.09066 1.50645 1.39084 1.35836 1.60445 2.9992 4.44574 2.27204 2.02835 3.72581 3.01875 2.29834 2.39674
threshold=1.5000000000000002 26.500000000000004 53.500000000000007 7.9500000000000011 1.9500000000000002 7.5000000000000009 25.650000000000002 30.550000000000004 13.15 8.8500000000000032 13.500000000000002 35.500000000000007 2.5000000000000004 3.5000000000000004 6.2500000000000009 13.500000000000002 5.5000000000000009 56.750000000000007 6.5000000000000009 10.65 1.5500000000000003 2.5500000000000003 21.500000000000004 2.5000000000000004 10.500000000000002 3.2500000000000004 14.500000000000002 4.5000000000000009 0.69397993311036799 19.500000000000004
decision_type=2 2 2 2 2 2 2 2 2 2 2 2 2 2 2 2 2 2 2 2 2 2 2 2 2 2 2 2 2 2
left_child=1 2 3 -1 -4 -2 20 8 9 10 11 12 -8 -13 -14 16 17 -11 -16 -18 -7 22 -22 -24 -25 26 -23 28 -28 -30
right_child=5 -3 4 -5 -6 6 7 -9 -10 15 -12 13 14 -15 18 -17 19 -19 -20 -21 21 25 23 24 -26 -27 27 -29 29 -31
leaf_value=-0.0039123116707039142 6.1198818915646563e-05 -4.4729420742675602e-05 -0.0035771555055677893 -0.00040030194362205093 -0.00017187308150816305 0.0012463641973538987 0.0034066731548040852 -7.6383318580709919e-06 4.3720742132759788e-05 0.00066291885892140489 -0.00084088089906265539 0.0058081691124806959 -0.0030963865274276866 0.00015869887596970305 0.0042046540198118791 -0.0011004549178104954 0.0074161990714073176 0.0057485647054062675 -0.0009457443952560424 0.0033974763005971908 -0.0020980172104922363 0.0019585201946507392 -0.0011546360859432867 0.0030432090516705514 -0.0013490709670535895 -0.0001522436265457339 -0.0034844544284077313 0.0031560606574495657 -0.0037122860695050397 0.00039075149340223628
leaf_weight=444 201470 27260 125 810 6545 633 179 204112 7817 291 521 186 195 109 92 103 125 97 115 204 1075 1168 1183 457 138 70567 243 194 151 846
leaf_count=444 201470 27260 125 810 6545 633 179 204112 7817 291 521 186 195 109 92 103 125 97 115 204 1075 1168 1183 457 138 70567 243 194 151 846
internal_value=-2.06166e-06 -0.000137923 -0.000458527 -0.00164379 -0.00023569 7.64874e-06 -2.94513e-05 9.26265e-06 0.000353063 0.00144378 0.000675437 0.00157727 0.000488927 0.00372074 -0.000810268 0.00275278 0.00330632 0.00193433 0.00134332 0.00492435 -0.000137604 -0.000149128 -0.000847083 -9.07535e-05 0.0020245 -0.000121913 0.000700663 -0.000323868 -0.000868308 -0.000230671
internal_weight=527455 35184 7924 1254 6670 492271 290801 214146 10034 2217 1397 876 581 295 402 820 717 388 207 329 76655 76022 2853 1778 595 73169 2602 1434 1240 997
internal_count=527455 35184 7924 1254 6670 492271 290801 214146 10034 2217 1397 876 581 295 402 820 717 388 207 329 76655 76022 2853 1778 595 73169 2602 1434 1240 997
is_linear=0
shrinkage=0.03


Tree=267
num_leaves=31
num_cat=0
split_feature=1 10 3 6 6 9 0 1 3 5 6 1 0 3 8 9 7 11 11 9 5 0 9 3 6 9 6 3 7 6
split_gain=0.738119 0.974632 1.57614 0.9514 2.67999 0.983453 0.910295 4.87771 3.56353 2.63413 2.62867 2.03447 3.80377 3.44174 2.02433 3.04931 2.4935 4.39801 3.11892 2.8313 2.64682 2.61055 3.74579 3.79005 3.022 2.32205 2.12583 2.57874 2.20426 2.62217
threshold=16.500000000000004 2.5000000000000004 5.0500000000000007 0.84807692307692317 0.60303030303030314 5.2500000000000009 5.5000000000000009 8.5000000000000018 19.150000000000002 25.500000000000004 0.19292803970223329 6.5000000000000009 3.5000000000000004 48.550000000000004 3.5000000000000004 6.3500000000000005 3.5000000000000004 28.500000000000004 127.50000000000001 40.250000000000007 21.500000000000004 6.5000000000000009 22.450000000000003 7.4500000000000011 0.40824915824915831 7.9500000000000011 0.47913043478260875 3.8500000000000001 7.5000000000000009 0.60990338164251223
decision_type=2 2 2 2 2 2 2 2 2 2 2 2 2 2 2 2 2 2 2 2 2 2 2 2 2 2 2 2 2 2
left_child=6 2 -2 4 -3 -6 11 8 9 14 -11 12 -1 -14 26 -16 17 21 19 -19 25 -17 24 -24 -23 -18 -8 -28 29 -29
right_child=1 3 -4 -5 5 -7 7 -9 -10 10 -12 -13 13 -15 15 16 20 18 -20 -21 -22 22 23 -25 -26 -27 27 28 -30 -31
leaf_value=-4.5699813834303012e-05 -0.0038258235518421444 -0.00026006830105354669 -0.00059488244837897688 -0.002616264452919998 0.0012304852228085307 0.0052665567826660513 -0.00036650377062885946 -9.4236337416584446e-06 4.2829183657164061e-05 -0.0055710949051645722 -0.00035369548326235614 -0.00015325115836154106 0.00043067673805829418 -0.00015348869782256922 0.0041175092461774145 8.8742121525440601e-05 -0.0012508307503615046 0.0016074423862236433 -0.0038684990389429661 0.0069943357913783101 0.0041134880475022575 -0.0038730940409004689 -0.010358529967134414 -0.0015446680677788597 0.0014436737842942503 0.0012402928025393536 3.2727461873708652e-05 0.0033123295475996615 -0.0014401141092181206 0.00095149686549628914
leaf_weight=173856 175 5037 608 141 115 103 2346 183967 14000 101 623 87807 31959 12678 281 887 355 777 83 99 275 171 92 84 220 6555 2087 699 200 1074
leaf_count=173856 175 5037 608 141 115 103 2346 183967 14000 101 623 87807 31959 12678 281 887 355 777 83 99 275 171 92 84 220 6555 2087 699 200 1074
internal_value=-1.93987e-06 -0.000327902 -0.001317 -0.000184377 -0.000119125 0.00313744 1.92395e-06 4.92453e-05 0.00039731 0.000689081 -0.00108154 -3.12884e-05 1.77254e-05 0.000264759 0.000767799 0.00103714 0.000946958 0.000112567 0.00168961 0.00221624 0.00122718 -0.000927588 -0.00251751 -0.00615191 -0.000881562 0.00111231 0.000352433 0.000767858 0.00154547 0.00188225
internal_weight=527455 6179 783 5396 5255 218 521276 214976 31009 17009 724 306300 218493 44637 16285 9879 9598 2413 959 876 7185 1454 567 176 391 6910 6406 4060 1973 1773
internal_count=527455 6179 783 5396 5255 218 521276 214976 31009 17009 724 306300 218493 44637 16285 9879 9598 2413 959 876 7185 1454 567 176 391 6910 6406 4060 1973 1773
is_linear=0
shrinkage=0.03


Tree=268
num_leaves=31
num_cat=0
split_feature=2 9 8 6 10 2 10 4 4 4 9 11 2 4 11 4 11 6 9 6 4 6 0 9 8 0 6 6 11 8
split_gain=0.745163 3.27213 1.09726 2.64782 1.87833 1.80549 2.15063 1.73939 1.73088 1.54357 2.28474 1.79663 1.31236 2.28856 1.19064 1.05122 0.839504 3.75722 1.29444 2.36494 1.90321 3.24975 1.66332 1.50969 1.45983 1.61986 1.36233 0.910019 0.881458 2.46867
threshold=51.750000000000007 2.3500000000000001 3.5000000000000004 0.53452380952380962 1.5000000000000002 50.250000000000007 2.5000000000000004 3.5000000000000004 1.5000000000000002 4.5000000000000009 5.7500000000000009 21.500000000000004 49.500000000000007 3.5000000000000004 27.500000000000004 2.5000000000000004 6.5000000000000009 0.70710784313725505 7.9500000000000011 0.20881782945736438 6.5000000000000009 0.31072796934865904 7.5000000000000009 15.350000000000003 3.5000000000000004 3.5000000000000004 0.32037735849056609 0.36055555555555557 18.500000000000004 1.5000000000000002
decision_type=2 2 2 2 2 2 2 2 2 2 2 2 2 2 2 2 2 2 2 2 2 2 2 2 2 2 2 2 2 2
left_child=1 15 4 8 -3 6 -6 14 -4 10 -7 -12 -8 -14 -5 -1 17 18 22 -20 21 -21 24 -23 25 -2 -27 -22 29 -18
right_child=16 2 3 7 5 9 12 -9 -10 -11 11 -13 13 -15 -16 -17 28 -19 19 20 27 23 -24 -25 -26 26 -28 -29 -30 -31
leaf_value=-0.0061513325321438349 -0.0020619163732044396 -0.0037350346093516346 0.0029505281039962062 0.0016530889775379595 0.0047112252989817138 -0.0010003387196576858 -0.0028121853143804605 0.00063919579660299641 -0.00016604469604614849 0.00015175045325678985 -0.0015028311982296589 -0.0074046128499104039 0.0047386101166423606 -0.0014280743312112809 0.0064314285487247014 -0.0016863088538362221 -0.00081059027158186423 0.0066952468646580684 4.8847251116462987e-05 0.0076238538630184587 1.9094426280412919e-05 -0.0016206630880341811 -0.0049640913278492819 0.0040170608330951174 -0.0037563885453293167 0.0050280081781304692 0.00016346436082607222 0.0029330961133136337 1.8645807424148885e-05 -5.1485409292939797e-05
leaf_weight=103 132 182 162 83 112 528 108 279 16052 505 82 107 95 126 108 88 4072 85 2192 122 351 85 83 86 89 88 126 133 428508 72583
leaf_count=103 132 182 162 83 112 528 108 279 16052 505 82 107 95 126 108 88 4072 85 2192 122 351 85 83 86 89 88 126 133 428508 72583
internal_value=-1.71456e-06 -0.000187601 -0.000147331 -7.05603e-05 -0.000841558 -0.000524894 0.00112057 0.00214923 -0.000134906 -0.00111872 -0.00201353 -0.00484405 -0.000101779 0.00122276 0.00435498 -0.00409415 5.12552e-06 0.000463422 0.000311514 0.000552946 0.00197506 0.00388335 -0.0010723 0.00121468 -0.000329725 0.0005517 0.00216384 0.000819843 1.88491e-06 -9.18099e-05
internal_weight=527455 18720 18529 16684 1845 1663 441 470 16214 1222 717 189 329 221 191 191 508735 3572 3487 2969 777 293 518 171 435 346 214 484 505163 76655
internal_count=527455 18720 18529 16684 1845 1663 441 470 16214 1222 717 189 329 221 191 191 508735 3572 3487 2969 777 293 518 171 435 346 214 484 505163 76655
is_linear=0
shrinkage=0.03


Tree=269
num_leaves=31
num_cat=0
split_feature=10 7 3 6 11 8 2 11 11 9 2 9 9 3 3 11 0 0 11 0 3 3 3 0 0 3 9 11 9 11
split_gain=0.741214 1.14691 1.83772 1.64447 1.56726 1.59776 2.07307 2.00858 1.83887 1.4547 1.34456 1.76938 2.93054 1.89959 2.37455 2.29753 1.55724 1.76045 1.43372 1.34533 2.00905 1.23318 1.18684 1.17843 1.45291 1.60828 1.21268 2.78237 2.31586 1.15177
threshold=1.5000000000000002 1.5000000000000002 1.7500000000000002 0.82085561497326209 32.500000000000007 1.5000000000000002 55.750000000000007 48.500000000000007 90.500000000000014 2.7500000000000004 55.750000000000007 3.4500000000000006 2.5500000000000003 2.5500000000000003 4.6500000000000012 56.500000000000007 7.5000000000000009 2.5000000000000004 83.500000000000014 5.5000000000000009 3.3500000000000001 19.450000000000003 7.0500000000000007 5.5000000000000009 7.5000000000000009 3.4500000000000006 9.7500000000000018 43.500000000000007 7.3500000000000005 98.500000000000014
decision_type=2 2 2 2 2 2 2 2 2 2 2 2 2 2 2 2 2 2 2 2 2 2 2 2 2 2 2 2 2 2
left_child=1 3 -3 21 -5 7 8 -6 -7 29 11 12 16 -14 15 -15 17 -4 22 20 -19 23 -16 26 -25 -26 28 -28 -1 -9
right_child=-2 2 10 4 5 6 -8 9 -10 -11 -12 -13 13 14 18 -17 -18 19 -20 -21 -22 -23 -24 24 25 -27 27 -29 -30 -31
leaf_value=-0.0020186103709187871 7.8780628079886394e-06 0.001853344116300548 0.0026578204392841676 -0.0019237316025109373 0.0049374127866172075 0.0029344968882299236 -0.0024939075834254252 -0.001200496405887642 -0.0024355432138699722 0.0043351379207110605 0.00011007784139524799 -0.0001956792130194862 -0.0066960871242264051 -0.0021960524736094646 -0.0070374593387047451 0.0037342724388519533 0.0038134791407773787 -0.0067603895287094116 -0.00065732094713232729 0.00069247274554556015 -0.00062475400455927444 0.00032916452115482807 -0.0030757003043444175 0.00034650796502895239 -0.0058443067817119656 -0.00076654833605450197 -0.00054952296264031348 -0.007506474053221089 0.0029005189981115491 0.0020212395443178883
leaf_weight=923 492271 439 123 257 134 186 256 253 83 87 14406 15117 89 137 108 103 94 81 121 143 118 456 184 559 82 178 102 105 95 165
leaf_count=923 492271 439 123 257 134 186 256 253 83 87 14406 15117 89 137 108 103 94 81 121 143 118 456 184 559 82 178 102 105 95 165
internal_value=-1.62954e-06 -0.000134654 -7.39943e-05 -0.000618303 0.000196605 0.000664755 -0.000561474 0.00167222 0.00127757 0.000805814 -0.000101444 -0.000287044 -0.00134866 -0.00258449 -0.0020241 0.000349045 0.000291753 -0.000420166 -0.00340317 -0.00152716 -0.00312217 -0.0010815 -0.00454101 -0.0013962 -0.000515239 -0.002368 -0.00198519 -0.00407841 -0.00155956 7.12415e-05
internal_weight=527455 35184 31263 3921 1421 1164 525 639 269 505 30824 16418 1301 742 653 240 559 465 413 342 199 2500 292 2044 819 260 1225 207 1018 418
internal_count=527455 35184 31263 3921 1421 1164 525 639 269 505 30824 16418 1301 742 653 240 559 465 413 342 199 2500 292 2044 819 260 1225 207 1018 418
is_linear=0
shrinkage=0.03


Tree=270
num_leaves=31
num_cat=0
split_feature=2 5 1 3 5 8 3 3 6 3 9 1 3 3 7 3 6 2 6 9 1 6 5 3 5 3 5 9 9 7
split_gain=0.729851 1.9138 1.42378 2.45713 1.28822 1.27041 2.74729 1.43719 1.45187 3.12685 3.41278 3.16058 3.10397 3.38155 3.15039 3.12983 2.25898 1.96028 1.95102 1.80914 2.55914 2.06292 2.14736 1.70179 1.63942 3.23752 3.09345 2.07467 1.80562 2.30793
threshold=58.250000000000007 51.500000000000007 12.500000000000002 7.2500000000000009 22.500000000000004 14.500000000000002 18.850000000000005 24.150000000000002 0.28416149068322988 14.65 86.450000000000017 3.5000000000000004 3.1500000000000008 3.7500000000000004 1.5000000000000002 2.3500000000000001 0.133974358974359 59.250000000000007 0.60303030303030314 7.3500000000000005 10.500000000000002 0.22111111111111112 18.500000000000004 15.250000000000002 12.500000000000002 7.6500000000000012 20.500000000000004 13.350000000000003 17.150000000000002 11.500000000000002
decision_type=2 2 2 2 2 2 2 2 2 2 2 2 2 2 2 2 2 2 2 2 2 2 2 2 2 2 2 2 2 2
left_child=-1 2 5 4 -4 7 -7 8 16 10 11 12 15 -14 -15 -10 17 23 -13 20 21 22 -18 -2 -21 26 27 -26 -27 -30
right_child=1 -3 3 -5 -6 6 -8 -9 9 -11 -12 18 13 14 -16 -17 19 -19 -20 24 -22 -23 -24 -25 25 28 -28 -29 29 -31
leaf_value=-7.2659971562812537e-06 0.0040255365381806577 0.0045060043553671525 -0.0019384500798882869 -5.8254707364959306e-05 -0.0065070157983739456 -0.0050041034720561582 0.00018480573209145895 -8.4853750564501361e-05 0.0014491817255038767 0.0021610091243435521 -0.0060432594320313495 -0.00093467596695390783 -0.0053062283936887982 0.0060471843533656169 0.00017211462260705035 0.0087814682120534275 0.00023804464505041299 -0.00053835444133097697 0.0023907153243252822 0.00029762936714561295 0.0046346580633831727 0.0011223935946807304 -0.005021203070489773 -0.0012024080189989835 0.011249893151775554 -0.00056366307116471794 0.0026472407702096208 0.0048463253503163847 0.0033519149446918956 -0.0021280809273807014
leaf_weight=514112 177 93 164 781 84 128 325 4485 120 593 88 1933 80 102 422 93 146 1070 173 337 109 376 134 82 81 260 279 104 442 82
leaf_count=514112 177 93 164 781 84 128 325 4485 120 593 88 1933 80 102 422 93 146 1070 173 337 109 376 134 82 81 260 279 104 442 82
internal_value=-1.58083e-06 0.000217471 0.000187371 -0.000884346 -0.00348587 0.000277609 -0.00128138 0.000337621 0.000597788 0.000169829 -0.000222324 -4.70782e-05 0.00153675 0.000438654 0.00131574 0.0046506 0.00101702 2.85051e-05 -0.000661508 0.00157606 0.000377923 -0.00032937 -0.00227888 0.00237036 0.00215434 0.00265571 0.0046419 0.00765005 0.00148022 0.00249436
internal_weight=527455 13343 13250 1029 248 12221 453 11768 7283 3604 3011 2923 817 604 524 213 3679 1329 2106 2350 765 656 280 259 1585 1248 464 185 784 524
internal_count=527455 13343 13250 1029 248 12221 453 11768 7283 3604 3011 2923 817 604 524 213 3679 1329 2106 2350 765 656 280 259 1585 1248 464 185 784 524
is_linear=0
shrinkage=0.03


Tree=271
num_leaves=31
num_cat=0
split_feature=11 10 7 3 5 3 1 5 8 1 11 6 9 1 9 6 6 3 4 9 6 5 9 11 6 11 7 3 10 9
split_gain=0.736342 1.45975 1.2069 3.13716 1.27343 1.50819 1.93778 1.47263 2.02048 1.52006 2.70785 1.32649 1.84446 1.40854 1.42226 1.21682 1.85761 1.40873 2.15851 1.64274 1.37906 1.51837 1.34533 1.34105 1.26013 1.67877 1.22997 1.85472 1.24854 1.22456
threshold=69.500000000000014 2.5000000000000004 5.5000000000000009 2.7500000000000004 4.5000000000000009 8.6500000000000004 15.500000000000002 2.5000000000000004 7.5000000000000009 4.5000000000000009 183.50000000000003 0.74642857142857155 1.7500000000000002 13.500000000000002 2.1500000000000008 0.8377192982456142 0.8047619047619049 6.8500000000000005 3.5000000000000004 14.15 0.37965517241379315 14.500000000000002 3.8500000000000001 110.50000000000001 0.54226190476190483 90.500000000000014 1.5000000000000002 3.7500000000000004 1.5000000000000002 4.4500000000000011
decision_type=2 2 2 2 2 2 2 2 2 2 2 2 2 2 2 2 2 2 2 2 2 2 2 2 2 2 2 2 2 2
left_child=-1 2 4 -4 7 6 15 9 11 -2 -11 -9 -13 14 -14 16 17 18 20 24 21 29 -20 -18 -19 -26 27 -17 -28 -6
right_child=1 -3 3 -5 5 -7 -8 8 -10 10 -12 12 13 -15 -16 26 23 19 22 -21 -22 -23 -24 -25 25 -27 28 -29 -30 -31
leaf_value=2.3878126513448203e-05 0.00065997853546142442 -1.8778810399463907e-05 0.0030261000449025286 -0.00014103997391309213 0.0011980664008855819 -0.00017896866068569176 -0.0047693578699013082 -0.00013268604349006915 -0.003469377076918525 -0.0007752799140314699 -0.0051850723084802455 0.0037838525655903088 -0.0013564103107469585 -0.0026330176853023622 0.0018634656920003918 -0.0034110511945935123 -0.0068310837040460384 -0.0031417692928834067 0.0052617612922633136 -0.0063083542386690771 -0.0012054940567627443 0.0026401318479994575 0.00022331303049778116 -0.0015016805460410457 0.003157877254892479 -0.0020124024605449242 0.0036157125949530917 0.0016552267496178789 -0.0006948859440162777 -0.0029765097457857335
leaf_weight=348989 423 156363 289 10815 125 2861 123 975 112 737 151 229 156 98 592 138 86 266 81 81 2626 189 116 84 88 158 153 123 100 128
leaf_count=348989 423 156363 289 10815 125 2861 123 975 112 737 151 229 156 98 592 138 86 266 81 81 2626 189 116 84 88 158 153 123 100 128
internal_value=-1.46967e-06 -5.10371e-05 -0.000279242 -5.86099e-05 -0.00050198 -0.000721262 -0.00105384 -2.67945e-05 0.000454255 -0.000820104 -0.00152514 0.000668619 0.00139538 0.00074886 0.00119194 -0.000953227 -0.00112863 -0.000993397 -0.000749087 -0.00233854 -0.000944549 0.000605769 0.00229496 -0.00419773 -0.0017105 -0.000162872 0.000421368 -0.00102349 0.00191192 -0.000913972
internal_weight=527455 178466 22103 11104 10999 7526 4665 3473 2162 1311 888 2050 1075 846 748 4542 4028 3858 3265 593 3068 442 197 170 512 246 514 261 253 253
internal_count=527455 178466 22103 11104 10999 7526 4665 3473 2162 1311 888 2050 1075 846 748 4542 4028 3858 3265 593 3068 442 197 170 512 246 514 261 253 253
is_linear=0
shrinkage=0.03


Tree=272
num_leaves=31
num_cat=0
split_feature=7 0 6 3 1 0 5 3 2 6 3 1 8 11 11 5 10 11 8 1 8 6 6 3 7 3 6 11 3 5
split_gain=0.718345 2.38494 3.07925 2.04585 1.87896 3.98067 2.57737 2.11646 1.86779 2.56392 1.69556 1.68289 2.03472 1.66136 3.258 1.68122 2.74824 2.62261 2.20789 3.41459 2.38087 2.07049 2.82013 2.06861 5.47382 3.98021 2.90599 2.31238 2.22383 1.91262
threshold=12.500000000000002 6.5000000000000009 0.47434210526315795 14.350000000000003 8.5000000000000018 5.5000000000000009 1.5000000000000002 53.650000000000013 58.750000000000007 0.53452380952380962 61.45000000000001 3.5000000000000004 2.5000000000000004 370.50000000000006 251.50000000000003 7.5000000000000009 4.5000000000000009 15.500000000000002 3.5000000000000004 6.5000000000000009 1.5000000000000002 0.33072916666666669 0.48858329008822005 16.750000000000004 4.5000000000000009 4.5500000000000007 0.47913043478260875 68.500000000000014 3.7500000000000004 9.5000000000000018
decision_type=2 2 2 2 2 2 2 2 2 2 2 2 2 2 2 2 2 2 2 2 2 2 2 2 2 2 2 2 2 2
left_child=4 2 -2 -4 5 8 10 13 -1 -10 -6 -11 -13 14 15 17 29 -7 20 -20 21 -19 -23 24 26 -26 -18 -27 -28 -17
right_child=1 -3 3 -5 6 7 -8 -9 9 11 -12 12 -14 -15 -16 16 23 18 19 -21 -22 22 -24 -25 25 27 28 -29 -30 -31
leaf_value=1.4724265292915906e-05 -0.00010789491211959767 0.00014179464933952274 -0.0018318171625381482 -0.00043754328404680402 -0.00059979248643403783 -0.00013467698624736161 -1.696742038113534e-05 -0.00012788313163288859 0.0004040122610608841 0.0058196265711090885 1.7930336944526821e-05 -0.0020597185384123081 0.0045830644676125186 0.0046149857901548455 -0.0037801954678349913 -0.0016529469769274658 -0.00058477662292722018 0.0058828160214858746 0.0029517903920284216 0.0010539841703045144 -0.000112076275868256 -0.0038870500790906823 0.0015537766308230596 8.5527583695085914e-05 -0.0019425779884787882 0.003790762159219585 0.0051668385641224796 0.00080700456210882352 0.00059856513826763585 2.2202171981527722e-05
leaf_weight=198661 86788 36364 1502 2564 12110 1909 152391 4855 6059 130 5971 83 83 91 155 752 1333 90 1155 3266 2063 92 1260 2506 157 1023 153 303 257 3329
leaf_count=198661 86788 36364 1502 2564 12110 1909 152391 4855 6059 130 5971 83 83 91 155 752 1333 90 1155 3266 2063 92 1260 2506 157 1023 153 303 257 3329
internal_value=-1.42275e-06 -6.3521e-05 -0.000145698 -0.000952595 1.83156e-05 7.4305e-05 -5.71478e-05 0.0004337 3.09197e-05 0.000537199 -0.000395798 0.00326348 0.00126167 0.000570751 0.000552167 0.000586344 0.000308526 0.000863541 0.00110396 0.00154979 0.000541623 0.00147684 0.00118354 0.000732148 0.00123445 0.00257417 9.45785e-05 0.00310895 0.00230331 -0.000286475
internal_weight=527455 127218 90854 4066 400237 229765 170472 24749 205016 6355 18081 296 166 19894 19803 19648 9813 9835 7926 4421 3505 1442 1352 5732 3226 1483 1743 1326 410 4081
internal_count=527455 127218 90854 4066 400237 229765 170472 24749 205016 6355 18081 296 166 19894 19803 19648 9813 9835 7926 4421 3505 1442 1352 5732 3226 1483 1743 1326 410 4081
is_linear=0
shrinkage=0.03


Tree=273
num_leaves=31
num_cat=0
split_feature=0 1 4 1 0 4 4 6 9 0 9 8 10 10 11 9 10 6 7 11 10 11 5 5 4 11 6 6 9 5
split_gain=0.701227 5.37902 3.30623 3.08191 3.51198 3.61441 2.94372 2.5626 2.33242 1.94287 1.87071 1.73983 1.6734 2.6812 1.65982 2.65998 1.87231 2.73375 1.78012 2.93114 1.64562 1.67962 1.62302 1.60545 1.57317 1.57142 2.96858 1.56616 1.48545 2.41853
threshold=4.5000000000000009 8.5000000000000018 6.5000000000000009 4.5000000000000009 2.5000000000000004 5.5000000000000009 6.5000000000000009 0.16172624237140368 4.2500000000000009 7.5000000000000009 12.15 4.5000000000000009 11.500000000000002 12.500000000000002 148.50000000000003 2.5500000000000003 4.5000000000000009 0.53033088235294124 11.500000000000002 58.500000000000007 4.5000000000000009 26.500000000000004 7.5000000000000009 17.500000000000004 2.5000000000000004 20.500000000000004 0.29679679679679688 0.10084745762711866 18.950000000000003 2.5000000000000004
decision_type=2 2 2 2 2 2 2 2 2 2 2 2 2 2 2 2 2 2 2 2 2 2 2 2 2 2 2 2 2 2
left_child=3 2 7 4 -1 10 -5 8 24 12 14 20 -9 -14 18 -16 17 -17 -6 -20 21 -10 -22 -13 -2 26 -15 -25 29 -3
right_child=1 28 -4 6 5 -7 -8 9 11 -11 -12 23 13 25 15 16 -18 -19 19 -21 22 -23 -24 27 -26 -27 -28 -29 -30 -31
leaf_value=-4.2240289460111007e-05 0.0062781590839482045 -0.00045434241239680106 3.8740644526581918e-05 -0.00039986631645177925 0.00050279135233226031 3.1142837859916058e-05 -4.3014892157741345e-05 0.00035421949103289974 0.0045390044990926979 0.0014521045847705307 0.00098113872138113419 0.00089309735471138649 -0.0024812243524839741 0.0034039681073387757 0.0026353453751653431 0.0019771701176879834 -0.005656743010866546 -0.004642839141082592 -0.004656507285371903 0.0016968341816249674 -0.00029180195565187589 -0.00036932084626003879 -0.0037795521558395455 9.5327170375658532e-05 0.0018827015583245256 0.00039709228575381746 -0.0021667953871972556 0.0047645670975509438 2.6083294434066464e-05 -5.7528508039309286e-05
leaf_weight=111990 112 16921 28364 33865 9172 21618 53947 20031 118 1285 7236 7472 470 102 111 122 124 104 155 113 844 134 140 98 212 1990 552 190 134346 75517
leaf_count=111990 112 16921 28364 33865 9172 21618 53947 20031 118 1285 7236 7472 470 102 111 122 124 104 155 113 844 134 140 98 212 1990 552 190 134346 75517
internal_value=-1.29046e-06 3.01422e-05 0.000277492 -3.93562e-05 4.29421e-05 0.000289093 -0.000180636 0.000478143 0.000901375 0.00031668 0.000614492 0.000811308 0.000253642 -0.00039333 0.000346534 -0.00141118 -0.0026945 -0.00106921 0.000432371 -0.00197767 -0.000234065 0.00192902 -0.000788027 0.000977814 0.00340212 -2.21833e-05 -0.00129796 0.00317573 -3.76046e-05 -0.000130166
internal_weight=527455 288898 62114 238557 150745 38755 87812 33750 9320 24430 17137 8996 23145 3114 9901 461 350 226 9440 268 1236 252 984 7760 324 2644 654 288 226784 92438
internal_count=527455 288898 62114 238557 150745 38755 87812 33750 9320 24430 17137 8996 23145 3114 9901 461 350 226 9440 268 1236 252 984 7760 324 2644 654 288 226784 92438
is_linear=0
shrinkage=0.03


Tree=274
num_leaves=31
num_cat=0
split_feature=2 9 3 8 10 9 9 6 11 11 8 9 10 9 9 3 3 11 5 9 6 3 6 3 10 1 3 5 9 1
split_gain=0.697905 3.11957 1.36906 3.1791 1.33855 0.913989 2.30653 1.64289 2.31341 1.35747 1.30009 0.930086 1.33138 3.08574 1.26567 5.58662 3.24982 2.02714 1.88645 1.6798 1.74372 1.5782 1.32914 1.32081 1.01748 0.982517 0.879993 0.86056 0.80579 1.34411
threshold=51.750000000000007 2.3500000000000001 3.1500000000000008 3.5000000000000004 2.5000000000000004 10.550000000000002 13.350000000000003 0.17445652173913045 42.500000000000007 140.50000000000003 5.5000000000000009 9.9500000000000011 1.5000000000000002 6.5500000000000007 6.1500000000000012 5.2500000000000009 5.0500000000000007 42.500000000000007 10.500000000000002 7.1500000000000012 0.23845060412224592 14.950000000000001 0.16172624237140368 12.15 3.5000000000000004 6.5000000000000009 4.8500000000000005 3.5000000000000004 4.7500000000000009 5.5000000000000009
decision_type=2 2 2 2 2 2 2 2 2 2 2 2 2 2 2 2 2 2 2 2 2 2 2 2 2 2 2 2 2 2
left_child=1 26 3 4 -3 9 7 27 10 11 -9 12 13 -4 16 -16 17 24 28 22 25 -22 -17 -24 -14 -21 -1 -7 -18 -30
right_child=-2 2 5 -5 -6 6 -8 8 -10 -11 -12 -13 14 -15 15 19 18 -19 -20 20 21 -23 23 -25 -26 -27 -28 -29 29 -31
leaf_value=-0.0058975885937894313 5.4410345066885502e-06 0.0021964978038682601 -0.0052602000501135292 0.0050287283727566134 -0.0022903923699694791 0.0015452199612698721 -0.00016915450048780243 -0.0012489969537633917 0.0057088909786831166 -0.0043327402295544734 0.0034157269003588964 -0.0031199440892172477 -0.00041946610361337663 0.0019657454879156181 -0.0068783977272964657 0.0011340833769645541 -0.00188222581477679 0.0073001798878355728 0.0033756771804217029 0.0011408655744578155 0.0043295047804713244 -0.00013248393342139259 -0.0062328874994726736 -0.0010979395639151334 0.0040308573027682858 -0.0024937331632656208 -0.001815500259817986 -0.0020256317509338255 -0.0023535711158599172 0.0017002446286819412
leaf_weight=102 508735 100 145 151 149 123 15039 115 158 90 101 123 100 84 126 80 398 82 102 119 168 124 85 96 86 153 89 120 119 193
leaf_count=102 508735 100 145 151 149 123 15039 115 158 90 101 123 100 84 126 80 398 82 102 119 168 124 85 96 86 153 89 120 119 193
internal_value=-1.1786e-06 -0.000181074 -0.000141754 0.0015943 -0.000488428 -0.000180059 -9.53992e-05 0.00170234 0.00295016 -0.00071602 0.000932193 -0.000579425 -0.000441158 -0.00260963 -0.000196657 -0.000994741 0.000506099 0.0033706 -0.000439328 -9.61459e-05 0.000824735 0.00243469 -0.0020861 -0.00350938 0.00163821 -0.000903596 -0.00399546 -0.000218164 -0.000987399 0.000154078
internal_weight=527455 18720 18529 400 249 18129 15656 617 374 2473 216 2383 2260 229 2031 951 1080 268 812 825 564 292 261 181 186 272 191 243 710 312
internal_count=527455 18720 18529 400 249 18129 15656 617 374 2473 216 2383 2260 229 2031 951 1080 268 812 825 564 292 261 181 186 272 191 243 710 312
is_linear=0
shrinkage=0.03


Tree=275
num_leaves=31
num_cat=0
split_feature=11 6 9 3 5 6 8 8 3 6 11 8 9 5 11 3 2 6 6 6 3 6 3 3 1 10 5 3 2 3
split_gain=0.694231 2.88124 1.06672 2.80584 4.02833 2.59189 1.74422 1.18671 1.23999 0.919916 0.919715 2.20136 2.02481 1.99155 1.45399 1.77533 2.95531 1.64536 1.47968 1.41124 1.39112 2.11714 2.10507 3.79637 2.91965 2.28193 1.49819 1.62778 1.46246 1.40625
threshold=6.5000000000000009 0.69397993311036799 7.9500000000000011 15.850000000000003 9.5000000000000018 0.31072796934865904 3.5000000000000004 5.5000000000000009 10.850000000000003 0.36055555555555557 18.500000000000004 1.5000000000000002 2.9500000000000006 4.5000000000000009 19.500000000000004 9.4500000000000011 56.750000000000007 0.48858329008822005 0.31072796934865904 0.58434959349593507 2.1500000000000008 0.56594202898550738 2.5500000000000003 3.0500000000000003 1.5000000000000002 2.5000000000000004 8.5000000000000018 2.7500000000000004 55.750000000000007 18.850000000000005
decision_type=2 2 2 2 2 2 2 2 2 2 2 2 2 2 2 2 2 2 2 2 2 2 2 2 2 2 2 2 2 2
left_child=1 2 6 4 7 -6 -1 -4 -9 -5 11 20 13 -13 15 16 17 18 -12 -19 21 -2 25 26 28 -22 27 -24 -25 -26
right_child=10 -3 3 9 5 -7 -8 8 -10 -11 14 12 -14 -15 -16 -17 -18 19 -20 -21 22 -23 23 24 29 -27 -28 -29 -30 -31
leaf_value=-0.00010787817806607188 0.002873571777200502 0.0055353379173902796 0.0029101303332180789 -4.4193660621257386e-05 0.0085446379516945503 0.0017208527642137864 -0.0043973747649552111 0.0009178432209764497 -0.003902448470945711 0.0025072453372526234 0.0010862485448245045 0.005319034492657069 -7.0229304754874068e-05 0.00028077429609100628 9.6099698562298189e-06 0.0002086893209800534 0.0067148408381776372 -0.0038208237291255504 0.0062794868974015115 0.0012434277850955438 -0.00044862335532943297 -0.0007024901074793304 0.0036586601459147297 6.2418530840392498e-06 -0.0016582284839660171 -0.0055328956956381577 0.0043278532955222399 -0.0017137073140059197 0.0051578625958863195 0.000523794016474858
leaf_weight=421 223 96 104 2499 122 85 107 118 81 134 129 124 75408 164 442214 1054 110 80 80 130 141 449 85 109 2333 182 156 126 91 300
leaf_count=421 223 96 104 2499 122 85 107 118 81 134 129 124 75408 164 442214 1054 110 80 80 130 141 449 85 109 2333 182 156 126 91 300
internal_value=-1.09028e-06 0.000404716 0.000270546 0.00048015 0.00251682 0.0057426 -0.000977151 0.000313072 -0.00104419 8.56555e-05 -4.00933e-06 -9.77126e-05 -6.06405e-05 0.00245003 1.28588e-05 0.00092044 0.00233856 0.00118965 0.00307409 -0.000685811 -0.000766654 0.000484209 -0.00100525 -0.000772268 -0.00114418 -0.00331345 0.00209865 0.000450517 0.00235023 -0.00140961
internal_weight=527455 3767 3671 3143 510 207 528 303 199 2633 523688 79891 75696 288 443797 1583 529 419 209 210 4195 672 3523 3200 2833 323 367 211 200 2633
internal_count=527455 3767 3671 3143 510 207 528 303 199 2633 523688 79891 75696 288 443797 1583 529 419 209 210 4195 672 3523 3200 2833 323 367 211 200 2633
is_linear=0
shrinkage=0.03


Tree=276
num_leaves=31
num_cat=0
split_feature=7 9 1 5 3 1 2 5 10 6 3 6 7 6 2 5 8 9 6 7 2 1 3 9 1 6 5 3 6 9
split_gain=0.700281 1.7854 1.7404 2.39943 1.58368 1.50617 1.49979 1.52215 1.95131 2.11583 2.37167 1.8966 2.39629 4.02554 3.27064 2.96502 2.65217 1.98998 1.94532 2.59264 1.85825 1.78347 1.76627 2.07791 1.8877 1.95301 1.73118 1.75883 3.27492 1.64118
threshold=12.500000000000002 28.050000000000004 8.5000000000000018 1.5000000000000002 61.45000000000001 16.500000000000004 53.500000000000007 7.5000000000000009 6.5000000000000009 0.16172624237140368 3.1500000000000008 0.87083333333333346 3.5000000000000004 0.47140522875816998 58.750000000000007 46.500000000000007 2.5000000000000004 2.8500000000000001 0.46247654784240161 1.5000000000000002 58.750000000000007 3.5000000000000004 2.5500000000000003 1.7500000000000002 1.5000000000000002 0.43826219512195125 33.500000000000007 6.2500000000000009 0.33072916666666669 184.65000000000001
decision_type=2 2 2 2 2 2 2 2 2 2 2 2 2 2 2 2 2 2 2 2 2 2 2 2 2 2 2 2 2 2
left_child=2 -2 6 4 5 -4 -1 8 -8 10 -10 12 13 15 17 18 -16 21 26 -20 -11 -15 -14 -24 25 -25 29 28 -28 -9
right_child=1 -3 3 -5 -6 -7 7 11 9 20 -12 -13 22 14 16 -17 -18 -19 19 -21 -22 -23 23 24 -26 -27 27 -29 -30 -31
leaf_value=-0.00012380469715070675 -0.00034775429872663553 -1.8081440311046459e-05 -0.000523297708290606 -1.5392889261138827e-05 1.8932667569921926e-05 -0.0026220248420015446 0.00032731069200361498 -0.00048360273184067771 0.0023926415759830872 -0.00020676944885734686 0.00017234731110672566 0.0018115462098073566 0.0017691004130075327 -0.001915466902134836 0.0011112824340040485 0.0048826819832126301 0.0070074633836142118 0.00034648069524299168 0.0011176592800766229 -0.004109940356165926 0.002989910716190934 -2.5189333451271521e-05 -0.0044222166466415334 -0.00011422458051498318 0.00014918635701082519 -0.0012921654581554349 -0.0088773250362890604 -0.0010092887245264136 -0.00075136542706651251 0.0036028965071806412
leaf_weight=30434 17077 110141 11794 152391 5971 316 46041 14308 438 20182 37838 526 564 718 180 90 111 7750 120 296 165 1200 92 6973 59539 1548 85 384 94 89
leaf_count=30434 17077 110141 11794 152391 5971 316 46041 14308 438 20182 37838 526 564 718 180 90 111 7750 120 296 165 1200 92 6973 59539 1548 85 384 94 89
internal_value=-1.02227e-06 -6.23348e-05 1.84663e-05 -5.41615e-05 -0.000380913 -0.000578062 7.23519e-05 0.000102301 0.000181144 6.63489e-05 0.000197755 1.51322e-05 5.09499e-06 -0.000243734 0.000226685 -0.000546649 0.00336034 0.000132364 -0.000578429 -0.00260198 -0.000180847 -0.000732811 9.71619e-05 8.33255e-05 8.94159e-05 -0.00032822 -0.000522159 -0.00215412 -0.00461006 -0.000458341
internal_weight=527455 127218 400237 170472 18081 12110 229765 199331 104664 58623 38276 94667 94141 25425 9959 15466 291 9668 15376 416 20347 1918 68716 68152 68060 8521 14960 563 179 14397
internal_count=527455 127218 400237 170472 18081 12110 229765 199331 104664 58623 38276 94667 94141 25425 9959 15466 291 9668 15376 416 20347 1918 68716 68152 68060 8521 14960 563 179 14397
is_linear=0
shrinkage=0.03


Tree=277
num_leaves=31
num_cat=0
split_feature=0 2 6 3 10 2 5 6 3 3 6 11 3 9 3 0 3 11 2 3 3 10 9 6 5 8 6 11 2 11
split_gain=0.701344 1.64725 2.02769 1.67952 4.31246 2.91207 2.28863 1.94428 2.20477 1.42745 1.87177 2.13686 1.57838 2.92682 1.93434 1.91584 1.50981 4.55113 1.39963 1.97205 1.37474 2.11171 3.12554 2.525 2.33597 3.17861 4.13523 2.61205 2.33389 1.98097
threshold=4.5000000000000009 58.750000000000007 0.53452380952380962 5.9500000000000011 1.5000000000000002 59.250000000000007 10.500000000000002 0.26352339181286555 2.9500000000000006 3.3500000000000001 0.84807692307692317 225.50000000000003 3.0500000000000003 6.0500000000000007 2.9500000000000006 6.5000000000000009 2.8500000000000001 33.500000000000007 60.500000000000007 22.950000000000003 1.9500000000000002 1.5000000000000002 12.950000000000001 0.74642857142857155 10.500000000000002 2.5000000000000004 0.19821428571428576 12.500000000000002 57.750000000000007 91.500000000000014
decision_type=2 2 2 2 2 2 2 2 2 2 2 2 2 2 2 2 2 2 2 2 2 2 2 2 2 2 2 2 2 2
left_child=1 -1 3 4 -3 -6 -7 8 -8 10 20 12 14 -14 16 -16 -12 -18 -5 -20 -2 22 -22 24 25 27 -27 -23 29 -29
right_child=9 2 -4 18 5 6 7 -9 -10 -11 11 -13 13 -15 15 -17 17 -19 19 -21 21 23 -24 -25 -26 26 -28 28 -30 -31
leaf_value=-5.1033067172441469e-05 -0.00013020075993384791 -0.004274211963130669 0.0031620199636898717 -6.0950805206775114e-05 0.0070383650824547769 -0.0021887230686843395 0.00012918288013800825 0.00095953002238077496 0.0057789435093082604 1.2261299612520767e-05 9.6336787804164966e-06 -0.0050828196186708599 -0.0034724852421454022 0.001678128743993825 0.0058502638514972092 -0.00025185054746167411 -0.0071502471151346754 0.0019244806004726158 0.0053166214320457201 -0.00066904933011579897 7.2917962211899317e-05 -0.0052718558962733366 -0.0038456338371283243 0.0021606000711144814 -0.00022543766197583636 0.00028282083395079978 0.0020932434802357963 0.00011116771691766358 -0.0040294610645755062 0.002630376399317313
leaf_weight=233135 3216 110 242 3844 93 132 90 511 201 268805 3292 82 315 145 99 87 101 98 106 93 1176 80 217 974 2548 1984 2655 2597 112 315
leaf_count=233135 3216 110 242 3844 93 132 90 511 201 268805 3292 82 315 145 99 87 101 98 106 93 1176 80 217 974 2548 1984 2655 2597 112 315
internal_value=-9.42057e-07 -3.90109e-05 0.000477916 0.00035252 0.00137116 0.00197582 0.00147174 0.00207421 0.00403159 3.04933e-05 0.000274401 -0.000287246 -0.000192193 -0.00184892 1.50675e-05 0.00299605 -0.000143759 -0.00268129 6.60513e-05 0.0025193 0.000423676 0.000564399 -0.00053751 0.000700658 0.00056248 0.000821762 0.00131896 7.86801e-05 0.000220229 0.000383678
internal_weight=527455 238557 5422 5180 1137 1027 934 802 291 288898 20093 4219 4137 460 3677 186 3491 199 4043 199 15874 12658 1393 11265 10291 7743 4639 3104 3024 2912
internal_count=527455 238557 5422 5180 1137 1027 934 802 291 288898 20093 4219 4137 460 3677 186 3491 199 4043 199 15874 12658 1393 11265 10291 7743 4639 3104 3024 2912
is_linear=0
shrinkage=0.03


Tree=278
num_leaves=31
num_cat=0
split_feature=11 0 1 3 7 11 7 5 3 1 9 2 8 11 2 8 1 0 3 3 3 2 11 1 5 5 9 9 2 5
split_gain=0.696633 1.26151 3.29355 3.07609 1.70787 2.86201 2.72894 2.19248 2.96605 1.45078 1.44883 1.42964 1.36898 1.69128 1.31862 1.28613 1.15635 3.79425 3.57821 2.92422 2.32448 2.2279 2.05197 1.47376 1.65207 1.46728 2.43992 3.4515 1.67297 1.93799
threshold=69.500000000000014 6.5000000000000009 9.5000000000000018 14.65 2.5000000000000004 99.500000000000014 4.5000000000000009 10.500000000000002 6.4500000000000011 8.5000000000000018 5.7500000000000009 54.250000000000007 2.5000000000000004 97.500000000000014 58.750000000000007 1.5000000000000002 6.5000000000000009 3.5000000000000004 16.750000000000004 25.750000000000004 1.9500000000000002 58.250000000000007 77.500000000000014 4.5000000000000009 4.5000000000000009 3.5000000000000004 4.1500000000000012 5.3500000000000005 59.250000000000007 14.500000000000002
decision_type=2 2 2 2 2 2 2 2 2 2 2 2 2 2 2 2 2 2 2 2 2 2 2 2 2 2 2 2 2 2
left_child=-1 16 3 4 5 7 9 8 11 -6 -11 -3 13 -8 -14 -7 17 -2 21 20 -19 -18 23 24 -22 26 -24 -28 -27 -30
right_child=1 2 -4 -5 6 15 12 -9 -10 10 -12 -13 14 -15 -16 -17 18 19 -20 -21 22 -23 25 -25 -26 28 27 -29 29 -31
leaf_value=2.3848231619258732e-05 -0.00013543119786195215 0.0041751113417558376 -1.6347606273797199e-05 4.5379008065249695e-05 0.0054504672771727193 0.00025099945909032073 -0.0035478043566191833 -0.0025741441333392524 0.0072737085167318581 0.0046938835820183157 -0.00093105648474439099 -0.00069033929352442936 0.0017063501906783888 0.0014643927849829197 -0.002202480127690015 -0.0035380861654200333 -0.00050687350579229631 -0.0012930151462098773 -3.0942509977010548e-05 -0.00010004166552778199 0.0067571589372665527 -0.0028382615398724292 0.0034632593885968056 0.0013438647963428519 0.002204728562674309 -1.8496502123211354e-05 -0.0046058214600514444 0.000961119545876348 0.0058063088839775635 0.00083383366574336134
leaf_weight=348989 59325 84 44186 3280 240 136 112 85 96 80 85 154 1891 132 81 198 17170 490 34565 6652 106 377 340 951 222 3223 103 3733 95 274
leaf_count=348989 59325 84 44186 3280 240 136 112 85 96 80 85 154 1891 132 81 198 17170 490 34565 6652 106 377 340 951 222 3223 103 3733 95 274
internal_value=-8.06616e-07 -4.9019e-05 7.73546e-05 0.000699586 0.00133557 7.63157e-05 0.00169734 0.00172762 0.00282237 0.00396169 0.00179619 0.00102688 0.00128351 -0.000836288 0.00154579 -0.00199522 -9.93601e-05 -2.43447e-05 -0.000208063 0.000382735 0.000719468 -0.000556964 0.000828468 0.00194193 0.00367594 0.000645137 0.00102753 0.000811642 0.000200572 0.00211401
internal_weight=527455 178466 50840 6654 3374 753 2621 419 334 405 165 238 2216 244 1972 334 127626 75514 52112 16189 9537 17547 9047 1279 328 7768 4176 3836 3592 369
internal_count=527455 178466 50840 6654 3374 753 2621 419 334 405 165 238 2216 244 1972 334 127626 75514 52112 16189 9537 17547 9047 1279 328 7768 4176 3836 3592 369
is_linear=0
shrinkage=0.03


Tree=279
num_leaves=31
num_cat=0
split_feature=10 11 2 9 9 9 9 11 9 2 6 6 11 6 7 3 3 3 2 9 11 3 11 3 11 7 2 11 6 11
split_gain=0.687846 1.11102 2.13525 3.63158 1.48933 1.41963 2.16802 1.27125 1.05742 2.90986 2.24756 2.93117 2.29654 2.14102 2.04533 2.25407 1.68107 1.57214 1.46183 1.93011 1.77133 1.68988 1.46065 1.83332 1.35608 1.20891 1.77714 2.2699 1.62572 1.29629
threshold=1.5000000000000002 26.500000000000004 53.500000000000007 9.1500000000000004 2.1500000000000008 2.5500000000000003 2.9500000000000006 20.500000000000004 2.7500000000000004 54.250000000000007 0.66333333333333344 0.96875000000000011 61.500000000000007 0.62678571428571439 4.5000000000000009 2.5500000000000003 4.5500000000000007 4.3500000000000005 56.250000000000007 2.3500000000000001 106.50000000000001 7.0500000000000007 47.500000000000007 2.8500000000000001 49.500000000000007 1.5000000000000002 55.750000000000007 148.50000000000003 0.55086206896551737 42.500000000000007
decision_type=2 2 2 2 2 2 2 2 2 2 2 2 2 2 2 2 2 2 2 2 2 2 2 2 2 2 2 2 2 2
left_child=1 2 3 7 -4 -6 -7 -1 9 10 -3 12 -12 14 15 -11 -17 -16 21 20 24 22 23 -15 -20 26 27 28 -10 -28
right_child=-2 8 4 -5 5 6 -8 -9 25 13 11 -13 -14 18 17 16 -18 -19 19 -21 -22 -23 -24 -25 -26 -27 29 -29 -30 -31
leaf_value=-0.0048889325480589987 8.4345322424093449e-06 0.0016382532425319092 -0.0029275205506105496 -0.0002538717739167623 0.0030791265931911765 -0.0037663245367021941 -0.00012823942301320846 -0.0018554184569104367 -0.0013798782258156869 0.0015808566810770167 -0.0089397937401252629 -6.5117120443277022e-05 -0.0022922257292800796 0.0025968046106471872 0.0049347842731414012 -0.0059806624594784807 -0.0011946478932054702 -0.00019180721169548287 0.00045346180041206584 0.0035001220089792132 0.0022762501407414676 -0.00013707862287028433 0.0023252415528433497 0.0083714655717623595 -0.0042048413619737738 -3.0177285831062675e-05 -0.0031527899946273202 -0.004750306108552549 0.0012168191146182305 -0.0009383591614917857
leaf_weight=281 492271 158 179 750 120 151 6220 223 306 135 85 199 104 101 94 112 161 126 98 139 120 163 442 97 132 22510 336 81 746 815
leaf_count=281 492271 158 179 750 120 151 6220 223 306 135 85 199 104 101 94 112 161 126 98 139 120 163 442 97 132 22510 336 81 746 815
internal_value=-7.24397e-07 -0.00012887 -0.000441551 -0.00157731 -0.00022802 -0.000153577 -0.000214466 -0.00354672 -3.79793e-05 0.00055448 -0.001378 -0.00260627 -0.00528187 0.00110403 -0.00033289 -0.00159009 -0.00315814 0.00199865 0.00180247 0.00050934 -0.000678428 0.00258994 0.00328448 0.00542581 -0.00222 -9.6905e-05 -0.000754541 8.89051e-05 0.000461506 -0.0015848
internal_weight=527455 35184 7924 1254 6670 6491 6371 504 27260 2466 546 388 189 1920 628 408 273 220 1292 489 350 803 640 198 230 24794 2284 1133 1052 1151
internal_count=527455 35184 7924 1254 6670 6491 6371 504 27260 2466 546 388 189 1920 628 408 273 220 1292 489 350 803 640 198 230 24794 2284 1133 1052 1151
is_linear=0
shrinkage=0.03


Tree=280
num_leaves=31
num_cat=0
split_feature=3 7 11 5 5 5 3 9 6 0 3 5 6 5 11 6 6 9 0 6 10 0 9 3 3 3 10 3 9 6
split_gain=0.689175 0.806952 1.8013 2.11112 2.20032 1.76462 3.78809 1.76081 1.60491 1.82159 1.78927 1.52185 1.89492 1.46144 1.35789 1.30122 1.62228 2.26155 2.13593 1.8053 2.75832 2.80533 1.96967 1.82701 1.48356 1.80956 2.08035 1.44825 2.37204 4.71883
threshold=291.85000000000008 2.5000000000000004 13.500000000000002 19.500000000000004 42.500000000000007 37.500000000000007 5.7500000000000009 1.7500000000000002 0.4156504065040651 1.5000000000000002 17.650000000000002 12.500000000000002 0.53452380952380962 33.500000000000007 1.0000000180025095e-35 0.14142857142857146 0.19821428571428576 9.9500000000000011 7.5000000000000009 0.31311274509803927 12.500000000000002 1.5000000000000002 81.850000000000009 8.2500000000000018 12.65 5.7500000000000009 5.5000000000000009 14.950000000000001 23.250000000000004 0.11200716845878138
decision_type=2 2 2 2 2 2 2 2 2 2 2 2 2 2 2 2 2 2 2 2 2 2 2 2 2 2 2 2 2 2
left_child=1 2 -1 7 5 8 -7 11 9 -5 -11 -4 -13 -10 -3 27 17 -17 -19 20 21 24 23 -22 25 26 -18 28 29 -9
right_child=-2 14 3 4 -6 6 -8 15 13 10 -12 12 -14 -15 -16 16 19 18 -20 -21 22 -23 -24 -25 -26 -27 -28 -29 -30 -31
leaf_value=0.00054713221787690248 -0.00016119292562482041 -0.0029108441535147349 0.00042380213358209241 0.0010898910328067434 0.0028509177011437712 -0.0085041384136008962 -0.0004056423960227362 0.0032034955337754824 -0.00019793553310060345 -0.0018965247834509303 -0.000359952267190554 -0.00021041821610803406 0.0055690305890768012 0.0037029505843141426 2.329384133725481e-05 0.0026700928108457159 -0.0047587241050826403 -0.00051524495402425292 0.0033584714524668492 -5.6857690301942765e-05 0.0031282647015780382 -0.00053982302491263493 0.0058209512057776627 -0.00092989162998044961 -0.0010343479752934642 -0.0066236559124730468 0.00136538929284312 0.00017266243250166916 -0.0053013414117586179 -0.0049001567570865151
leaf_weight=3843 23023 142 3353 313 156 82 142 134 2183 1814 1093 90 118 90 430719 449 119 815 152 51451 169 5566 82 244 278 139 86 319 166 125
leaf_count=3843 23023 142 3353 313 156 82 142 134 2183 1814 1093 90 118 90 430719 449 119 815 152 51451 169 5566 82 244 278 139 86 319 166 125
internal_value=-6.7864e-07 6.64746e-06 -8.51771e-05 -0.000120026 -0.00066433 -0.000760251 -0.00337027 -6.99645e-05 -0.000653817 -0.00108465 -0.00131879 0.000578269 0.00306831 -4.3479e-05 2.23268e-05 -0.00010825 -9.26718e-05 0.000910618 9.36536e-05 -0.000117109 -0.000580975 -0.000753354 0.00157394 0.00073071 -0.00266415 -0.00398126 -0.00218958 -0.0013551 -0.00250182 -0.000707534
internal_weight=527455 504432 73571 69728 5873 5717 224 63855 5493 3220 2907 3561 208 2273 430861 60294 59550 1416 967 58134 6683 6188 495 413 622 344 205 744 425 259
internal_count=527455 504432 73571 69728 5873 5717 224 63855 5493 3220 2907 3561 208 2273 430861 60294 59550 1416 967 58134 6683 6188 495 413 622 344 205 744 425 259
is_linear=0
shrinkage=0.03


Tree=281
num_leaves=31
num_cat=0
split_feature=1 10 4 8 6 6 9 0 1 4 11 5 10 5 11 11 5 1 0 4 4 6 6 6 9 9 9 2 9 1
split_gain=0.676436 0.912455 1.5568 0.927162 0.853011 2.5571 0.940296 0.817668 4.16471 2.7354 1.87988 2.01622 2.30876 2.27865 2.54098 2.06984 1.89925 1.85002 3.41432 2.05167 1.85217 1.7244 4.25516 1.70401 2.92197 2.88617 1.65541 1.63774 1.52664 1.52103
threshold=16.500000000000004 2.5000000000000004 2.5000000000000004 1.5000000000000002 0.84807692307692317 0.60303030303030314 5.2500000000000009 5.5000000000000009 8.5000000000000018 6.5000000000000009 15.500000000000002 7.5000000000000009 4.5000000000000009 9.5000000000000018 77.500000000000014 139.50000000000003 28.500000000000004 6.5000000000000009 3.5000000000000004 7.5000000000000009 10.500000000000002 0.37089947089947095 0.55086206896551737 0.59175084175084181 5.9500000000000011 3.9500000000000006 184.65000000000001 58.750000000000007 32.550000000000004 6.5000000000000009
decision_type=2 2 2 2 2 2 2 2 2 2 2 2 2 2 2 2 2 2 2 2 2 2 2 2 2 2 2 2 2 2
left_child=7 2 3 -2 5 -3 -7 17 9 10 -9 26 13 14 21 16 27 18 -1 -19 -20 -13 -23 29 25 -25 -12 -14 -29 -15
right_child=1 4 -4 -5 -6 6 -8 8 -10 -11 11 12 15 23 -16 -17 -18 19 20 -21 -22 22 -24 24 -26 -27 -28 28 -30 -31
leaf_value=-4.1743547712405347e-05 -0.0015068897744640708 -0.00024967539597271055 -0.0005282829410664184 -0.0057670191119603333 -0.0024764974302850028 0.0012043816037071141 0.0051509018320120073 -8.2938417747199542e-05 -6.2772919392375992e-06 3.3891028155385478e-05 0.00098717783669085039 -0.0067937908139448239 0.0015783574738935878 -0.0015948679906041569 0.0012904035844637648 -0.0022327233780196258 -0.0016512826711857487 -0.00030551002824407228 0.00033773055018065804 -1.3929130801009933e-05 -0.00018522106092978876 0.0014042173458772324 -0.0052912028154337796 0.0013119684628327376 -0.0018281775041580645 0.0074791531767344696 0.0052435236637402008 -0.0021713229308641235 0.0020870708979857273 0.00026750217171461472
leaf_weight=173856 90 5037 599 94 141 115 103 2980 183967 12818 8962 91 2384 536 161 179 211 39379 37353 48428 7284 161 182 192 134 106 83 215 117 1497
leaf_count=173856 90 5037 599 94 141 115 103 2980 183967 12818 8962 91 2384 536 161 179 211 39379 37353 48428 7284 161 182 192 134 106 83 215 117 1497
internal_value=-6.13673e-07 -0.000312658 -0.00126968 -0.00368326 -0.000173787 -0.000112002 0.00306902 3.08518e-06 4.79344e-05 0.000369556 0.000606076 0.000741062 0.000322736 -0.00026212 -0.0019284 0.000898931 0.00109045 -2.83921e-05 1.83472e-05 -0.000144695 0.000252394 -0.00312248 -0.00214845 0.000140087 0.00185119 0.00350567 0.00102624 0.00130345 -0.000670624 -0.000223511
internal_weight=527455 6179 783 184 5396 5255 218 521276 214976 31009 18191 15211 6166 3060 595 3106 2927 306300 218493 87807 44637 434 343 2465 432 298 9045 2716 332 2033
internal_count=527455 6179 783 184 5396 5255 218 521276 214976 31009 18191 15211 6166 3060 595 3106 2927 306300 218493 87807 44637 434 343 2465 432 298 9045 2716 332 2033
is_linear=0
shrinkage=0.03


Tree=282
num_leaves=31
num_cat=0
split_feature=7 0 6 4 1 0 5 4 6 6 9 0 10 10 6 6 6 9 9 5 9 5 10 6 10 10 9 8 9 0
split_gain=0.657897 2.17946 2.88478 2.39452 1.64871 3.4443 2.27477 1.81666 1.86845 1.85483 4.48221 3.01054 2.96985 2.32624 2.31445 2.1205 2.391 2.05186 3.61814 1.9931 1.99587 1.993 1.84078 2.01544 1.77397 1.76845 1.91364 1.70115 2.05733 1.72628
threshold=12.500000000000002 6.5000000000000009 0.47434210526315795 6.5000000000000009 8.5000000000000018 5.5000000000000009 1.5000000000000002 6.5000000000000009 1.0000000180025095e-35 0.35067567567567576 4.3500000000000005 6.5000000000000009 6.5000000000000009 13.500000000000002 0.37965517241379315 0.32037735849056609 0.23845060412224592 15.050000000000002 7.1500000000000012 26.500000000000004 25.250000000000004 17.500000000000004 8.5000000000000018 0.33072916666666669 6.5000000000000009 2.5000000000000004 6.3500000000000005 5.5000000000000009 3.8500000000000001 7.5000000000000009
decision_type=2 2 2 2 2 2 2 2 2 2 2 2 2 2 2 2 2 2 2 2 2 2 2 2 2 2 2 2 2 2
left_child=4 2 -2 -4 5 -1 -6 8 24 10 15 12 -12 19 17 16 -10 18 -11 21 -21 25 23 -14 -7 -13 -27 28 -26 -29
right_child=1 -3 3 -5 6 7 -8 -9 9 14 11 13 22 -15 -16 -17 -18 -19 -20 20 -22 -23 -24 -25 27 26 -28 29 -30 -31
leaf_value=3.0459951527311636e-05 -0.00010191525216386159 0.00013632358408011862 -0.0017862433868800329 -0.00030799177289288047 -0.000370469348426375 0.0030946497286009366 -1.4570964301685321e-05 7.5610476067980396e-05 -0.0047248296823514547 0.0037540441064730931 5.4668884118643096e-05 0.0018390600535234337 0.0048748404656063869 0.0041893122199484533 0.00060514439287438987 -0.0058606202591552723 0.00091728757995907667 0.0054073333834488702 -0.0022717187888160041 -0.0069711606500103421 -0.00053448474988704764 0.0013492643953859804 0.0011814669173327275 -0.00030337358793774402 0.003798516421407265 0.002091853759166869 -0.0021064093209909539 0.0021101723843044624 -0.00099842059776583561 -0.0020528266307982533
leaf_weight=205016 86788 36364 1682 2384 18081 454 152391 9362 115 230 1363 152 317 85 8118 147 164 166 147 92 82 375 640 86 95 110 875 949 526 99
leaf_count=205016 86788 36364 1682 2384 18081 454 152391 9362 115 230 1363 152 317 85 8118 147 164 166 147 92 82 375 640 86 95 110 875 949 526 99
internal_value=-5.19912e-07 -5.9948e-05 -0.000138505 -0.000919507 1.83697e-05 7.08166e-05 -5.23191e-05 0.000405123 0.000605611 0.000473352 -1.32784e-05 0.000285686 0.000976678 -0.000653064 0.000731979 -0.00294467 -0.00140832 0.00262819 0.00140448 -0.000897193 -0.00393778 -0.000547284 0.00218157 0.00376981 0.00143193 -0.00117279 -0.00163757 0.000979637 -0.00026459 0.00171691
internal_weight=527455 127218 90854 4066 400237 229765 170472 24749 15387 13264 4603 4177 2406 1771 8661 426 279 543 377 1686 174 1512 1043 403 2123 1137 985 1669 621 1048
internal_count=527455 127218 90854 4066 400237 229765 170472 24749 15387 13264 4603 4177 2406 1771 8661 426 279 543 377 1686 174 1512 1043 403 2123 1137 985 1669 621 1048
is_linear=0
shrinkage=0.03


Tree=283
num_leaves=31
num_cat=0
split_feature=11 3 8 7 10 4 4 10 10 10 5 3 11 8 9 5 11 9 10 5 10 3 3 8 2 9 3 3 3 0
split_gain=0.675204 1.49538 1.51653 1.93127 4.05802 3.59015 2.95389 2.77254 2.19018 1.76825 1.90233 1.28607 0.886076 2.08093 1.94 1.90149 1.39108 1.72537 2.1174 2.65817 2.32924 2.36329 1.69384 1.43423 1.69138 1.38867 1.31182 2.03747 3.64854 2.63798
threshold=6.5000000000000009 35.95000000000001 7.5000000000000009 3.5000000000000004 4.5000000000000009 2.5000000000000004 2.5000000000000004 3.5000000000000004 8.5000000000000018 5.5000000000000009 9.5000000000000018 23.350000000000005 18.500000000000004 1.5000000000000002 2.9500000000000006 4.5000000000000009 19.500000000000004 37.650000000000013 4.5000000000000009 2.5000000000000004 3.5000000000000004 11.350000000000003 31.450000000000003 5.5000000000000009 55.750000000000007 4.3500000000000005 2.1500000000000008 2.5500000000000003 3.0500000000000003 1.5000000000000002
decision_type=2 2 2 2 2 2 2 2 2 2 2 2 2 2 2 2 2 2 2 2 2 2 2 2 2 2 2 2 2 2
left_child=1 2 3 4 6 -5 -1 -7 -6 -4 11 -11 13 26 15 -15 17 18 20 -20 21 25 23 24 -21 -14 -2 -28 -29 -30
right_child=12 -3 9 5 8 7 -8 -9 -10 10 -12 -13 16 14 -16 -17 -18 -19 19 22 -22 -23 -24 -25 -26 -27 27 28 29 -31
leaf_value=0.0020022657188914113 0.00046904189912766014 -0.00011436040473883589 -0.0015478023178875444 0.0054209815704130701 -0.0036105740136866057 -0.0048259547522355771 0.0094092388165205026 -0.00011852792508545377 0.002754975604759746 -0.00011537041670332351 0.005960471263410998 0.0043534690034143699 8.8638351138797591e-05 0.0052017055709110268 -6.859751366800587e-05 0.00027867730388917572 1.0097171473079364e-05 -0.0003996650343251907 0.0002114728419913043 0.00049241350694413644 -0.0041373640293022622 -0.0026567502518461896 0.00062441995695487339 0.0077410620624242827 0.0065308072497802126 0.0052264013828645494 -0.0032481683631342528 0.0020663376176258425 0.0016962879355859888 -0.0014110680869720478
leaf_weight=111 672 2165 80 84 112 145 86 504 86 144 153 97 80 124 75408 164 442214 581 232 83 96 94 88 129 84 116 323 367 272 2561
leaf_count=111 672 2165 80 84 112 145 86 504 86 144 153 97 80 124 75408 164 442214 581 232 83 96 94 88 129 84 116 323 367 272 2561
internal_value=-4.03055e-07 0.000399804 0.00109466 0.000496321 0.00218732 -0.000414924 0.00523577 -0.00117026 -0.000845739 0.00251857 0.00334423 0.00168329 -3.28183e-06 -9.52555e-05 -5.92117e-05 0.00239831 1.3275e-05 0.000901006 0.00165519 0.00274686 -8.69633e-05 0.00125386 0.00427866 0.00536505 0.00352969 0.00312936 -0.000745643 -0.00097734 -0.000748128 -0.00111273
internal_weight=527455 3767 1602 1128 395 733 197 649 198 474 394 241 523688 79891 75696 288 443797 1583 1002 616 386 290 384 296 167 196 4195 3523 3200 2833
internal_count=527455 3767 1602 1128 395 733 197 649 198 474 394 241 523688 79891 75696 288 443797 1583 1002 616 386 290 384 296 167 196 4195 3523 3200 2833
is_linear=0
shrinkage=0.03


Tree=284
num_leaves=31
num_cat=0
split_feature=11 0 1 3 7 11 7 5 3 6 5 6 6 11 1 1 9 2 3 11 6 11 3 11 6 9 6 11 5 9
split_gain=0.671031 1.15642 3.05455 2.89137 1.62892 2.73923 2.60704 2.08611 2.84715 2.073 2.49746 1.99138 2.39457 2.00701 1.4512 1.36839 1.38003 1.3652 1.17126 1.70107 1.10371 1.09712 1.65888 2.02323 2.42638 2.80584 1.9113 1.83606 3.38434 3.99861
threshold=69.500000000000014 6.5000000000000009 9.5000000000000018 14.65 2.5000000000000004 99.500000000000014 4.5000000000000009 10.500000000000002 6.4500000000000011 0.45889639639639646 7.5000000000000009 0.31866537717601556 0.20881782945736438 119.50000000000001 8.5000000000000018 8.5000000000000018 5.7500000000000009 54.250000000000007 5.7500000000000009 153.50000000000003 0.47722567287784684 18.500000000000004 8.4500000000000011 19.500000000000004 0.46737588652482276 10.550000000000002 0.58434959349593507 51.500000000000007 5.5000000000000009 17.750000000000004
decision_type=2 2 2 2 2 2 2 2 2 2 2 2 2 2 2 2 2 2 2 2 2 2 2 2 2 2 2 2 2 2
left_child=21 -2 3 4 5 7 15 8 17 11 -11 12 -8 -13 -12 20 -17 -3 19 -7 -6 -1 23 24 25 -23 -26 -25 29 -29
right_child=1 2 -4 -5 6 18 9 -9 -10 10 14 13 -14 -15 -16 16 -18 -19 -20 -21 -22 22 -24 27 26 -27 -28 28 -30 -31
leaf_value=-7.0860274602441584e-05 -9.584590662535819e-05 0.0040600544097833336 -1.6890130684106954e-05 3.8317673804668601e-05 0.0030524180953701336 -0.0012635951143844673 0.0016667634443482682 -0.0025212543392416969 0.0071039276616647841 0.0016096829090799603 -0.0055001814446101584 0.0059526349649350078 -0.0021029892191290855 0.00027779260521238467 -0.000188146170090746 0.0045806175498291843 -0.00090913553201757804 -0.00069448001428761268 0.00056789206103845073 -0.006719662734103622 0.0071417734713891566 0.0067590167457237844 6.922885534243392e-06 9.5632341369387383e-05 -0.0034397895203690729 0.0001909268681629328 0.002103375169844204 0.00073547850024937146 5.4951930332080968e-05 0.0031081836268730808
leaf_weight=83658 127626 84 44186 3280 108 144 1405 85 96 196 108 173 170 83 81 80 85 154 110 80 132 150 190959 61943 92 96 143 4503 6700 745
leaf_count=83658 127626 84 44186 3280 108 144 1405 85 96 196 108 173 170 83 81 80 85 154 110 80 132 150 190959 61943 92 96 143 4503 6700 745
internal_value=-3.29049e-07 -4.76472e-05 7.33482e-05 0.000672577 0.00128917 5.93659e-05 0.00164248 0.00167486 0.00274273 0.00123799 -0.000763017 0.00165874 0.00125987 0.00411274 -0.00322359 0.00385567 0.00175256 0.000983591 -0.00196725 -0.00321219 0.00530156 2.38685e-05 5.37362e-05 0.000173935 0.00211331 0.00419586 -6.67148e-05 0.00016131 0.000501811 0.0010723
internal_weight=527455 178466 50840 6654 3374 753 2621 419 334 2216 385 1831 1575 256 189 405 165 238 334 224 240 348989 265331 74372 481 246 235 73891 11948 5248
internal_count=527455 178466 50840 6654 3374 753 2621 419 334 2216 385 1831 1575 256 189 405 165 238 334 224 240 348989 265331 74372 481 246 235 73891 11948 5248
is_linear=0
shrinkage=0.03


Tree=285
num_leaves=31
num_cat=0
split_feature=7 11 6 5 5 9 6 9 0 6 6 0 3 4 5 3 5 11 4 2 5 3 9 6 8 2 6 9 6 0
split_gain=0.663505 1.72394 1.99623 1.72683 1.74598 1.59063 1.54603 2.14353 2.02949 1.70025 2.30951 1.8197 1.9083 2.27864 1.53307 3.50992 1.46031 1.83402 1.33842 1.89366 2.02044 1.32361 2.78627 4.16404 2.7578 1.29783 1.65589 2.11139 1.71006 1.76326
threshold=2.5000000000000004 13.500000000000002 0.133974358974359 19.500000000000004 42.500000000000007 1.7500000000000002 0.19821428571428576 9.9500000000000011 7.5000000000000009 0.31311274509803927 0.30495169082125612 1.5000000000000002 12.65 2.5000000000000004 37.500000000000007 5.7500000000000009 12.500000000000002 56.500000000000007 6.5000000000000009 56.750000000000007 6.5000000000000009 14.950000000000001 23.250000000000004 0.11200716845878138 9.5000000000000018 59.250000000000007 0.44058823529411767 17.450000000000003 0.3816526610644258 6.5000000000000009
decision_type=2 2 2 2 2 2 2 2 2 2 2 2 2 2 2 2 2 2 2 2 2 2 2 2 2 2 2 2 2 2
left_child=1 -1 21 5 14 16 7 18 -9 10 11 12 13 -8 25 -16 -4 -18 19 20 -7 22 23 -3 -24 -5 27 28 29 -27
right_child=-2 2 3 4 -6 6 9 8 -10 -11 -12 -13 -14 -15 15 -17 17 -19 -20 -21 -22 -23 24 -25 -26 26 -28 -29 -30 -31
leaf_value=0.00053453352789641247 1.3341397162980754e-05 0.0026557527029631182 0.00041009981225924097 -0.00078270319648632834 0.0026081581995041178 0.0022455892892133803 -0.00099112782932432564 -0.00050093699001432746 0.0032635136007921378 -5.6698135005482005e-05 -0.0027023060623930215 -0.00024886545372451794 -0.0001028279617437095 -0.0058324280753731727 -0.0081000353572286514 -0.00023302563344654829 0.0053191547586597622 -0.00042206625171404861 0.0003142719939533694 0.00040103176832199098 0.0083177180705325954 -0.00022567995427494967 -0.0090141464211046692 -0.004414501932606443 -0.0016616557589308782 0.0013949965514916507 0.0032040142247498761 0.0038480980231398992 -0.003897654388836303 -0.0025450562360562284
leaf_weight=3847 453795 153 3353 4549 149 93 174 818 153 51507 426 5642 280 176 81 138 124 84 153 100 105 380 96 147 88 293 164 101 129 157
leaf_count=3847 453795 153 3353 4549 149 93 174 818 153 51507 426 5642 280 176 81 138 124 84 153 100 105 380 96 147 88 293 164 101 129 157
internal_value=-2.14767e-07 -8.37298e-05 -0.000117799 -9.98411e-05 -0.000597063 -5.45082e-05 -9.12917e-05 0.000886032 9.22257e-05 -0.000115169 -0.000564801 -0.00041962 -0.00194882 -0.00342561 -0.000682163 -0.00314274 0.000561411 0.00300058 0.00259509 0.00376612 0.00546566 -0.00155086 -0.00259129 -0.000808672 -0.00549774 -0.000582243 0.000498198 -0.000154381 -0.000852569 2.03559e-05
internal_weight=527455 73660 69813 68949 5761 63188 59627 1422 971 58205 6698 6272 630 350 5612 219 3561 208 451 298 198 864 484 300 184 5393 844 680 579 450
internal_count=527455 73660 69813 68949 5761 63188 59627 1422 971 58205 6698 6272 630 350 5612 219 3561 208 451 298 198 864 484 300 184 5393 844 680 579 450
is_linear=0
shrinkage=0.03


Tree=286
num_leaves=31
num_cat=0
split_feature=10 11 2 9 9 5 9 2 6 6 11 0 11 1 2 9 5 5 11 1 8 0 5 6 4 1 4 0 9 9
split_gain=0.662528 1.04945 2.01891 3.44354 1.43203 1.06619 1.00073 2.78167 2.14062 2.76969 2.18544 2.07317 3.08238 2.44214 2.03389 4.15585 1.82137 1.39814 1.88158 1.19753 1.36431 1.51765 1.81564 1.38536 2.74436 2.33839 2.18052 1.9319 1.89795 2.04091
threshold=1.5000000000000002 26.500000000000004 53.500000000000007 7.9500000000000011 1.9500000000000002 8.5000000000000018 2.7500000000000004 54.250000000000007 0.66333333333333344 0.96875000000000011 61.500000000000007 5.5000000000000009 134.50000000000003 12.500000000000002 56.250000000000007 1.7500000000000002 7.5000000000000009 5.5000000000000009 47.500000000000007 6.5000000000000009 1.5000000000000002 1.5000000000000002 11.500000000000002 0.42365967365967372 2.5000000000000004 3.5000000000000004 3.5000000000000004 2.5000000000000004 6.2500000000000009 5.5500000000000007
decision_type=2 2 2 2 2 2 2 2 2 2 2 2 2 2 2 2 2 2 2 2 2 2 2 2 2 2 2 2 2 2
left_child=1 2 3 5 -4 -1 7 8 -3 10 -10 14 13 17 16 -16 -9 -13 -19 20 21 -8 -23 28 25 -25 -26 -27 29 -22
right_child=-2 6 4 -5 -6 -7 19 11 9 -11 -12 12 -14 -15 15 -17 -18 18 -20 -21 23 22 -24 24 26 27 -28 -29 -30 -31
leaf_value=-0.0047664252258573948 8.8144899055738862e-06 0.0015929465080741084 -0.0034029815304279327 -0.00037029803203229134 -0.00016145139129384513 -0.0017085210647526548 -0.0035571400041226296 0.0022720389403373016 -0.008718574791598847 -7.9209504171681759e-05 -0.0022337919605286932 0.000924278564281135 0.0061642428547740357 -0.0010986529497423834 -0.0059301607986164137 0.00048668075960164533 -0.0012995635226005847 0.0080096976575441663 0.0023191303550111537 -0.00028071704736475821 0.00033547416667753646 -0.0013148437532105746 0.0029012223631143569 0.00058077141291870986 0.0022909717270110735 -0.005666822894461492 0.00057728322112345954 -0.0011191607479510031 -0.00046239033848635838 0.0049897841271013023
leaf_weight=283 492271 158 125 810 6545 161 176 469 85 199 104 214 146 237 127 319 177 80 151 13820 289 393 120 881 806 94 3910 796 3389 120
leaf_count=283 492271 158 125 810 6545 161 176 469 85 199 104 214 146 237 127 319 177 80 151 13820 289 393 120 881 806 94 3910 796 3389 120
internal_value=-1.74298e-07 -0.000125939 -0.000429831 -0.00153422 -0.0002222 -0.00365759 -3.76034e-05 0.000538756 -0.00135068 -0.00254937 -0.00515023 0.00107606 0.00220816 0.00136126 0.00021766 -0.00134054 0.00129344 0.00267137 0.00428989 -9.49278e-05 0.000139044 -0.00115333 -0.000328629 0.000225621 0.000492034 -0.000514892 0.000870166 -0.00159948 -0.000229414 0.00170104
internal_weight=527455 35184 7924 1254 6670 444 27260 2466 546 388 189 1920 828 682 1092 446 646 445 231 24794 10974 689 513 10285 6487 1771 4716 890 3798 409
internal_count=527455 35184 7924 1254 6670 444 27260 2466 546 388 189 1920 828 682 1092 446 646 445 231 24794 10974 689 513 10285 6487 1771 4716 890 3798 409
is_linear=0
shrinkage=0.03


Tree=287
num_leaves=31
num_cat=0
split_feature=11 6 9 3 5 6 8 8 3 0 0 6 8 3 7 10 3 11 8 9 11 9 6 10 8 3 3 8 6 9
split_gain=0.654577 2.69827 1.02535 2.67689 3.82762 2.48441 1.6281 1.1281 1.16567 1.12615 1.97083 0.87593 0.875359 1.35347 1.15819 1.12663 0.822747 0.814398 1.98201 1.88379 1.30572 1.62372 2.21861 2.09518 1.87426 1.72092 1.62411 1.59165 1.48135 1.39069
threshold=6.5000000000000009 0.69397993311036799 7.9500000000000011 15.850000000000003 9.5000000000000018 0.31072796934865904 3.5000000000000004 5.5000000000000009 10.850000000000003 6.5000000000000009 3.5000000000000004 0.36055555555555557 7.5000000000000009 49.350000000000001 10.500000000000002 8.5000000000000018 22.150000000000002 18.500000000000004 1.5000000000000002 2.7500000000000004 19.500000000000004 37.650000000000013 0.48858329008822005 4.5000000000000009 7.5000000000000009 25.350000000000005 9.4500000000000011 5.5000000000000009 0.58434959349593507 7.7500000000000009
decision_type=2 2 2 2 2 2 2 2 2 2 2 2 2 2 2 2 2 2 2 2 2 2 2 2 2 2 2 2 2 2
left_child=1 2 6 4 7 -6 9 -4 -9 10 -1 12 16 14 15 -14 -5 18 -2 -20 21 22 23 26 25 27 -19 29 -24 -25
right_child=17 -3 3 11 5 -7 -8 8 -10 -11 -12 -13 13 -15 -16 -17 -18 20 19 -21 -22 -23 28 24 -26 -27 -28 -29 -30 -31
leaf_value=-0.0017440571847434777 -0.00072589176586405641 0.0053589459747308867 0.0028428475581145341 -0.0040031294245272877 0.0083466003908485662 0.0016657965586465947 -0.00426360978583901 0.00088973772530522889 -0.003783875201587324 -0.0024025909228712543 0.0032338924309419045 0.0024472272473582027 -0.0012430953300527987 -0.00015556021303805265 0.0050237100748345255 0.0024368501442765429 -0.00064470014344045863 0.0027729308520528404 0.0033601801505569236 -6.2531893086740942e-05 9.8173205509004318e-06 -0.00038881856672427328 -0.002704584505433425 0.0070248316089774289 0.00036918146624837232 0.0014669458723931324 -0.0026210461311754495 0.0093859293594442568 0.0013422892485109588 0.0015294714183546603
leaf_weight=133 4195 96 104 80 122 85 107 118 81 133 155 134 124 1660 80 189 366 99 145 75551 442214 581 143 86 115 101 102 87 189 80
leaf_count=133 4195 96 104 80 122 85 107 118 81 133 155 134 124 1660 80 189 366 99 145 75551 442214 581 143 86 115 101 102 87 189 80
internal_value=-1.42477e-07 0.000393904 0.000264064 0.000469562 0.00245888 0.00560328 -0.000959199 0.00031073 -0.00101259 -0.000119361 0.000935048 8.42406e-05 -4.24661e-05 0.000219234 0.00180234 0.00097898 -0.00124711 -2.97694e-06 -9.11522e-05 -5.59755e-05 1.28961e-05 0.000872959 0.00160459 0.0025983 0.00369656 0.00477749 3.56888e-05 0.00609909 -0.000400792 0.00437647
internal_weight=527455 3767 3671 3143 510 207 528 303 199 421 288 2633 2499 2053 393 313 446 523688 79891 75696 443797 1583 1002 670 469 354 201 253 332 166
internal_count=527455 3767 3671 3143 510 207 528 303 199 421 288 2633 2499 2053 393 313 446 523688 79891 75696 443797 1583 1002 670 469 354 201 253 332 166
is_linear=0
shrinkage=0.03


Tree=288
num_leaves=31
num_cat=0
split_feature=11 10 2 3 5 5 3 11 8 11 1 5 11 3 11 3 1 3 11 8 0 11 4 4 5 1 0 6 2 8
split_gain=0.653592 1.38839 1.35232 1.5476 2.1396 1.37139 1.78322 2.20933 1.39406 1.55363 1.1752 1.78934 1.97896 1.96782 1.676 3.52436 2.01619 1.89625 3.25302 2.1913 1.37155 1.99009 1.19705 1.14362 2.40805 1.14187 1.12151 1.19993 1.08273 2.63889
threshold=69.500000000000014 2.5000000000000004 59.250000000000007 9.2500000000000018 14.500000000000002 5.5000000000000009 5.3500000000000005 223.50000000000003 5.5000000000000009 183.50000000000003 4.5000000000000009 2.5000000000000004 210.50000000000003 6.8500000000000005 99.500000000000014 3.8500000000000001 5.5000000000000009 2.1500000000000008 118.50000000000001 2.5000000000000004 3.5000000000000004 84.500000000000014 4.5000000000000009 1.5000000000000002 4.5000000000000009 9.5000000000000018 7.5000000000000009 0.7231800766283526 53.500000000000007 8.5000000000000018
decision_type=2 2 2 2 2 2 2 2 2 2 2 2 2 2 2 2 2 2 2 2 2 2 2 2 2 2 2 2 2 2
left_child=-1 2 5 4 -4 10 7 8 9 26 20 12 -12 -14 16 17 22 -16 -19 -20 -2 -22 -13 24 25 -18 -7 -28 29 -3
right_child=1 28 3 -5 -6 6 -8 -9 -10 -11 11 14 13 -15 15 -17 23 18 19 -21 21 -23 -24 -25 -26 -27 27 -29 -30 -31
leaf_value=2.3799471093592179e-05 0.00030863930107627051 -0.000723857063644876 0.006415989222946796 -0.00046351129273270169 0.0010761673092492855 -0.0016084451743234689 -0.00029393039494772337 0.0021956297951351319 0.00037395443093295785 -0.0051530702965389384 -0.00069160956881968486 -0.0050617522826561564 -0.0074056304708482274 -0.001321990546807482 -1.7330440157276439e-05 4.9747133290491379e-05 0.0017765743482311296 0.0094640292956425648 0.0046603653035342495 -0.0014315654294247307 0.0061304171296257164 0.00051556535805129028 -0.00057552335128843127 0.00020644388452192627 -0.0054578083684824613 -0.0020554273088239658 0.0011359191025217051 -0.0026713186094887774 1.6821854142027388e-05 -1.6692224866589934e-06
leaf_weight=348989 2221 6390 89 330 280 2373 9725 175 409 101 1490 130 83 113 127 1594 138 82 151 82 93 146 91 1446 107 142 284 101 134127 15846
leaf_count=348989 2221 6390 89 330 280 2373 9725 175 409 101 1490 130 83 113 127 1594 138 82 151 82 93 146 91 1446 107 142 284 101 134127 15846
internal_value=-8.16e-08 -4.67809e-05 -0.000269337 0.00102917 0.00236409 -0.000311743 -0.000501655 -0.00108839 -0.00126425 -0.0014986 -8.10583e-06 -0.000241975 -0.00106438 -0.00389823 9.7042e-05 0.00070701 -0.000507581 0.00307732 0.00432501 0.00251642 0.000541012 0.00270042 -0.00321448 -0.000181217 -0.00162969 -0.000166798 -0.00136477 0.000137137 -1.5321e-05 -0.000209206
internal_weight=527455 178466 22103 699 369 21404 13168 3443 3268 2859 8236 5776 1686 196 4090 2036 2054 442 315 233 2460 239 221 1833 387 280 2758 385 156363 22236
internal_count=527455 178466 22103 699 369 21404 13168 3443 3268 2859 8236 5776 1686 196 4090 2036 2054 442 315 233 2460 239 221 1833 387 280 2758 385 156363 22236
is_linear=0
shrinkage=0.03


Tree=289
num_leaves=31
num_cat=0
split_feature=10 9 2 11 3 1 8 1 11 9 6 11 3 6 11 7 11 3 3 9 2 11 11 6 3 2 3 11 3 3
split_gain=0.64507 1.22848 1.22775 1.4244 1.33595 1.43385 1.7752 1.67905 1.67692 1.4588 1.24197 1.66445 1.37471 1.23479 1.21025 1.86853 1.76476 3.05052 2.3004 2.4869 1.81141 1.91953 1.48486 1.88845 1.48199 1.31803 1.90223 2.31821 1.86586 1.60691
threshold=11.500000000000002 37.050000000000004 55.750000000000007 76.500000000000014 40.250000000000007 10.500000000000002 6.5000000000000009 16.500000000000004 132.50000000000003 2.1500000000000008 0.4156504065040651 29.500000000000004 12.950000000000001 0.20881782945736438 140.50000000000003 3.5000000000000004 497.50000000000006 12.65 3.7500000000000004 3.2500000000000004 56.750000000000007 162.50000000000003 146.50000000000003 0.60990338164251223 4.0500000000000007 55.250000000000007 4.9500000000000011 189.50000000000003 6.0500000000000007 5.7500000000000009
decision_type=2 2 2 2 2 2 2 2 2 2 2 2 2 2 2 2 2 2 2 2 2 2 2 2 2 2 2 2 2 2
left_child=14 2 3 -2 5 -4 7 9 10 -7 11 12 13 -8 -1 22 18 -18 19 -17 21 -21 23 -16 -20 -26 27 -27 29 -28
right_child=1 -3 4 -5 -6 6 8 -9 -10 -11 -12 -13 -14 -15 15 16 17 -19 24 20 -22 -23 -24 -25 25 26 28 -29 -30 -31
leaf_value=3.8949300995580751e-05 4.1245350265468603e-05 3.0129152726414025e-06 -0.00069984826591039926 -0.00046042204660291439 6.1185362419008085e-05 -0.0033491625569674163 -0.0027491570916026828 -0.0037331285212060502 0.0029350929154503729 0.00061889624953288987 0.00042759605249998594 -0.00041869907693692219 -0.0017902399427085012 -0.0077457070745617501 -0.00082087685931279942 0.0053619890191129865 -0.006505882259262236 -0.00072910853891820391 -0.0031691882080501976 -0.0011167802606174284 -0.0021658413233452065 0.0043651223506753307 -0.00058649024800394068 -0.0062360886545832616 -0.00033061502392587791 0.0002857756211950972 -0.00072650712728500365 0.0068475247226482214 0.00024954615732203085 -0.0057721844207809635
leaf_weight=320397 26220 133815 10106 6322 5066 86 96 87 93 2741 303 433 324 83 144 143 95 614 135 94 129 148 4738 97 6553 111 180 86 7933 83
leaf_count=320397 26220 133815 10106 6322 5066 86 96 87 93 2741 303 433 324 83 144 143 95 614 135 94 129 148 4738 97 6553 111 180 86 7933 83
internal_value=-6.60236e-08 -4.50594e-05 -0.000168862 -5.62146e-05 -0.000357644 -0.000505484 -4.28727e-05 0.000371855 -0.000950167 0.000498184 -0.0012418 -0.00178221 -0.00295597 -0.00506599 2.43973e-05 -0.00019467 -3.93318e-05 -0.00150315 2.72181e-05 0.00200084 0.000705303 0.00223579 -0.000703334 -0.00300044 -4.00481e-05 -1.17841e-05 0.000237149 0.0031503 0.000167129 -0.00231887
internal_weight=527455 185775 51960 32542 19418 14352 4246 2914 1332 2827 1239 936 503 179 341680 21283 16304 709 15595 514 371 242 4979 241 15081 14946 8393 197 8196 263
internal_count=527455 185775 51960 32542 19418 14352 4246 2914 1332 2827 1239 936 503 179 341680 21283 16304 709 15595 514 371 242 4979 241 15081 14946 8393 197 8196 263
is_linear=0
shrinkage=0.03


Tree=290
num_leaves=31
num_cat=0
split_feature=3 9 9 3 4 5 11 1 2 3 8 1 5 10 3 11 5 10 10 10 1 1 11 10 2 5 3 3 3 9
split_gain=0.638389 0.750682 1.87514 2.10021 1.53008 2.48879 2.17483 2.9204 2.14902 2.77069 1.87812 1.79137 2.06846 1.79126 1.7226 1.53618 2.62807 1.50433 2.1757 1.44216 1.8199 1.40384 1.39202 1.75815 1.48689 1.38446 1.31813 3.92721 1.92866 1.64218
threshold=291.85000000000008 25.650000000000002 30.550000000000004 2.5500000000000003 5.5000000000000009 10.500000000000002 103.50000000000001 7.5000000000000009 55.750000000000007 9.0500000000000025 8.5000000000000018 2.5000000000000004 9.5000000000000018 1.5000000000000002 6.0500000000000007 22.500000000000004 19.500000000000004 11.500000000000002 9.5000000000000018 7.5000000000000009 7.5000000000000009 15.500000000000002 28.500000000000004 6.5000000000000009 57.750000000000007 14.500000000000002 4.2500000000000009 5.5500000000000007 4.7500000000000009 28.050000000000004
decision_type=2 2 2 2 2 2 2 2 2 2 2 2 2 2 2 2 2 2 2 2 2 2 2 2 2 2 2 2 2 2
left_child=1 -1 3 -3 5 6 10 -8 14 22 13 -12 17 -5 -7 -11 -17 18 -13 25 -21 26 23 -10 -24 -16 29 28 -28 -15
right_child=-2 2 -4 4 -6 8 7 -9 9 15 11 12 -14 21 19 16 -18 -19 -20 20 -22 -23 24 -25 -26 -27 27 -29 -30 -31
leaf_value=-2.9607692818856111e-05 -0.00015453037255325604 0.0043547014923011563 2.0267958926096166e-05 0.0041614271540726935 0.00014678474766373603 0.0062400838204736547 0.00073821956227565629 -0.0053933371404806772 0.00046971178971804106 0.00036440987979442297 0.0025911552480288912 -0.00062082263322759269 -0.0056629433780908582 -0.0037206329619153761 -0.0017879072634073402 0.0067750897773560257 0.00038981541206962181 -0.002912119311538148 0.0044911803271663322 0.0014028553615013757 0.0074877193467370387 0.0045484907595917234 -0.00085703187486094038 -0.0046472121137380602 0.003453135418990427 0.0027611956125372771 0.001177962552756071 0.00031796616153941995 0.0066675203666090969 0.0014075036993193807
leaf_weight=252092 23023 116 233366 154 14015 133 145 135 117 142 140 474 80 130 104 149 95 188 89 90 87 86 178 125 121 143 96 1399 144 99
leaf_count=252092 23023 116 233366 154 14015 133 145 135 117 142 140 474 80 130 104 149 95 188 89 90 87 86 178 125 121 143 96 1399 144 99
internal_value=-4.34813e-08 7.00752e-06 4.35868e-05 0.00033039 0.000305636 0.00076533 0.000313298 -0.00221807 0.0017885 0.000903559 0.000543496 -0.000548205 -0.0010771 0.00104636 0.00326127 0.00284525 0.00428902 -0.000588593 0.000187292 0.00232688 0.00439372 0.000800856 -0.000481825 -0.00217333 0.000887216 0.000845784 0.00062832 0.0009262 0.0044717 -0.00150367
internal_weight=527455 504432 252340 18974 18858 4843 3359 280 1484 927 3079 971 831 2108 557 386 244 751 563 424 177 1954 541 242 299 247 1868 1639 240 229
internal_count=527455 504432 252340 18974 18858 4843 3359 280 1484 927 3079 971 831 2108 557 386 244 751 563 424 177 1954 541 242 299 247 1868 1639 240 229
is_linear=0
shrinkage=0.03


Tree=291
num_leaves=31
num_cat=0
split_feature=7 0 9 4 11 1 0 5 4 11 9 9 7 9 4 2 11 2 0 9 7 1 4 2 9 2 8 2 11 10
split_gain=0.637163 2.02481 2.40214 1.82296 2.61498 1.56702 3.26321 2.15864 1.7235 1.84753 2.57492 1.90634 3.06175 2.19397 2.59535 2.18155 2.00491 3.27021 1.93761 3.86086 1.82741 1.78473 1.80049 1.76258 1.72579 1.68153 1.66325 1.66024 1.58462 2.16649
threshold=12.500000000000002 6.5000000000000009 28.050000000000004 6.5000000000000009 42.500000000000007 8.5000000000000018 5.5000000000000009 1.5000000000000002 6.5000000000000009 22.500000000000004 4.7500000000000009 5.7500000000000009 4.5000000000000009 22.450000000000003 4.5000000000000009 54.250000000000007 15.500000000000002 53.500000000000007 6.5000000000000009 10.15 2.5000000000000004 6.5000000000000009 2.5000000000000004 54.250000000000007 7.5500000000000007 55.750000000000007 4.5000000000000009 58.750000000000007 16.500000000000004 8.5000000000000018
decision_type=2 2 2 2 2 2 2 2 2 2 2 2 2 2 2 2 2 2 2 2 2 2 2 2 2 2 2 2 2 2
left_child=5 2 3 4 -2 6 27 -7 9 10 -8 20 15 21 28 16 -13 -18 -17 24 -12 26 -23 -24 -20 -22 -14 -1 29 -15
right_child=1 -3 -4 -5 -6 7 8 -9 -10 -11 11 12 13 14 -16 18 17 -19 19 -21 25 22 23 -25 -26 -27 -28 -29 -30 -31
leaf_value=1.5189310815496936e-05 -0.0020738780756488734 0.00013071509857432221 -7.3649450725864562e-05 -0.00027261006623519073 -0.00046848202817668407 -0.00036022928072768263 -0.00098453163616441072 -1.3534609413808225e-05 7.4186884105909641e-05 0.00085923292171819615 0.0052033212373334857 -0.00068570613682580493 0.0051869693111389059 -0.0011603163010100038 0.0011081326790509738 -0.00020827467281543698 0.0065945825854746192 0.00044303242207865089 -0.0019021684082289195 -0.0042438816068905228 -0.0013406907086787015 0.0028788896361809403 -0.0031758398100219924 -4.9304832600884966e-05 0.0033069595586574445 0.0032703374368043573 0.000510564156524513 0.00050778045470553006 0.0065785026969696504 0.0055808593630790708
leaf_weight=198661 1444 36364 78730 8196 2484 18081 1323 152391 9362 9221 142 360 109 82 733 843 117 232 116 388 138 126 232 540 113 147 184 6355 151 90
leaf_count=198661 1444 36364 78730 8196 2484 18081 1323 152391 9362 9221 142 360 109 82 733 843 117 232 116 388 138 126 232 540 113 147 184 6355 151 90
internal_value=1.91784e-08 -5.8465e-05 -0.000134184 -0.000527277 -0.00105865 1.86088e-05 6.97398e-05 -5.03066e-05 0.000395139 0.000590418 0.000188417 0.000508841 0.000323759 0.00109986 0.0020954 -0.000480254 0.000885043 0.0025053 -0.00114326 -0.00242073 0.00242294 0.000217165 -0.000446191 -0.000988885 0.000668275 0.00103763 0.00225025 3.04584e-05 0.00433587 0.00236704
internal_weight=527455 127218 90854 12124 3928 400237 229765 170472 24749 15387 6166 4843 4416 2247 1056 2169 709 349 1460 617 427 1191 898 772 229 285 293 205016 323 172
internal_count=527455 127218 90854 12124 3928 400237 229765 170472 24749 15387 6166 4843 4416 2247 1056 2169 709 349 1460 617 427 1191 898 772 229 285 293 205016 323 172
is_linear=0
shrinkage=0.03


Tree=292
num_leaves=31
num_cat=0
split_feature=11 6 9 3 6 6 8 3 9 3 9 6 8 3 7 10 1 11 8 9 9 9 9 6 2 1 11 9 6 10
split_gain=0.634706 2.5788 0.971814 2.57595 1.94941 2.20932 1.54498 1.38181 0.927649 1.25909 0.988864 0.831531 0.830317 1.29249 1.10998 1.07287 0.793347 0.779671 1.87469 1.8538 2.74467 2.49787 2.15647 1.8041 1.50772 1.43228 1.26224 1.56276 2.13277 2.01038
threshold=6.5000000000000009 0.69397993311036799 7.9500000000000011 15.850000000000003 0.16823899371069184 0.35067567567567576 3.5000000000000004 7.8500000000000005 4.5500000000000007 6.8500000000000005 3.2500000000000004 0.36055555555555557 7.5000000000000009 49.350000000000001 10.500000000000002 8.5000000000000018 6.5000000000000009 18.500000000000004 1.5000000000000002 3.6500000000000008 3.4500000000000006 4.0500000000000007 2.9500000000000006 0.66333333333333344 54.250000000000007 6.5000000000000009 19.500000000000004 37.650000000000013 0.48858329008822005 4.5000000000000009
decision_type=2 2 2 2 2 2 2 2 2 2 2 2 2 2 2 2 2 2 2 2 2 2 2 2 2 2 2 2 2 2
left_child=1 2 6 4 -4 7 8 -6 10 -10 -1 12 -5 14 15 -14 -17 18 -2 20 22 -21 23 -20 -22 -26 27 28 29 -19
right_child=17 -3 3 11 5 -7 -8 -9 9 -11 -12 -13 13 -15 -16 16 -18 26 19 21 24 -23 -24 -25 25 -27 -28 -29 -30 -31
leaf_value=0.00072825993129680322 -0.0007062676604248164 0.005242008381319465 -2.4911860691353596e-05 -0.0012134188769130463 0.0088136707591574357 0.00080085333322103206 -0.0041486559865265109 0.0036784919210382408 0.0040174444944694118 -0.00055961315285648911 -0.0036104674318007059 0.0023855963662447435 -0.0012127217914788952 -0.00015155448638565813 0.0049153469027951365 0.0042120121590793133 0.00031807624557045067 4.0315728523393172e-05 0.00039078092142329386 -0.0016299745282681299 0.0061263020735881895 -5.4495417994177451e-05 -0.00085585530158322376 0.0052461389696078472 -0.00058458237980746407 0.003997162488061372 9.8277252763583438e-06 -0.00037938621722677926 -0.00038996228012003854 0.0036263442906473617
leaf_weight=86 4195 96 187 446 82 130 107 111 87 143 105 134 124 1660 80 100 89 201 174 917 115 73539 588 114 110 139 442214 581 332 469
leaf_count=86 4195 96 187 446 82 130 107 111 87 143 105 134 124 1660 80 100 89 201 174 917 115 73539 588 114 110 139 442214 581 332 469
internal_value=1.14983e-07 0.000388134 0.000261201 0.000461263 0.00241272 0.00382398 -0.000929701 0.00586028 -0.000111581 0.00117171 -0.0016569 8.32757e-05 -4.01781e-05 0.0002147 0.00176173 0.000955695 0.00237836 -2.67612e-06 -8.89509e-05 -5.47398e-05 0.00109568 -7.3899e-05 0.000185859 0.00231269 0.00328524 0.0019731 1.28548e-05 0.000858476 0.00157624 0.00255054
internal_weight=527455 3767 3671 3143 510 323 528 193 421 230 191 2633 2499 2053 393 313 189 523688 79891 75696 1240 74456 876 288 364 249 443797 1583 1002 670
internal_count=527455 3767 3671 3143 510 323 528 193 421 230 191 2633 2499 2053 393 313 189 523688 79891 75696 1240 74456 876 288 364 249 443797 1583 1002 670
is_linear=0
shrinkage=0.03


Tree=293
num_leaves=31
num_cat=0
split_feature=1 10 4 8 6 6 9 0 1 1 0 4 4 4 6 9 11 9 8 5 10 11 2 11 9 11 0 10 10 11
split_gain=0.634149 0.863775 1.49039 0.879423 0.788081 2.45581 0.899373 0.746084 4.23813 2.90572 3.20357 3.39301 2.85198 2.78898 2.35704 2.21135 1.9229 1.76326 1.62126 1.57506 1.57387 1.61735 1.609 1.55579 2.52595 1.63238 1.53919 1.69935 2.46297 2.15911
threshold=16.500000000000004 2.5000000000000004 2.5000000000000004 1.5000000000000002 0.84807692307692317 0.60303030303030314 5.2500000000000009 4.5000000000000009 8.5000000000000018 4.5000000000000009 2.5000000000000004 5.5000000000000009 6.5000000000000009 6.5000000000000009 0.16172624237140368 4.2500000000000009 360.50000000000006 12.15 4.5000000000000009 17.500000000000004 4.5000000000000009 26.500000000000004 55.750000000000007 148.50000000000003 2.7500000000000004 196.50000000000003 7.5000000000000009 11.500000000000002 12.500000000000002 153.50000000000003
decision_type=2 2 2 2 2 2 2 2 2 2 2 2 2 2 2 2 2 2 2 2 2 2 2 2 2 2 2 2 2 2
left_child=7 2 3 -2 5 -3 -7 9 12 10 -1 17 14 -11 15 -9 26 23 20 -20 21 -17 -22 -12 -25 -26 27 -16 -29 -30
right_child=1 4 -4 -5 -6 6 -8 8 -10 13 11 -13 -14 -15 16 18 -18 -19 19 -21 22 -23 -24 24 25 -27 -28 28 29 -31
leaf_value=-3.6784013986756847e-05 -0.0014750644781937202 -0.00024239793969226916 -0.00050771382296615206 -0.0056240696539270113 -0.002380202972575368 0.0011862878892570734 0.0050459737220363132 0.0032828312151940296 -2.4932173096347393e-05 -0.00038591109320450099 0.00041789784343406719 2.9742188712383543e-05 3.3855855328623704e-05 -3.8565513270985922e-05 0.00031487417617675502 0.0044275877485841003 0.004299971461644239 0.00095090326141235131 0.00083698309367880692 0.0030979073427927989 0.00013071327447855416 -0.00038888911438633256 -0.0023878541443264111 0.0021955768300523587 -0.0049991149093595241 -0.00078264418200163521 0.0012828547443140804 -0.0024403193510395093 7.2256884975906678e-05 -0.0048444551884768957
leaf_weight=111990 90 5037 599 94 141 115 103 324 220605 33865 9440 21618 28364 53947 19942 118 107 7236 7472 288 624 134 360 129 155 177 1278 470 2550 83
leaf_count=111990 90 5037 599 94 141 115 103 324 220605 33865 9440 21618 28364 53947 19942 118 107 7236 7472 288 624 134 360 129 155 177 1278 470 2550 83
internal_value=1.51549e-07 -0.000301982 -0.00123313 -0.00359466 -0.000166866 -0.000107479 0.0030099 3.73292e-06 3.67015e-05 -3.53388e-05 4.45723e-05 0.000279667 0.0002556 -0.000172521 0.000441958 0.00084786 0.000287107 0.000594943 0.000760162 0.000920894 -0.000248963 0.00186645 -0.000790714 0.000334794 -0.00136694 -0.00275118 0.000269454 0.000213254 -0.000439828 -8.27325e-05
internal_weight=527455 6179 783 184 5396 5255 218 521276 282719 238557 150745 38755 62114 87812 33750 9320 24430 17137 8996 7760 1236 252 984 9901 461 332 24323 23045 3103 2633
internal_count=527455 6179 783 184 5396 5255 218 521276 282719 238557 150745 38755 62114 87812 33750 9320 24430 17137 8996 7760 1236 252 984 9901 461 332 24323 23045 3103 2633
is_linear=0
shrinkage=0.03


Tree=294
num_leaves=31
num_cat=0
split_feature=10 7 2 5 1 7 0 4 9 11 9 9 11 0 9 2 4 7 4 4 9 5 1 0 11 8 4 1 0 1
split_gain=0.619099 1.01871 1.07573 1.40493 1.54058 2.16963 1.78678 2.4981 1.18334 1.17656 1.12173 1.82103 1.90856 1.53018 2.0651 2.37716 2.29024 2.19229 2.3231 1.77191 1.76635 1.69049 1.67341 2.14503 2.05641 2.03851 1.56824 1.42744 2.1005 1.37029
threshold=1.5000000000000002 1.5000000000000002 55.750000000000007 5.5000000000000009 6.5000000000000009 10.500000000000002 5.5000000000000009 6.5000000000000009 18.350000000000005 112.50000000000001 3.4500000000000006 2.5500000000000003 55.500000000000007 3.5000000000000004 7.1500000000000012 52.500000000000007 5.5000000000000009 5.5000000000000009 5.5000000000000009 6.5000000000000009 43.050000000000004 11.500000000000002 11.500000000000002 4.5000000000000009 51.500000000000007 5.5000000000000009 5.5000000000000009 11.500000000000002 5.5000000000000009 8.5000000000000018
decision_type=2 2 2 2 2 2 2 2 2 2 2 2 2 2 2 2 2 2 2 2 2 2 2 2 2 2 2 2 2 2
left_child=1 -1 3 4 5 -3 7 -6 -7 -10 11 -5 -13 26 17 19 20 18 29 27 22 -19 23 24 -17 -24 -12 28 -16 -15
right_child=-2 2 -4 10 6 8 -8 -9 9 -11 13 12 -14 14 15 16 -18 21 -20 -21 -22 -23 25 -25 -26 -27 -28 -29 -30 -31
leaf_value=-0.00057714262271090465 8.9374502429814165e-06 0.00097578279565544291 0.0001235901376837023 0.00026830189931737581 -0.0030011036458890885 -0.0025775789596685548 5.1268237014516511e-05 9.6950338350965909e-05 0.0006932245517059692 -0.0032056156666401552 -0.0017679873283275149 -0.0048204079132578145 -0.00061145816608492668 0.0010811015694414466 0.0013874913929799281 0.0028131331780048854 -0.0001702758146331583 -0.0014023880070606653 -0.0014329895581645161 -2.9075503849576704e-05 -0.0044674214199185375 0.0019981518690843905 -0.0021870675098585165 -0.0029417233619913087 -0.003032605655491352 0.0024672091354361989 -0.00035545555855633163 -0.00025782312235135714 0.0073925673113305968 0.0040704929643966764
leaf_weight=3921 492271 2562 14621 263 470 246 2878 467 386 85 1210 219 174 227 109 136 2517 433 138 469 180 189 148 603 90 198 1703 89 101 352
leaf_count=3921 492271 2562 14621 263 470 246 2878 467 386 85 1210 219 174 227 109 136 2517 433 138 469 180 189 148 603 90 198 1703 89 101 352
internal_value=2.48263e-07 -0.000121325 -6.41565e-05 -0.000229103 9.06802e-05 0.000567545 -0.000319186 -0.00145704 -0.000891181 -1.03878e-05 -0.000466697 -0.00166387 -0.0029569 -0.000378376 -0.000103682 -0.00040319 -0.000705606 0.000934195 0.00206481 0.00112149 -0.00170002 -0.000369105 -0.00127607 -0.00200749 0.000485184 0.000476362 -0.000942192 0.00292622 0.00427565 0.00289849
internal_weight=527455 35184 31263 16642 7094 3279 3815 937 717 471 9548 656 393 8892 5979 4640 3872 1339 717 768 1355 622 1175 829 226 346 2913 299 210 579
internal_count=527455 35184 31263 16642 7094 3279 3815 937 717 471 9548 656 393 8892 5979 4640 3872 1339 717 768 1355 622 1175 829 226 346 2913 299 210 579
is_linear=0
shrinkage=0.03


Tree=295
num_leaves=31
num_cat=0
split_feature=3 8 11 1 2 11 6 9 6 0 6 5 2 5 5 2 11 6 5 1 10 3 6 9 9 3 6 9 5 6
split_gain=0.621283 0.740685 3.44282 2.83569 2.80611 2.98273 2.85054 2.75261 2.73774 2.63901 2.95072 2.49316 2.49296 2.12482 2.04456 1.90661 1.89906 1.85574 1.84049 1.81508 1.8856 2.39369 2.01417 1.80368 1.67729 2.4509 2.90081 2.4585 2.12737 1.62188
threshold=1.5500000000000003 1.5000000000000002 27.500000000000004 14.500000000000002 54.250000000000007 42.500000000000007 0.45080645161290328 3.6500000000000008 0.63818181818181829 4.5000000000000009 0.57321428571428579 9.5000000000000018 53.500000000000007 17.500000000000004 7.5000000000000009 55.750000000000007 36.500000000000007 0.57979626485568769 16.500000000000004 5.5000000000000009 1.5000000000000002 6.8500000000000005 0.45080645161290328 2.6500000000000008 3.3500000000000001 7.0500000000000007 0.53033088235294124 2.3500000000000001 10.500000000000002 0.62678571428571439
decision_type=2 2 2 2 2 2 2 2 2 2 2 2 2 2 2 2 2 2 2 2 2 2 2 2 2 2 2 2 2 2
left_child=-1 2 -2 4 5 6 11 12 9 10 19 -4 29 14 16 -12 -14 -9 -10 20 21 -6 -22 -18 25 26 27 -24 -28 -5
right_child=1 -3 3 7 8 -7 -8 17 18 -11 15 -13 13 -15 -16 -17 23 -19 -20 -21 22 -23 24 -25 -26 -27 28 -29 -30 -31
leaf_value=0.00046269057023637481 -0.00056266766959426576 7.5097145248337388e-06 -0.00015965301640433367 -0.00097350011001823527 -0.0041290586671817141 -0.00078145293490317329 0.0014108441590191905 4.6668839067793809e-05 0.00074899532750655 0.00054422440436576369 0.00019915697124180576 -0.005449579685058408 -0.005320290022064 -0.0065815405002129929 -3.8214921466654665e-05 -0.0033698524176619692 -0.00063976382122953122 0.0053156652381836341 0.0036221737810241839 -0.0013173455194634039 -0.00024254340428649015 0.0014279206080703131 0.0021389712015144435 -0.0038213935750422037 -0.00072490661897325599 -0.00015211442650302589 0.0035527581946807915 0.0070834672636347793 -0.0032632455760065243 0.0050125520708388651
leaf_weight=2602 11430 489801 362 83 185 4475 1281 195 6547 4479 189 103 174 84 457 469 435 87 207 918 1406 112 166 254 236 274 80 199 85 80
leaf_count=2602 11430 489801 362 83 185 4475 1281 195 6547 4479 189 103 174 84 457 469 435 87 207 918 1406 112 166 254 236 274 80 199 85 80
internal_value=2.68416e-07 -2.02408e-06 -0.000135245 7.15724e-05 0.000167358 -0.000371132 0.000680521 -0.00105636 0.000382761 3.40122e-05 -0.000495101 -0.0013314 -0.0015474 -0.00195511 -0.0016607 -0.00234471 -0.00251989 0.00167221 0.000837054 -0.000162666 0.00022377 -0.0020335 0.000497854 -0.00181267 0.00149881 0.00215155 0.0033425 0.00483474 4.14835e-05 0.00196444
internal_weight=527455 524853 35052 23622 21773 6221 1746 1849 15552 8798 4319 465 1567 1404 1320 658 863 282 6754 3661 2743 297 2446 689 1040 804 530 365 165 163
internal_count=527455 524853 35052 23622 21773 6221 1746 1849 15552 8798 4319 465 1567 1404 1320 658 863 282 6754 3661 2743 297 2446 689 1040 804 530 365 165 163
is_linear=0
shrinkage=0.03


Tree=296
num_leaves=31
num_cat=0
split_feature=5 7 11 5 4 1 4 9 9 1 9 9 4 6 9 7 7 0 6 4 1 0 11 5 4 4 7 5 9 9
split_gain=0.620428 0.892825 1.40986 1.3636 1.41568 1.19144 1.29098 1.023 0.979361 0.912575 0.898157 2.29005 1.89352 0.85238 1.09911 2.56284 0.731447 1.89355 2.78048 2.55751 1.55827 3.54748 2.10391 2.15323 1.94659 1.8332 1.61812 2.42 2.41839 2.20936
threshold=32.500000000000007 6.5000000000000009 35.500000000000007 46.500000000000007 2.5000000000000004 7.5000000000000009 5.5000000000000009 11.15 4.6500000000000012 2.5000000000000004 13.15 6.1500000000000012 7.5000000000000009 0.24283374283374287 19.250000000000004 3.5000000000000004 12.500000000000002 6.5000000000000009 0.46737588652482276 6.5000000000000009 6.5000000000000009 3.5000000000000004 174.50000000000003 4.5000000000000009 2.5000000000000004 9.5000000000000018 5.5000000000000009 2.5000000000000004 5.8500000000000005 4.0500000000000007
decision_type=2 2 2 2 2 2 2 2 2 2 2 2 2 2 2 2 2 2 2 2 2 2 2 2 2 2 2 2 2 2
left_child=16 2 13 4 8 6 -6 -7 -4 -8 11 -3 -13 14 15 -2 20 18 -18 -20 21 -1 -22 24 26 -23 27 28 -24 -29
right_child=1 10 3 -5 5 7 9 -9 -10 -11 -12 12 -14 -15 -16 -17 17 -19 19 -21 22 25 23 -25 -26 -27 -28 29 -30 -31
leaf_value=1.6909286240170161e-05 -0.0062564881551079449 -0.0023041986522947832 -0.0018951798717729573 0.0014540899995093544 -0.0042214142074508045 0.0021073804540516993 -0.0034576871998791324 -0.00094902146920613259 -0.0064226804608695726 -0.00041350605789813454 -0.00011492542570757186 0.0049824283845526611 0.00057734956602171919 0.00032755293628909221 -0.00024276394480335605 2.2370264806011887e-05 -9.4965431703784818e-05 0.00012601748043061117 -0.0017787744258432516 -0.00026634368224111608 -8.6879976677825786e-06 0.00043198838154135283 -0.0067357168254933058 -0.00011469880746345248 -0.00079196586374229952 -0.0001053969549100028 -0.0065371691926636478 0.0039920783471749264 -0.00014132711449982941 -0.0026286423741839825
leaf_weight=128426 100 123 86 144 186 131 122 398 86 324 5999 152 208 1420 721 141 85620 35913 1712 2441 214358 33310 131 5213 2743 6896 88 86 81 96
leaf_count=128426 100 123 86 144 186 131 122 398 86 324 5999 152 208 1420 721 141 85620 35913 1712 2441 214358 33310 131 5213 2743 6896 88 86 81 96
internal_value=2.77641e-07 -0.000229806 -0.000591083 -0.00131929 -0.00161889 -0.00124258 -0.00212183 -0.000192143 -0.00415893 -0.00124622 -1.47233e-05 0.00122982 0.00243727 -0.000139548 -0.000829031 -0.00258297 4.87875e-06 -5.80867e-05 -0.000131736 -0.000889816 2.50967e-05 9.38986e-05 -2.69787e-05 -0.000491635 -0.00110093 0.000339818 -0.00285919 -0.00203771 -0.00421616 0.00049983
internal_weight=527455 10341 3859 1477 1333 1161 632 529 172 446 6482 483 360 2382 962 241 517114 125686 89773 4153 391428 168632 222796 8438 3225 40206 482 394 212 182
internal_count=527455 10341 3859 1477 1333 1161 632 529 172 446 6482 483 360 2382 962 241 517114 125686 89773 4153 391428 168632 222796 8438 3225 40206 482 394 212 182
is_linear=0
shrinkage=0.03


Tree=297
num_leaves=31
num_cat=0
split_feature=11 3 0 9 10 5 10 9 5 3 8 3 11 8 9 9 9 5 2 2 10 5 1 10 9 9 3 3 3 1
split_gain=0.6118 1.35046 1.39275 2.21003 2.29178 1.80536 0.97789 1.77952 1.67026 1.55302 0.863412 2.15548 0.751408 1.71359 1.77155 2.61442 2.37718 2.18247 1.7025 1.4442 1.42039 1.35417 1.9517 1.74533 1.40914 1.34402 1.22971 1.97631 3.46527 2.6805
threshold=6.5000000000000009 33.050000000000004 6.5000000000000009 11.750000000000002 5.5000000000000009 7.5000000000000009 2.5000000000000004 8.1500000000000004 10.500000000000002 17.950000000000003 5.5000000000000009 21.750000000000004 18.500000000000004 1.5000000000000002 3.6500000000000008 3.4500000000000006 4.0500000000000007 3.5000000000000004 54.250000000000007 54.250000000000007 4.5000000000000009 7.5000000000000009 9.5000000000000018 3.5000000000000004 3.8500000000000001 3.5500000000000003 2.1500000000000008 2.5500000000000003 3.0500000000000003 1.5000000000000002
decision_type=2 2 2 2 2 2 2 2 2 2 2 2 2 2 2 2 2 2 2 2 2 2 2 2 2 2 2 2 2 2
left_child=1 2 6 4 -4 -5 -1 -8 10 -10 -9 -12 13 26 15 17 21 18 -15 -17 25 22 23 -16 -23 -21 -2 -28 -29 -30
right_child=12 -3 3 5 -6 -7 7 8 9 -11 11 -13 -14 14 16 19 -18 -19 -20 20 -22 24 -24 -25 -26 -27 27 28 29 -31
leaf_value=0.0039192751726629775 0.00049877404093162366 -8.8973464169258236e-05 0.00032880885465467558 -0.0011141668939415145 -0.0057644811108270109 0.0043572865445809118 -0.00060541069264164068 0.0033789077132408106 0.0063548742674968449 0.0013842502055746136 -0.0016787172876989718 0.0035782167207111014 1.2858870962471775e-05 -0.0007169789369597078 -0.0066823396181388854 0.0059877832400734013 -5.4176801505347238e-05 -0.00072703965793880334 0.0045775316743180156 0.00082575632587456743 -0.0012813454657142241 0.0013677578619484538 -0.00012345354707986975 -0.0021494477426403022 -0.0020593565914218555 0.006224595429487975 -0.0031380961577468563 0.0020670043306243772 0.0023170487187802792 -0.0012855165338232488
leaf_weight=147 672 2235 122 102 102 116 303 105 132 99 194 110 443797 86 134 115 73539 640 150 83 83 213 173 178 219 83 323 367 200 2633
leaf_count=147 672 2235 122 102 102 116 303 105 132 99 194 110 443797 86 134 115 73539 640 150 83 83 213 173 178 219 83 323 367 200 2633
internal_value=3.5232e-07 0.000381306 0.00106739 -0.000353082 -0.00244581 0.00179725 0.00164339 0.00128861 0.00218532 0.00422461 0.00103354 0.000223463 -2.38796e-06 -8.70846e-05 -5.43765e-05 0.00107023 -7.31058e-05 0.000182265 0.00264818 0.0032072 0.001923 -0.00159112 -0.00267916 -0.00409627 -0.000369599 0.00352518 -0.000677281 -0.000901609 -0.000675864 -0.00103119
internal_weight=527455 3767 1532 442 224 218 1090 943 640 231 409 304 523688 79891 75696 1240 74456 876 236 364 249 917 485 312 432 166 4195 3523 3200 2833
internal_count=527455 3767 1532 442 224 218 1090 943 640 231 409 304 523688 79891 75696 1240 74456 876 236 364 249 917 485 312 432 166 4195 3523 3200 2833
is_linear=0
shrinkage=0.03


Tree=298
num_leaves=31
num_cat=0
split_feature=7 11 5 5 9 5 3 6 0 3 5 6 5 3 0 11 11 3 6 11 6 5 11 9 10 9 9 7 4 5
split_gain=0.605186 1.65345 1.8961 2.00982 1.59525 1.55064 3.38975 1.51517 1.72422 1.73716 1.39614 1.7948 1.38947 1.2087 1.3106 1.67612 1.82671 2.62762 2.43136 3.07014 2.44668 2.28831 2.21239 2.16351 3.25115 1.94728 1.93396 1.73513 2.22547 2.86381
threshold=2.5000000000000004 13.500000000000002 19.500000000000004 42.500000000000007 1.7500000000000002 37.500000000000007 5.7500000000000009 0.4156504065040651 1.5000000000000002 17.650000000000002 12.500000000000002 0.53452380952380962 33.500000000000007 3.8500000000000001 2.5000000000000004 139.50000000000003 21.500000000000004 3.2500000000000004 0.76696832579185525 26.500000000000004 0.69397993311036799 11.500000000000002 14.500000000000002 3.6500000000000008 6.5000000000000009 5.1500000000000012 2.1500000000000008 4.5000000000000009 1.5000000000000002 4.5000000000000009
decision_type=2 2 2 2 2 2 2 2 2 2 2 2 2 2 2 2 2 2 2 2 2 2 2 2 2 2 2 2 2 2
left_child=1 -1 4 5 10 7 -7 8 -4 -10 -3 -12 -9 14 15 16 17 21 19 25 26 22 -2 -24 -25 -18 -21 -28 -29 -30
right_child=13 2 3 -5 -6 6 -8 12 9 -11 11 -13 -14 -15 -16 -17 18 -19 -20 20 -22 -23 23 24 -26 -27 27 28 29 -31
leaf_value=0.00052610731198960673 0.0011189649064003826 0.00040374382466509091 0.0010734675266701359 0.0027314060485850158 -0.00010172938905434407 -0.0080230093306951251 -0.0003621450719476061 -0.00017797361726100278 -0.0018362100101989931 -0.00032347373563684117 -0.00025425833875002959 0.0053704312710501885 0.0036255514762209107 1.4695736576882388e-06 0.00032586787579462191 -0.0012149400742552979 0.0060395747486909389 0.00092859198317157008 0.0026408110939333367 -0.0030296210050626002 -0.0033309309747225294 -0.0055217178278094666 -0.0054065393902058244 0.0015479771446902304 -0.0052329146996140472 0.00073011843465961687 0.0013240835714284566 -0.001772123575319019 -0.0022056346176161376 0.0036754135394495308
leaf_weight=3847 238 3353 314 156 60372 82 142 2186 1814 1096 90 118 90 428668 19954 1159 120 463 411 162 207 132 149 175 100 129 887 526 121 194
leaf_count=3847 238 3353 314 156 60372 82 142 2186 1814 1096 90 118 90 428668 19954 1159 120 463 411 162 207 132 149 175 100 129 887 526 121 194
internal_value=3.76732e-07 -7.93836e-05 -0.000112749 -0.000628283 -6.53344e-05 -0.000719847 -0.00316657 -0.000620199 -0.00103857 -0.00126646 0.000551694 0.00293667 -2.75706e-05 1.33234e-05 0.000215551 -0.000209979 8.01931e-05 -0.000867609 0.000512325 0.000139432 -0.000234539 -0.00191502 -0.00119586 -0.00249521 -0.000917802 0.00328889 0.00010459 0.000398422 -0.00057787 0.00141634
internal_weight=527455 73660 69813 5880 63933 5724 224 5500 3224 2910 3561 208 2276 453795 25127 5173 4014 1257 2757 2346 2097 794 662 424 275 249 1890 1728 841 315
internal_count=527455 73660 69813 5880 63933 5724 224 5500 3224 2910 3561 208 2276 453795 25127 5173 4014 1257 2757 2346 2097 794 662 424 275 249 1890 1728 841 315
is_linear=0
shrinkage=0.03


Tree=299
num_leaves=31
num_cat=0
split_feature=10 9 7 3 5 11 5 3 1 11 5 9 3 10 3 3 3 6 3 11 9 3 11 6 11 7 3 9 5 11
split_gain=0.601753 1.13888 1.11152 1.88196 2.32054 1.55389 1.70027 1.47676 1.76751 2.18828 2.05794 2.33602 1.88288 2.85645 2.1155 1.39611 1.88509 1.3758 1.49079 1.46838 1.3555 1.32162 1.24826 1.11697 1.10197 1.86542 1.55321 2.18262 2.59262 2.70904
threshold=11.500000000000002 37.050000000000004 13.500000000000002 25.350000000000005 20.500000000000004 42.500000000000007 2.5000000000000004 10.050000000000002 1.5000000000000002 77.500000000000014 5.5000000000000009 25.250000000000004 6.6500000000000012 2.5000000000000004 8.6500000000000004 7.8500000000000005 12.350000000000003 0.29198717948717956 7.0500000000000007 117.50000000000001 52.750000000000007 13.15 112.50000000000001 0.55718954248366026 140.50000000000003 3.5000000000000004 3.7500000000000004 3.2500000000000004 3.5000000000000004 174.50000000000003
decision_type=2 2 2 2 2 2 2 2 2 2 2 2 2 2 2 2 2 2 2 2 2 2 2 2 2 2 2 2 2 2
left_child=2 -2 24 4 5 23 21 8 -8 12 11 -11 13 -10 -14 -6 -17 -12 19 -19 -18 -7 -20 -4 -1 -26 27 -27 -29 -30
right_child=1 -3 3 -5 15 6 7 -9 9 10 17 -13 14 -15 -16 16 20 18 22 -21 -22 -23 -24 -25 25 26 -28 28 29 -31
leaf_value=5.3480726105702721e-05 -0.00016224562103696994 3.2421951588322222e-06 -0.0011905374461680315 -1.7934294745328884e-05 -0.0020808094996830513 -0.0040890423094970176 0.0042533970150713607 -0.00071126413048550291 0.0003524416460740295 -0.0010137898498214781 0.0038717254168457449 -0.0072794128909008573 -0.0024427068659237453 0.0065702269852783443 0.0032134021639823912 0.0058562211163582338 -0.00040557013896222298 0.00023215378135442734 -0.00080456062458282281 -0.0045556673797491551 0.0038026665758739394 -0.0005826334219712477 0.0043528066234416272 -0.0033026247534972543 -0.00068115202286005898 0.0048344271710450701 -6.5275861408637808e-05 -0.0039993976056575771 -0.0015437849278658114 0.0045702816065925876
leaf_weight=297407 51960 133815 1691 19059 87 192 107 2169 132 162 81 80 147 134 100 93 208 125 86 107 103 195 83 260 4979 139 13399 90 116 149
leaf_count=297407 51960 133815 1691 19059 87 192 107 2169 132 162 81 80 147 134 100 93 208 125 86 107 103 195 83 260 4979 139 13399 90 116 149
internal_value=4.12786e-07 -4.30436e-05 2.40405e-05 -0.000166892 -0.000614542 -0.000780779 -0.000434989 -0.000227084 0.000554304 0.000234334 -0.000827795 -0.00308507 0.00173332 0.00348471 -0.000152784 0.00136642 0.00210877 0.000305526 -0.000414829 -0.00197602 0.000988155 -0.00232225 0.00172835 -0.001472 3.93747e-05 -0.000182925 -4.36902e-06 0.00164764 0.000399851 0.00189394
internal_weight=527455 185775 341680 25401 6342 5851 3900 3513 1344 1237 724 242 513 266 247 491 404 482 401 232 311 387 169 1951 316279 18872 13893 494 355 265
internal_count=527455 185775 341680 25401 6342 5851 3900 3513 1344 1237 724 242 513 266 247 491 404 482 401 232 311 387 169 1951 316279 18872 13893 494 355 265
is_linear=0
shrinkage=0.03


Tree=300
num_leaves=31
num_cat=0
split_feature=2 9 3 9 10 9 4 9 9 7 9 11 11 3 9 10 9 9 3 3 11 5 9 3 4 10 5 0 9 1
split_gain=0.611441 2.95634 1.30357 2.71722 3.7833 1.05088 0.966612 0.80688 2.21919 1.52912 3.52056 1.23891 1.07384 1.10677 0.885998 1.17875 2.85943 1.2128 5.32717 3.08439 1.95672 1.82026 1.59384 1.65847 1.34437 0.969591 0.806306 0.790009 0.757108 1.27798
threshold=51.750000000000007 2.3500000000000001 3.1500000000000008 5.1500000000000012 5.5000000000000009 3.6500000000000008 2.5000000000000004 10.550000000000002 13.350000000000003 3.5000000000000004 11.750000000000002 140.50000000000003 41.500000000000007 16.150000000000002 9.9500000000000011 1.5000000000000002 6.5500000000000007 6.1500000000000012 5.2500000000000009 5.0500000000000007 42.500000000000007 10.500000000000002 7.1500000000000012 8.2500000000000018 4.5000000000000009 3.5000000000000004 4.5000000000000009 6.5000000000000009 4.7500000000000009 5.5000000000000009
decision_type=2 2 2 2 2 2 2 2 2 2 2 2 2 2 2 2 2 2 2 2 2 2 2 2 2 2 2 2 2 2
left_child=1 6 3 5 -5 -3 -1 11 9 10 -9 14 13 -11 15 16 -4 19 -19 20 25 28 24 -24 -20 -17 -14 -25 -21 -30
right_child=-2 2 7 4 -6 -7 -8 8 -10 12 -12 -13 26 -15 -16 17 -18 18 22 21 -22 -23 23 27 -26 -27 -28 -29 29 -31
leaf_value=-0.0058538526927179755 6.64497992722853e-06 0.0010194995525602472 -0.0049970908491904359 0.0074938747781113941 -0.00041082755025640571 -0.0035579718233811732 -0.0015722725544632834 -0.00039220879459753632 -0.00015983523975023149 -0.0028527612363298733 0.0083513297814182767 -0.0041257813532526296 0.00047908676981127683 0.0012353325308181514 -0.003019694395522337 -0.00040724928528070449 0.0019588358763472312 -0.0067017522809051334 -0.0049850459694862365 -0.001813983220110376 0.0071641753504915933 0.0033392377636011911 0.0040502811889899402 -0.00083663778504929856 -0.00045521776812771958 0.0039370815577202062 0.0041969341598451131 0.0018893675232032798 -0.0022853336683591875 0.0016675029240109489
leaf_weight=103 508735 95 145 117 102 86 88 80 15039 108 86 90 105 133 123 100 84 126 90 398 82 102 114 312 171 86 105 138 119 193
leaf_count=103 508735 95 145 117 102 86 88 80 15039 108 86 90 105 133 123 100 84 126 90 398 82 102 114 312 171 86 105 138 119 193
internal_value=4.4896e-07 -0.000167934 -0.000129657 0.00156436 0.00381223 -0.00115543 -0.00388119 -0.000167034 -8.74899e-05 0.00167588 0.00413758 -0.000670613 0.000769808 -0.000596676 -0.00054012 -0.000405169 -0.00244557 -0.000175109 -0.000956344 0.000512812 0.00330346 -0.000408239 -7.88637e-05 0.000818145 -0.00201723 0.00160142 0.00233801 -6.62824e-07 -0.000946608 0.000159851
internal_weight=527455 18720 18529 400 219 181 191 18129 15656 617 166 2473 451 241 2383 2260 229 2031 951 1080 268 812 825 564 261 186 210 450 710 312
internal_count=527455 18720 18529 400 219 181 191 18129 15656 617 166 2473 451 241 2383 2260 229 2031 951 1080 268 812 825 564 261 186 210 450 710 312
is_linear=0
shrinkage=0.03


Tree=301
num_leaves=31
num_cat=0
split_feature=1 10 4 8 11 3 4 6 4 8 11 0 1 3 7 6 11 8 11 1 0 3 4 11 6 3 7 11 10 2
split_gain=0.595755 0.808598 1.40749 0.846363 0.742749 1.86229 1.04963 1.18624 2.38678 0.850058 0.83535 0.695636 3.43673 2.85305 2.08764 3.52183 2.04085 1.96173 1.69148 1.63379 3.02102 2.98177 1.90655 1.77627 1.87674 3.9241 1.62038 3.38198 2.94279 1.97826
threshold=16.500000000000004 2.5000000000000004 2.5000000000000004 1.5000000000000002 34.500000000000007 5.1500000000000012 3.5000000000000004 0.36055555555555557 6.5000000000000009 6.5000000000000009 50.500000000000007 5.5000000000000009 8.5000000000000018 19.150000000000002 3.5000000000000004 0.35653753026634388 8.5000000000000018 1.5000000000000002 56.500000000000007 6.5000000000000009 3.5000000000000004 48.550000000000004 7.5000000000000009 7.5000000000000009 0.31866537717601556 10.250000000000002 4.5000000000000009 82.500000000000014 2.5000000000000004 53.500000000000007
decision_type=2 2 2 2 2 2 2 2 2 2 2 2 2 2 2 2 2 2 2 2 2 2 2 2 2 2 2 2 2 2
left_child=11 2 3 -2 -3 9 -7 -8 -9 -6 -10 19 13 14 15 17 -17 -13 -19 20 -1 23 26 24 25 -22 27 29 -29 -21
right_child=1 4 -4 -5 5 6 7 8 10 -11 -12 12 -14 -15 -16 16 -18 18 -20 22 21 -23 -24 -25 -26 -27 -28 28 -30 -31
leaf_value=-3.7677968839686e-05 -0.0014088153507133636 -0.00061200682679186968 -0.00048832368670301913 -0.0054790851271691475 0.0012103279720946784 -0.0022825034666847399 -0.00019229379458318005 0.0046504051140670117 0.0023926063342546316 0.0050405186628922818 -0.0010116918164421805 -0.0050581391817437499 -3.9224183888865878e-06 2.030581750750051e-05 0.00086990818116072831 0.0050427427375165932 0.00046204834187609016 -0.0012953855025116354 0.001719844176920808 -0.00087995552144090237 0.0077617011408684621 -0.00015029792580511321 -8.3153208479668243e-06 0.00036115658698281788 -0.00028918345584095595 0.001336321313041966 -0.00047113291561585676 -0.0024369148286230774 -0.00032179547541896661 0.00019199095574498186
leaf_weight=173856 90 2046 599 94 124 182 2497 145 92 90 220 107 183967 14000 10206 89 5324 1085 198 1738 118 12678 48428 31307 223 311 20815 938 1605 14283
leaf_count=173856 90 2046 599 94 124 182 2497 145 92 90 220 107 183967 14000 10206 89 5324 1085 198 1738 118 12678 48428 31307 223 311 20815 938 1605 14283
internal_value=4.85264e-07 -0.000292359 -0.00119327 -0.00348819 -0.00016163 0.000113436 -7.13383e-05 6.48946e-05 0.00147015 0.00282116 -7.86031e-06 3.95653e-06 4.53238e-05 0.000337487 0.000598556 0.000191469 0.000537364 -0.00115553 -0.000830058 -2.5077e-05 1.88459e-05 0.000239 -0.000134372 0.000393433 0.00194323 0.00310368 -0.000289395 -8.56208e-05 -0.00110197 7.57034e-05
internal_weight=527455 6179 783 184 5396 3350 3136 2954 457 214 312 521276 214976 31009 17009 6803 5413 1390 1283 306300 218493 44637 87807 31959 652 429 39379 18564 2543 16021
internal_count=527455 6179 783 184 5396 3350 3136 2954 457 214 312 521276 214976 31009 17009 6803 5413 1390 1283 306300 218493 44637 87807 31959 652 429 39379 18564 2543 16021
is_linear=0
shrinkage=0.03


end of trees

feature_importances:
odds=1775
prev1_odds=1077
days_since_prev=1041
popularity=804
career_top3_rate=665
prev2_order=658
umaban=657
prev1_order=583
career_races=555
kinryo=480
wakuban=466
prev1_pop=299

parameters:
[boosting: gbdt]
[objective: huber]
[metric: l1]
[tree_learner: serial]
[device_type: cpu]
[data_sample_strategy: bagging]
[data: ]
[valid: ]
[num_iterations: 1000]
[learning_rate: 0.03]
[num_leaves: 31]
[num_threads: 0]
[seed: 42]
[deterministic: 0]
[force_col_wise: 0]
[force_row_wise: 0]
[histogram_pool_size: -1]
[max_depth: -1]
[min_data_in_leaf: 80]
[min_sum_hessian_in_leaf: 0.001]
[bagging_fraction: 0.8]
[pos_bagging_fraction: 1]
[neg_bagging_fraction: 1]
[bagging_freq: 0]
[bagging_seed: 400]
[bagging_by_query: 0]
[feature_fraction: 0.8]
[feature_fraction_bynode: 1]
[feature_fraction_seed: 30056]
[extra_trees: 0]
[extra_seed: 12879]
[early_stopping_round: 0]
[early_stopping_min_delta: 0]
[first_metric_only: 0]
[max_delta_step: 0]
[lambda_l1: 0]
[lambda_l2: 0]
[linear_lambda: 0]
[min_gain_to_split: 0]
[drop_rate: 0.1]
[max_drop: 50]
[skip_drop: 0.5]
[xgboost_dart_mode: 0]
[uniform_drop: 0]
[drop_seed: 17869]
[top_rate: 0.2]
[other_rate: 0.1]
[min_data_per_group: 100]
[max_cat_threshold: 32]
[cat_l2: 10]
[cat_smooth: 10]
[max_cat_to_onehot: 4]
[top_k: 20]
[monotone_constraints: ]
[monotone_constraints_method: basic]
[monotone_penalty: 0]
[feature_contri: ]
[forcedsplits_filename: ]
[refit_decay_rate: 0.9]
[cegb_tradeoff: 1]
[cegb_penalty_split: 0]
[cegb_penalty_feature_lazy: ]
[cegb_penalty_feature_coupled: ]
[path_smooth: 0]
[interaction_constraints: ]
[verbosity: -1]
[saved_feature_importance_type: 0]
[use_quantized_grad: 0]
[num_grad_quant_bins: 4]
[quant_train_renew_leaf: 0]
[stochastic_rounding: 1]
[linear_tree: 0]
[max_bin: 255]
[max_bin_by_feature: ]
[min_data_in_bin: 3]
[bin_construct_sample_cnt: 200000]
[data_random_seed: 175]
[is_enable_sparse: 1]
[enable_bundle: 1]
[use_missing: 1]
[zero_as_missing: 0]
[feature_pre_filter: 1]
[pre_partition: 0]
[two_round: 0]
[header: 0]
[label_column: ]
[weight_column: ]
[group_column: ]
[ignore_column: ]
[categorical_feature: ]
[forcedbins_filename: ]
[precise_float_parser: 0]
[parser_config_file: ]
[objective_seed: 16083]
[num_class: 1]
[is_unbalance: 0]
[scale_pos_weight: 1]
[sigmoid: 1]
[boost_from_average: 1]
[reg_sqrt: 0]
[alpha: 0.9]
[fair_c: 1]
[poisson_max_delta_step: 0.7]
[tweedie_variance_power: 1.5]
[lambdarank_truncation_level: 30]
[lambdarank_norm: 1]
[label_gain: ]
[lambdarank_position_bias_regularization: 0]
[eval_at: ]
[multi_error_top_k: 1]
[auc_mu_weights: ]
[num_machines: 1]
[local_listen_port: 12400]
[time_out: 120]
[machine_list_filename: ]
[machines: ]
[gpu_platform_id: -1]
[gpu_device_id: -1]
[gpu_use_dp: 0]
[num_gpu: 1]

end of parameters

pandas_categorical:[]
